#
# There is insufficient memory for the Java Runtime Environment to continue.
# Native memory allocation (mmap) failed to map 65536 bytes. Error detail: Failed to commit metaspace.
# Possible reasons:
#   The system is out of physical RAM or swap space
#   This process is running with CompressedOops enabled, and the Java Heap may be blocking the growth of the native heap
# Possible solutions:
#   Reduce memory load on the system
#   Increase physical memory or swap space
#   Check if swap backing store is full
#   Decrease Java heap size (-Xmx/-Xms)
#   Decrease number of Java threads
#   Decrease Java thread stack sizes (-Xss)
#   Set larger code cache with -XX:ReservedCodeCacheSize=
#   JVM is running with Unscaled Compressed Oops mode in which the Java heap is
#     placed in the first 4GB address space. The Java Heap base address is the
#     maximum limit for the native heap growth. Please use -XX:HeapBaseMinAddress
#     to set the Java Heap base and to place the Java Heap above 4GB virtual address.
# This output file may be truncated or incomplete.
#
#  Out of Memory Error (virtualSpaceNode.cpp:113), pid=3148, tid=10864
#
# JRE version: OpenJDK Runtime Environment Temurin-21.0.7+6 (21.0.7+6) (build 21.0.7+6-LTS)
# Java VM: OpenJDK 64-Bit Server VM Temurin-21.0.7+6 (21.0.7+6-LTS, mixed mode, sharing, tiered, compressed oops, compressed class ptrs, g1 gc, windows-amd64)
# No core dump will be written. Minidumps are not enabled by default on client versions of Windows
#

---------------  S U M M A R Y ------------

Command Line: -Dfile.encoding=UTF-8 -Dstdout.encoding=UTF-8 -Dstderr.encoding=UTF-8 -XX:+ShowCodeDetailsInExceptionMessages com.ecommerce.inventoryservice.InventoryServiceApplication

Host: Intel(R) Core(TM) i3-6006U CPU @ 2.00GHz, 4 cores, 7G,  Windows 10 , 64 bit Build 19041 (10.0.19041.5915)
Time: Fri Nov 14 19:21:04 2025 India Standard Time elapsed time: 80.946589 seconds (0d 0h 1m 20s)

---------------  T H R E A D  ---------------

Current thread (0x00000233979f6020):  JavaThread "main"             [_thread_in_vm, id=10864, stack(0x000000cc04200000,0x000000cc04300000) (1024K)]

Stack: [0x000000cc04200000,0x000000cc04300000]
Native frames: (J=compiled Java code, j=interpreted, Vv=VM code, C=native code)
V  [jvm.dll+0x6ce119]
V  [jvm.dll+0x8a84a1]
V  [jvm.dll+0x8aa9ce]
V  [jvm.dll+0x8ab0b3]
V  [jvm.dll+0x27f8a6]
V  [jvm.dll+0x8a41ee]
V  [jvm.dll+0x670575]
V  [jvm.dll+0x1e474c]
V  [jvm.dll+0x1e451e]
V  [jvm.dll+0x672e72]
V  [jvm.dll+0x672c92]
V  [jvm.dll+0x670f4e]
V  [jvm.dll+0x2695bf]
V  [jvm.dll+0x67b1b5]
V  [jvm.dll+0x21563d]
V  [jvm.dll+0x215bba]
V  [jvm.dll+0x2165e5]
V  [jvm.dll+0x20bbae]
V  [jvm.dll+0x5ae58c]
V  [jvm.dll+0x821706]
V  [jvm.dll+0x4718d6]
V  [jvm.dll+0x4777a8]
C  [java.dll+0x17ec]

Java frames: (J=compiled Java code, j=interpreted, Vv=VM code)
J 632  java.lang.ClassLoader.defineClass1(Ljava/lang/ClassLoader;Ljava/lang/String;[BIILjava/security/ProtectionDomain;Ljava/lang/String;)Ljava/lang/Class; java.base@21.0.7 (0 bytes) @ 0x00000233a50ddb91 [0x00000233a50ddac0+0x00000000000000d1]
J 5349 c2 jdk.internal.loader.BuiltinClassLoader.defineClass(Ljava/lang/String;Ljdk/internal/loader/Resource;)Ljava/lang/Class; java.base@21.0.7 (121 bytes) @ 0x00000233a548874c [0x00000233a54866e0+0x000000000000206c]
J 5386 c2 java.lang.ClassLoader.loadClass(Ljava/lang/String;)Ljava/lang/Class; java.base@21.0.7 (7 bytes) @ 0x00000233a54aaee8 [0x00000233a54a9de0+0x0000000000001108]
v  ~StubRoutines::call_stub 0x00000233a4b0100d
j  org.hibernate.bytecode.internal.bytebuddy.BytecodeProviderImpl.lambda$getReflectionOptimizer$2(Ljava/lang/reflect/Constructor;Lnet/bytebuddy/ByteBuddy;Lnet/bytebuddy/NamingStrategy;)Lnet/bytebuddy/dynamic/DynamicType$Builder;+19
j  org.hibernate.bytecode.internal.bytebuddy.BytecodeProviderImpl$$Lambda+0x00000233b38525e8.apply(Ljava/lang/Object;Ljava/lang/Object;)Ljava/lang/Object;+12
j  org.hibernate.bytecode.internal.bytebuddy.ByteBuddyState.load(Ljava/lang/Class;Ljava/lang/String;Ljava/util/function/BiFunction;)Ljava/lang/Class;+44
j  org.hibernate.bytecode.internal.bytebuddy.BytecodeProviderImpl.getReflectionOptimizer(Ljava/lang/Class;Ljava/util/Map;)Lorg/hibernate/bytecode/spi/ReflectionOptimizer;+69
j  org.hibernate.metamodel.internal.EntityRepresentationStrategyPojoStandard.resolveReflectionOptimizer(Lorg/hibernate/bytecode/spi/BytecodeProvider;)Lorg/hibernate/bytecode/spi/ReflectionOptimizer;+14
j  org.hibernate.metamodel.internal.EntityRepresentationStrategyPojoStandard.<init>(Lorg/hibernate/mapping/PersistentClass;Lorg/hibernate/persister/entity/EntityPersister;Lorg/hibernate/metamodel/spi/RuntimeModelCreationContext;)V+297
j  org.hibernate.metamodel.internal.ManagedTypeRepresentationResolverStandard.resolveStrategy(Lorg/hibernate/mapping/PersistentClass;Lorg/hibernate/persister/entity/EntityPersister;Lorg/hibernate/metamodel/spi/RuntimeModelCreationContext;)Lorg/hibernate/metamodel/spi/EntityRepresentationStrategy;+53
j  org.hibernate.persister.entity.AbstractEntityPersister.<init>(Lorg/hibernate/mapping/PersistentClass;Lorg/hibernate/cache/spi/access/EntityDataAccess;Lorg/hibernate/cache/spi/access/NaturalIdDataAccess;Lorg/hibernate/metamodel/spi/RuntimeModelCreationContext;)V+281
j  org.hibernate.persister.entity.SingleTableEntityPersister.<init>(Lorg/hibernate/mapping/PersistentClass;Lorg/hibernate/cache/spi/access/EntityDataAccess;Lorg/hibernate/cache/spi/access/NaturalIdDataAccess;Lorg/hibernate/metamodel/spi/RuntimeModelCreationContext;)V+6
J 5017 c1 java.lang.invoke.LambdaForm$DMH+0x00000233b30dc400.newInvokeSpecial(Ljava/lang/Object;Ljava/lang/Object;Ljava/lang/Object;Ljava/lang/Object;Ljava/lang/Object;)Ljava/lang/Object; java.base@21.0.7 (30 bytes) @ 0x000002339d82346c [0x000002339d823360+0x000000000000010c]
j  java.lang.invoke.LambdaForm$MH+0x00000233b37f1000.invoke(Ljava/lang/Object;Ljava/lang/Object;)Ljava/lang/Object;+122 java.base@21.0.7
J 2592 c1 jdk.internal.reflect.DirectConstructorHandleAccessor.newInstance([Ljava/lang/Object;)Ljava/lang/Object; java.base@21.0.7 (130 bytes) @ 0x000002339da94fe4 [0x000002339da94940+0x00000000000006a4]
J 2591 c1 java.lang.reflect.Constructor.newInstanceWithCaller([Ljava/lang/Object;ZLjava/lang/Class;)Ljava/lang/Object; java.base@21.0.7 (51 bytes) @ 0x000002339da9414c [0x000002339da93f60+0x00000000000001ec]
J 2594 c1 java.lang.reflect.Constructor.newInstance([Ljava/lang/Object;)Ljava/lang/Object; java.base@21.0.7 (34 bytes) @ 0x000002339da9c3c4 [0x000002339da9c260+0x0000000000000164]
j  org.hibernate.persister.internal.PersisterFactoryImpl.createEntityPersister(Ljava/lang/Class;Lorg/hibernate/mapping/PersistentClass;Lorg/hibernate/cache/spi/access/EntityDataAccess;Lorg/hibernate/cache/spi/access/NaturalIdDataAccess;Lorg/hibernate/metamodel/spi/RuntimeModelCreationContext;)Lorg/hibernate/persister/entity/EntityPersister;+31
j  org.hibernate.persister.internal.PersisterFactoryImpl.createEntityPersister(Lorg/hibernate/mapping/PersistentClass;Lorg/hibernate/cache/spi/access/EntityDataAccess;Lorg/hibernate/cache/spi/access/NaturalIdDataAccess;Lorg/hibernate/metamodel/spi/RuntimeModelCreationContext;)Lorg/hibernate/persister/entity/EntityPersister;+31
j  org.hibernate.metamodel.model.domain.internal.MappingMetamodelImpl.processBootEntities(Ljava/util/Collection;Lorg/hibernate/cache/spi/CacheImplementor;Lorg/hibernate/persister/spi/PersisterFactory;Lorg/hibernate/metamodel/spi/RuntimeModelCreationContext;)V+76
j  org.hibernate.metamodel.model.domain.internal.MappingMetamodelImpl.finishInitialization(Lorg/hibernate/metamodel/spi/RuntimeModelCreationContext;)V+90
j  org.hibernate.internal.SessionFactoryImpl.initializeMappingModel(Lorg/hibernate/metamodel/model/domain/internal/MappingMetamodelImpl;Lorg/hibernate/boot/spi/BootstrapContext;Lorg/hibernate/boot/spi/MetadataImplementor;Lorg/hibernate/boot/spi/SessionFactoryOptions;)V+18
j  org.hibernate.internal.SessionFactoryImpl.<init>(Lorg/hibernate/boot/spi/MetadataImplementor;Lorg/hibernate/boot/spi/SessionFactoryOptions;Lorg/hibernate/boot/spi/BootstrapContext;)V+599
j  org.hibernate.boot.internal.SessionFactoryBuilderImpl.build()Lorg/hibernate/SessionFactory;+16
j  org.hibernate.jpa.boot.internal.EntityManagerFactoryBuilderImpl.build()Ljakarta/persistence/EntityManagerFactory;+22
j  org.springframework.orm.jpa.vendor.SpringHibernateJpaPersistenceProvider.createContainerEntityManagerFactory(Ljakarta/persistence/spi/PersistenceUnitInfo;Ljava/util/Map;)Ljakarta/persistence/EntityManagerFactory;+59
j  org.springframework.orm.jpa.LocalContainerEntityManagerFactoryBean.createNativeEntityManagerFactory()Ljakarta/persistence/EntityManagerFactory;+111
j  org.springframework.orm.jpa.AbstractEntityManagerFactoryBean.buildNativeEntityManagerFactory()Ljakarta/persistence/EntityManagerFactory;+1
j  org.springframework.orm.jpa.AbstractEntityManagerFactoryBean.afterPropertiesSet()V+192
j  org.springframework.orm.jpa.LocalContainerEntityManagerFactoryBean.afterPropertiesSet()V+81
j  org.springframework.beans.factory.support.AbstractAutowireCapableBeanFactory.invokeInitMethods(Ljava/lang/String;Ljava/lang/Object;Lorg/springframework/beans/factory/support/RootBeanDefinition;)V+56
j  org.springframework.beans.factory.support.AbstractAutowireCapableBeanFactory.initializeBean(Ljava/lang/String;Ljava/lang/Object;Lorg/springframework/beans/factory/support/RootBeanDefinition;)Ljava/lang/Object;+34
j  org.springframework.beans.factory.support.AbstractAutowireCapableBeanFactory.doCreateBean(Ljava/lang/String;Lorg/springframework/beans/factory/support/RootBeanDefinition;[Ljava/lang/Object;)Ljava/lang/Object;+228
j  org.springframework.beans.factory.support.AbstractAutowireCapableBeanFactory.createBean(Ljava/lang/String;Lorg/springframework/beans/factory/support/RootBeanDefinition;[Ljava/lang/Object;)Ljava/lang/Object;+153
j  org.springframework.beans.factory.support.AbstractBeanFactory.lambda$doGetBean$0(Ljava/lang/String;Lorg/springframework/beans/factory/support/RootBeanDefinition;[Ljava/lang/Object;)Ljava/lang/Object;+4
j  org.springframework.beans.factory.support.AbstractBeanFactory$$Lambda+0x00000233b32ca858.getObject()Ljava/lang/Object;+16
j  org.springframework.beans.factory.support.DefaultSingletonBeanRegistry.getSingleton(Ljava/lang/String;Lorg/springframework/beans/factory/ObjectFactory;)Ljava/lang/Object;+897
J 3579 c1 org.springframework.beans.factory.support.AbstractBeanFactory.doGetBean(Ljava/lang/String;Ljava/lang/Class;[Ljava/lang/Object;Z)Ljava/lang/Object; (787 bytes) @ 0x000002339dcea20c [0x000002339dce8500+0x0000000000001d0c]
J 3307 c1 org.springframework.beans.factory.support.AbstractBeanFactory.getBean(Ljava/lang/String;Ljava/lang/Class;)Ljava/lang/Object; (9 bytes) @ 0x000002339dc1f64c [0x000002339dc1f540+0x000000000000010c]
j  org.springframework.context.support.AbstractApplicationContext.finishBeanFactoryInitialization(Lorg/springframework/beans/factory/config/ConfigurableListableBeanFactory;)V+220
j  org.springframework.context.support.AbstractApplicationContext.refresh()V+94
j  org.springframework.boot.web.servlet.context.ServletWebServerApplicationContext.refresh()V+1
j  org.springframework.boot.SpringApplication.refresh(Lorg/springframework/context/ConfigurableApplicationContext;)V+1
j  org.springframework.boot.SpringApplication.refreshContext(Lorg/springframework/context/ConfigurableApplicationContext;)V+19
j  org.springframework.boot.SpringApplication.run([Ljava/lang/String;)Lorg/springframework/context/ConfigurableApplicationContext;+113
j  org.springframework.boot.SpringApplication.run([Ljava/lang/Class;[Ljava/lang/String;)Lorg/springframework/context/ConfigurableApplicationContext;+9
j  org.springframework.boot.SpringApplication.run(Ljava/lang/Class;[Ljava/lang/String;)Lorg/springframework/context/ConfigurableApplicationContext;+9
j  com.ecommerce.inventoryservice.InventoryServiceApplication.main([Ljava/lang/String;)V+3
v  ~StubRoutines::call_stub 0x00000233a4b0100d

Compiled method (n/a) 81908  632     n 0       java.lang.ClassLoader::defineClass1 (native)
 total in heap  [0x00000233a50dd910,0x00000233a50ddf70] = 1632
 relocation     [0x00000233a50dda70,0x00000233a50ddaa8] = 56
 main code      [0x00000233a50ddac0,0x00000233a50ddf6f] = 1199
 stub code      [0x00000233a50ddf6f,0x00000233a50ddf70] = 1

[Constant Pool (empty)]

[MachCode]
[Entry Point]
  # {method} {0x00000233b2431000} 'defineClass1' '(Ljava/lang/ClassLoader;Ljava/lang/String;[BIILjava/security/ProtectionDomain;Ljava/lang/String;)Ljava/lang/Class;' in 'java/lang/ClassLoader'
  # parm0:    rdx:rdx   = 'java/lang/ClassLoader'
  # parm1:    r8:r8     = 'java/lang/String'
  # parm2:    r9:r9     = '[B'
  # parm3:    rdi       = int
  # parm4:    rsi       = int
  # parm5:    rcx:rcx   = 'java/security/ProtectionDomain'
  # parm6:    [sp+0xa0]   = 'java/lang/String'  (sp of caller)
  0x00000233a50ddac0: 448b 5208 | 49bb 0000 | 00b2 3302 | 0000 4d03 | d349 3bc2 | 0f84 0600 

  0x00000233a50ddad8: ;   {runtime_call ic_miss_stub}
  0x00000233a50ddad8: 0000 e9a1 | 0ca7 ff90 
[Verified Entry Point]
  0x00000233a50ddae0: 8984 2400 | 80ff ff55 | 488b ec48 | 81ec 9000 | 0000 6690 | 4181 7f20 | 0700 0000 

  0x00000233a50ddafc: ;   {runtime_call StubRoutines (final stubs)}
  0x00000233a50ddafc: 7405 e85d | 72a5 ff48 | 837d 1000 | 488d 4510 | 480f 4445 | 1048 8944 | 2440 4889 | 4c24 7048 
  0x00000233a50ddb1c: 83f9 0048 | 8d44 2470 | 480f 4444 | 2470 4889 | 4424 3848 | 8974 2430 | 4889 7c24 | 284c 894c 
  0x00000233a50ddb3c: 2458 4983 | f900 488d | 4424 5848 | 0f44 4424 | 5848 8944 | 2420 4c89 | 4424 5049 | 83f8 004c 
  0x00000233a50ddb5c: 8d4c 2450 | 4c0f 444c | 2450 4889 | 5424 4848 | 83fa 004c | 8d44 2448 | 4c0f 4444 

  0x00000233a50ddb78: ;   {oop(a 'java/lang/Class'{0x0000000081839858} = 'java/lang/ClassLoader')}
  0x00000233a50ddb78: 2448 49be | 5898 8381 | 0000 0000 | 4c89 7424 | 784c 8d74 | 2478 498b | d6c5 f877 

  0x00000233a50ddb94: ;   {internal_word}
  0x00000233a50ddb94: 49ba 91db | 0da5 3302 | 0000 4d89 | 97a0 0300 | 0049 89a7 | 9803 0000 

  0x00000233a50ddbac: ;   {external_word}
  0x00000233a50ddbac: 49ba 3d5b | 4b6d fe7f | 0000 4180 | 3a00 0f84 | 4e00 0000 | 5241 5041 

  0x00000233a50ddbc4: ;   {metadata({method} {0x00000233b2431000} 'defineClass1' '(Ljava/lang/ClassLoader;Ljava/lang/String;[BIILjava/security/ProtectionDomain;Ljava/lang/String;)Ljava/lang/Class;' in 'java/lang/ClassLoader')}
  0x00000233a50ddbc4: 5148 baf8 | 0f43 b233 | 0200 0049 | 8bcf 4883 | ec20 40f6 | c40f 0f84 | 1900 0000 | 4883 ec08 
  0x00000233a50ddbe4: ;   {runtime_call}
  0x00000233a50ddbe4: 48b8 504b | f56c fe7f | 0000 ffd0 | 4883 c408 | e90c 0000 

  0x00000233a50ddbf8: ;   {runtime_call}
  0x00000233a50ddbf8: 0048 b850 | 4bf5 6cfe | 7f00 00ff | d048 83c4 | 2041 5941 | 585a 498d | 8fb8 0300 | 0041 c787 
  0x00000233a50ddc18: 4404 0000 | 0400 0000 

  0x00000233a50ddc20: ;   {runtime_call}
  0x00000233a50ddc20: 48b8 ac16 | dbbb fe7f | 0000 ffd0 | c5f8 7741 | c787 4404 | 0000 0500 | 0000 f083 | 4424 c000 
  0x00000233a50ddc40: 493b af48 | 0400 000f | 870e 0000 | 0041 83bf | 4004 0000 | 000f 842b | 0000 00c5 | f877 4889 
  0x00000233a50ddc60: 45f8 498b | cf4c 8be4 | 4883 ec20 | 4883 e4f0 

  0x00000233a50ddc70: ;   {runtime_call}
  0x00000233a50ddc70: 48b8 00d1 | c06c fe7f | 0000 ffd0 | 498b e44d | 33e4 488b | 45f8 41c7 | 8744 0400 | 0008 0000 
  0x00000233a50ddc90: 0041 83bf | c004 0000 | 020f 84a3 

  0x00000233a50ddc9c: ;   {external_word}
  0x00000233a50ddc9c: 0200 0049 | ba3d 5b4b | 6dfe 7f00 | 0041 803a | 000f 844c | 0000 0048 

  0x00000233a50ddcb4: ;   {metadata({method} {0x00000233b2431000} 'defineClass1' '(Ljava/lang/ClassLoader;Ljava/lang/String;[BIILjava/security/ProtectionDomain;Ljava/lang/String;)Ljava/lang/Class;' in 'java/lang/ClassLoader')}
  0x00000233a50ddcb4: 8945 f848 | baf8 0f43 | b233 0200 | 0049 8bcf | 4883 ec20 | 40f6 c40f | 0f84 1900 | 0000 4883 
  0x00000233a50ddcd4: ;   {runtime_call}
  0x00000233a50ddcd4: ec08 48b8 | 504b f56c | fe7f 0000 | ffd0 4883 | c408 e90c 

  0x00000233a50ddce8: ;   {runtime_call}
  0x00000233a50ddce8: 0000 0048 | b850 4bf5 | 6cfe 7f00 | 00ff d048 | 83c4 2048 | 8b45 f849 | c787 9803 | 0000 0000 
  0x00000233a50ddd08: 0000 49c7 | 87a0 0300 | 0000 0000 | 00c5 f877 | 4885 c00f | 84fe 0100 | 00a8 030f | 8508 0000 
  0x00000233a50ddd28: 0048 8b00 | e9ee 0100 | 00a8 010f | 8509 0000 | 0048 8b40 | fee9 dd01 | 0000 488b | 40ff 4180 
  0x00000233a50ddd48: 7f40 000f | 84ce 0100 | 0048 83f8 | 000f 84c4 | 0100 0049 | 8b4f 2848 | 83f9 000f | 8414 0000 
  0x00000233a50ddd68: 0048 83e9 | 0849 894f | 2849 034f | 3848 8901 | e9a2 0100 | 0048 81ec | d000 0000 | 4889 0424 
  0x00000233a50ddd88: 4889 4c24 | 0848 8954 | 2410 4889 | 7424 1848 | 897c 2420 | 4c89 4424 | 284c 894c | 2430 4c89 
  0x00000233a50ddda8: 5424 384c | 895c 2440 | c5fb 1144 | 2450 c5fb | 114c 2458 | c5fb 1154 | 2460 c5fb | 115c 2468 
  0x00000233a50dddc8: c5fb 1164 | 2470 c5fb | 116c 2478 | c5fb 11b4 | 2480 0000 | 00c5 fb11 | bc24 8800 | 0000 c57b 
  0x00000233a50ddde8: ;   {no_reloc}
  0x00000233a50ddde8: 1184 2490 | 0000 00c5 | 7b11 8c24 | 9800 0000 | c57b 1194 | 24a0 0000 | 00c5 7b11 | 9c24 a800 
  0x00000233a50dde08: 0000 c57b | 11a4 24b0 | 0000 00c5 | 7b11 ac24 | b800 0000 | c57b 11b4 | 24c0 0000 | 00c5 7b11 
  0x00000233a50dde28: bc24 c800 | 0000 498b | d748 8bc8 | 4883 ec20 | 40f6 c40f | 0f84 1900 | 0000 4883 

  0x00000233a50dde44: ;   {runtime_call}
  0x00000233a50dde44: ec08 48b8 | c014 b46c | fe7f 0000 | ffd0 4883 | c408 e90c 

  0x00000233a50dde58: ;   {runtime_call}
  0x00000233a50dde58: 0000 0048 | b8c0 14b4 | 6cfe 7f00 | 00ff d048 | 83c4 20c5 | 7b10 bc24 | c800 0000 | c57b 10b4 
  0x00000233a50dde78: 24c0 0000 | 00c5 7b10 | ac24 b800 | 0000 c57b | 10a4 24b0 | 0000 00c5 | 7b10 9c24 | a800 0000 
  0x00000233a50dde98: c57b 1094 | 24a0 0000 | 00c5 7b10 | 8c24 9800 | 0000 c57b | 1084 2490 | 0000 00c5 | fb10 bc24 
  0x00000233a50ddeb8: 8800 0000 | c5fb 10b4 | 2480 0000 | 00c5 fb10 | 6c24 78c5 | fb10 6424 | 70c5 fb10 | 5c24 68c5 
  0x00000233a50dded8: fb10 5424 | 60c5 fb10 | 4c24 58c5 | fb10 4424 | 504c 8b5c | 2440 4c8b | 5424 384c | 8b4c 2430 
  0x00000233a50ddef8: 4c8b 4424 | 2848 8b7c | 2420 488b | 7424 1848 | 8b54 2410 | 488b 4c24 | 0848 8b04 | 2448 81c4 
  0x00000233a50ddf18: d000 0000 | c5f8 7749 | 8b8f 2804 | 0000 c781 | 0001 0000 | 0000 0000 | c949 837f | 0800 0f85 
  0x00000233a50ddf38: 0100 0000 

  0x00000233a50ddf3c: ;   {runtime_call StubRoutines (initial stubs)}
  0x00000233a50ddf3c: c3e9 be2f | a2ff c5f8 | 7748 8945 | f84c 8be4 | 4883 ec20 | 4883 e4f0 

  0x00000233a50ddf54: ;   {runtime_call}
  0x00000233a50ddf54: 48b8 3083 | f56c fe7f | 0000 ffd0 | 498b e44d | 33e4 488b | 45f8 e930 | fdff fff4 
[/MachCode]


Compiled method (c2) 82067 5349       4       jdk.internal.loader.BuiltinClassLoader::defineClass (121 bytes)
 total in heap  [0x00000233a5485a90,0x00000233a5496f40] = 70832
 relocation     [0x00000233a5485bf0,0x00000233a54866a8] = 2744
 constants      [0x00000233a54866c0,0x00000233a54866e0] = 32
 main code      [0x00000233a54866e0,0x00000233a5490bf0] = 42256
 stub code      [0x00000233a5490bf0,0x00000233a5490ed8] = 744
 oops           [0x00000233a5490ed8,0x00000233a5490f28] = 80
 metadata       [0x00000233a5490f28,0x00000233a54913e0] = 1208
 scopes data    [0x00000233a54913e0,0x00000233a5494ed8] = 15096
 scopes pcs     [0x00000233a5494ed8,0x00000233a5496258] = 4992
 dependencies   [0x00000233a5496258,0x00000233a54962f0] = 152
 handler table  [0x00000233a54962f0,0x00000233a5496e00] = 2832
 nul chk table  [0x00000233a5496e00,0x00000233a5496f40] = 320


[Constant Pool]
             Address          hex4                    hex8      
  0x00000233a54866c0:   0x55555555      0x4035555555555555      
  0x00000233a54866c4:   0x40355555                              
  0x00000233a54866c8:   0xf4f4f4f4      0xf4f4f4f4f4f4f4f4      
  0x00000233a54866cc:   0xf4f4f4f4                              
  0x00000233a54866d0:   0xf4f4f4f4      0xf4f4f4f4f4f4f4f4      
  0x00000233a54866d4:   0xf4f4f4f4                              
  0x00000233a54866d8:   0xf4f4f4f4      0xf4f4f4f4f4f4f4f4      
  0x00000233a54866dc:   0xf4f4f4f4                              

[MachCode]
[Entry Point]
  # {method} {0x00000233b20693c0} 'defineClass' '(Ljava/lang/String;Ljdk/internal/loader/Resource;)Ljava/lang/Class;' in 'jdk/internal/loader/BuiltinClassLoader'
  # this:     rdx:rdx   = 'jdk/internal/loader/BuiltinClassLoader'
  # parm0:    r8:r8     = 'java/lang/String'
  # parm1:    r9:r9     = 'jdk/internal/loader/Resource'
  #           [sp+0x100]  (sp of caller)
  0x00000233a54866e0: ;   {no_reloc}
  0x00000233a54866e0: 448b 5208 | 49bb 0000 | 00b2 3302 | 0000 4d03 | d349 3bc2 

  0x00000233a54866f4: ;   {runtime_call ic_miss_stub}
  0x00000233a54866f4: 0f85 8680 | 6cff 6690 | 0f1f 4000 
[Verified Entry Point]
  0x00000233a5486700: 8984 2400 | 80ff ff55 | 4881 ecf0 | 0000 0090 | 4181 7f20 | 0700 0000 | 0f85 c4a4 | 0000 4c89 
  0x00000233a5486720: 4424 3848 | 8954 2440 | 4c89 4c24 | 7045 8b59 

  0x00000233a5486730: ;   {metadata('jdk/internal/loader/URLClassPath$JarLoader$2')}
  0x00000233a5486730: 0841 81fb | 1024 2100 | 0f85 2736 | 0000 4d8b | d145 8b5a | 2045 8b73 | 1c41 8b78 | 1444 8b5f 
  0x00000233a5486750: 0c45 0fbe | 4010 c4c2 | 3af7 cb44 | 8bd1 41ff | ca45 85c0 | 0f85 1e64 | 0000 418b | dbff cb41 
  0x00000233a5486770: 3bda 410f | 4fda 4c8b | d74c 8954 | 2478 6690 | 85db 0f8c | 0901 0000 | 4585 db0f | 86c3 5b00 
  0x00000233a5486790: 0041 3bdb | 0f83 ba5b | 0000 85db | 0f1f 4000 | 0f8e f25d | 0000 448b | c341 ffc8 | 440f be54 
  0x00000233a54867b0: 1f10 4183 | fa2e 0f84 | b52c 0000 | ffcb 6690 | 413b d87f | e783 fb02 | 0f8e 9f00 | 0000 448d 
  0x00000233a54867d0: 43fe 4533 | c983 fb02 | 450f 4cc1 | 4181 f8a0 | 0f00 0041 | baa0 0f00 | 0045 0f47 | c28b d341 
  0x00000233a54867f0: 2bd0 4c63 | d346 0fbe | 4417 100f | 1f44 0000 | 4183 f82e | 0f84 8f00 | 0000 460f | be54 170f 
  0x00000233a5486810: 4183 fa2e | 0f84 8400 | 0000 448d | 53fe 460f | be44 1710 | 4183 f82e | 0f84 7600 | 0000 448d 
  0x00000233a5486830: ;   {no_reloc}
  0x00000233a5486830: 53fd 460f | be4c 1710 | 0f1f 8400 | 0000 0000 | 4183 f92e | 0f84 5a00 | 0000 83c3 | fc3b da7f 
  0x00000233a5486850: a149 8b97 | 5004 0000 | 4c8b 5424 | 384c 8b44 

  0x00000233a5486860: ; ImmutableOopMap {r10=Oop r8=Oop rdi=NarrowOop r14=NarrowOop [56]=Oop [64]=Oop [112]=Oop [120]=Oop }
                      ;*goto {reexecute=1 rethrow=0 return_oop=0}
                      ; - (reexecute) java.lang.StringLatin1::lastIndexOf@35 (line 285)
                      ; - java.lang.String::lastIndexOf@13 (line 2573)
                      ; - java.lang.String::lastIndexOf@8 (line 2535)
                      ; - jdk.internal.loader.BuiltinClassLoader::defineClass@8 (line 845)
                      ;   {poll}
  0x00000233a5486860: 2470 8502 | 83fb 020f | 8f61 ffff | ff83 fbff | 7e1f 6690 | 440f be54 | 1f10 660f | 1f44 0000 
  0x00000233a5486880: 4183 fa2e | 0f84 e751 | 0000 ffcb | 83fb ff7f | e341 baff | ffff ffeb | 0b44 8bd3 | eb06 448b 
  0x00000233a54868a0: d341 ffca | 4183 faff | 0f84 de66 | 0000 4585 | d20f 8cf9 | 6200 0044 | 3bd1 660f | 1f44 0000 
  0x00000233a54868c0: 0f8f ea66 | 0000 4d8b | 8780 0300 | 004d 8b28 | 443b d175 | 104c 8b54 | 2438 4c89 | 5424 6890 
  0x00000233a54868e0: e92e 0200 | 0045 85d2 | 0f84 c546 | 0000 498b | b7b8 0100 | 004c 8bc6 | 4983 c018 | 0f1f 4000 
  0x00000233a5486900: 4d3b 87c8 | 0100 000f | 83b0 4900 | 004d 8987 | b801 0000 | 410f 0d88 | c000 0000 | 48c7 0601 
  0x00000233a5486920: ;   {metadata('java/lang/String')}
  0x00000233a5486920: 0000 00c7 | 4608 40e7 | 0000 4489 | 660c 4c89 | 6610 4c8d | 4f10 453b | d30f 859a | 0000 004d 
  0x00000233a5486940: 63c3 4181 | fb00 0010 | 000f 87b6 | 4b00 0049 | 8baf b801 | 0000 4d8d | 5017 4983 | e2f8 488b 
  0x00000233a5486960: cd49 03ca | 493b 8fc8 | 0100 000f | 8394 4b00 | 0049 898f | b801 0000 | 0f0d 89c0 | 0000 0048 
  0x00000233a5486980: c745 0001 | 0000 000f | 0d89 0001 

  0x00000233a548698c: ;   {metadata({type array byte})}
  0x00000233a548698c: 0000 c745 | 0868 2200 | 0044 895d | 0c0f 0d89 | 4001 0000 | 0f0d 8980 | 0100 0048 | 8bd5 4883 
  0x00000233a54869ac: c210 4983 | c007 49c1 | e803 498b | c9c5 f877 | 49ba 6033 | b3a4 3302 | 0000 41ff 

  0x00000233a54869c8: ;   {other}
  0x00000233a54869c8: d20f 1f84 | 0000 0000 | 0048 8bdd | e9f3 0000 | 000f 1f80 | 0000 0000 | 4181 fa00 | 0010 000f 
  0x00000233a54869e8: 87eb 6800 | 0049 63ca | 453b da41 | 8beb 410f | 4fea 660f | 1f44 0000 | 443b dd0f | 8245 6900 
  0x00000233a5486a08: 0044 3bd5 | 0f82 3c69 | 0000 4883 | c117 4c8b | c149 83e0 | f866 6690 | 4181 fa00 | 0010 000f 
  0x00000233a5486a28: 8778 4900 | 0049 8b9f | b801 0000 | 4c8b db4d | 03d8 660f | 1f44 0000 | 4d3b 9fc8 | 0100 000f 
  0x00000233a5486a48: 8358 4900 | 004d 899f | b801 0000 | 410f 0d8b | c000 0000 | 48c7 0301 | 0000 0041 | 0f0d 8b00 
  0x00000233a5486a68: ;   {metadata({type array byte})}
  0x00000233a5486a68: 0100 00c7 | 4308 6822 | 0000 4489 | 530c 410f | 0d8b 4001 | 0000 410f | 0d8b 8001 | 0000 4c8b 
  0x00000233a5486a88: db49 83c3 | 1048 c1e9 | 0385 ed0f | 844c 6800 | 0041 3bea | 0f1f 4000 | 0f8c d143 | 0000 4983 
  0x00000233a5486aa8: c0f0 49c1 | e803 498b | c949 8bd3 | c5f8 7749 | ba60 33b3 | a433 0200 | 0041 ffd2 

  0x00000233a5486ac4: ;   {other}
  0x00000233a5486ac4: 0f1f 8400 | 0000 0000 | 4180 7f40 | 000f 852e | 4200 004c | 8bde 4c8b | d344 8956 | 144c 8bd3 
  0x00000233a5486ae4: 4d33 d349 | c1ea 144d | 85d2 741a | 49c1 eb09 | 48b9 0060 | 5cac 3302 | 0000 4903 | cb80 3902 
  0x00000233a5486b04: 0f85 3242 | 0000 4488 | 6610 4889 | 7424 684c | 8b54 2470 | 458b 5208 | 0f1f 4000 

  0x00000233a5486b20: ;   {metadata('jdk/internal/loader/URLClassPath$JarLoader$2')}
  0x00000233a5486b20: 4181 fa10 | 2421 000f | 855c 3200 | 004c 8b44 

  0x00000233a5486b30: ;   {oop(a 'java/lang/Class'{0x0000000082194710} = 'jdk/internal/access/SharedSecrets')}
  0x00000233a5486b30: 2470 49ba | 1047 1982 | 0000 0000 | 458b 92d4 | 0000 0041 | 8b4a 0845 | 8b58 2045 

  0x00000233a5486b4c: ;   {metadata('java/util/jar/JavaUtilJarAccessImpl')}
  0x00000233a5486b4c: 8b5b 1881 | f928 3831 | 000f 8599 | 5800 000f | 1f44 0000 | 4585 db0f | 84b3 5700 | 004d 8bd3 
  0x00000233a5486b6c: 488d 9c24 | d000 0000 | 498b 02a8 | 020f 8523 | 0000 0048 | 83c8 0148 | 8903 f049 | 0fb1 1a0f 
  0x00000233a5486b8c: 8437 0000 | 0048 2bc4 | 4825 07f0 | ffff 4889 | 03e9 2400 | 0000 4c8b | c848 33c0 | f04d 0fb1 
  0x00000233a5486bac: 793e 48c7 | 0303 0000 | 0074 114c | 3bf8 7515 | 49ff 8186 | 0000 0048 | 33c0 7509 | 49ff 8748 
  0x00000233a5486bcc: 0500 0033 | c00f 8555 | 5800 004c | 896c 2428 | 4489 5c24 | 244c 8954 | 2450 4c89 | 4424 4844 
  0x00000233a5486bec: 8974 2430 | 498b d249 | 8bea 6690 

  0x00000233a5486bf8: ;   {optimized virtual_call}
  0x00000233a5486bf8: c5f8 77e8 

  0x00000233a5486bfc: ; ImmutableOopMap {rbp=Oop [36]=NarrowOop [40]=Oop [48]=NarrowOop [56]=Oop [64]=Oop [72]=Oop [80]=Oop [104]=Oop [112]=Oop }
                      ;*invokevirtual maybeInstantiateVerifier {reexecute=0 rethrow=0 return_oop=0}
                      ; - java.util.jar.JarFile::ensureInitialization@1 (line 1064)
                      ; - java.util.jar.JavaUtilJarAccessImpl::ensureInitialization@1 (line 42)
                      ; - jdk.internal.loader.URLClassPath$JarLoader$2::getManifest@10 (line 852)
                      ; - jdk.internal.loader.BuiltinClassLoader::defineClass@29 (line 848)
  0x00000233a5486bfc: 20ef d4ff 

  0x00000233a5486c00: ;   {other}
  0x00000233a5486c00: 0f1f 8400 | 7011 0001 | 448b 5c24 | 2441 8b6b | 3085 ed0f | 85cb 6300 | 004c 8b5c | 2450 488d 
  0x00000233a5486c20: 8424 d000 | 0000 4883 | 3800 0f84 | 7900 0000 | 4d8b 1341 | f6c2 020f | 8462 0000 | 0049 83ba 
  0x00000233a5486c40: 8600 0000 | 0074 0949 | ff8a 8600 | 0000 eb4b | 498b 8296 | 0000 0049 | 0b82 8e00 | 0000 750a 
  0x00000233a5486c60: 49c7 423e | 0000 0000 | eb3d 4983 | ba9e 0000 | 0000 7422 | 4833 c049 | c742 3e00 | 0000 00f0 
  0x00000233a5486c80: 8304 2400 | 4983 ba9e | 0000 0000 | 750d f04d | 0fb1 7a3e | 7505 83c8 | 01eb 0ca8 | 00eb 084c 
  0x00000233a5486ca0: 8b10 f04d | 0fb1 1375 | 0a49 ff8f | 4805 0000 | 4533 d20f | 85cc 5700 | 004c 8b44 | 2448 458b 
  0x00000233a5486cc0: 5020 418b | 6a18 448b 

  0x00000233a5486cc8: ;   {metadata('java/util/jar/JarFile')}
  0x00000233a5486cc8: 5d08 4181 | fb40 e716 | 000f 85dc | 5700 0048 | 8bdd 448b | 6b28 6690 | 4585 ed0f | 8408 2800 
  0x00000233a5486ce8: 0041 8b6d | 0c41 807f | 4000 0f85 | e239 0000 | 0f1f 8400 | 0000 0000 

  0x00000233a5486d00: ; implicit exception: dispatches to 0x00000233a548f798
  0x00000233a5486d00: 448b 5d08 | 4d8b 5520 

  0x00000233a5486d08: ;   {oop(a 'java/lang/Class'{0x0000000081c8b308} = 'java/lang/ref/SoftReference')}
  0x00000233a5486d08: 49b9 08b3 | c881 0000 | 0000 4d8b | 4970 4d3b | d10f 8549 | 2700 0090 

  0x00000233a5486d20: ;   {metadata('java/util/jar/Manifest')}
  0x00000233a5486d20: 4181 fbe0 | f004 000f | 8563 8800 | 0048 8bf5 | 448b 7424 | 304c 8b6c | 2428 4c8b | 4424 4045 
  0x00000233a5486d40: ;   {metadata('jdk/internal/loader/ClassLoaders$AppClassLoader')}
  0x00000233a5486d40: 8b58 0841 | 81fb 009a | 0600 0f85 | 8056 0000 | 458b 5038 

  0x00000233a5486d54: ; implicit exception: dispatches to 0x00000233a548f618
  0x00000233a5486d54: 458b 5a28 | 4c8b 4c24 | 6841 8b59 | 0c85 db0f | 850d 0200 | 0041 0fb6 | 4911 85c9 | 0f85 132c 
  0x00000233a5486d74: 0000 410f | be49 1085 | c966 6690 | 0f85 016d | 0000 418b | 6914 8b55 | 0c48 8bcd | 488d 7d10 
  0x00000233a5486d94: 83fa 020f | 8cf0 3f00 | 0049 8bc0 | 33db 83fa | 200f 8c6f | 0100 0033 | c9c5 d5ef | edc5 cdef 
  0x00000233a5486db4: f6c5 c5ef | ffc4 413d 

  0x00000233a5486dbc: ;   {external_word}
  0x00000233a5486dbc: efc0 49b8 | a061 2c6d | fe7f 0000 | 458b 10c4 | c179 6ec2 | c4e2 7d58 | c044 8bc2 | 4183 e0e0 
  0x00000233a5486ddc: 410f afda | c57a 7e0c | 0fc5 7a7e | 540f 08c5 | 7a7e 5c0f | 10c5 7a7e | 640f 18c4 | e255 40e8 
  0x00000233a5486dfc: c442 7d31 | c9c4 c155 | fee9 c4e2 | 4d40 f0c4 | 427d 31d2 | c4c1 4dfe | f2c4 e245 | 40f8 c442 
  0x00000233a5486e1c: 7d31 dbc4 | c145 fefb | c462 3d40 | c0c4 427d | 31e4 c441 | 3dfe c483 | c120 413b | c87c a14a 
  0x00000233a5486e3c: 8d3c 0741 

  0x00000233a5486e40: ;   {external_word}
  0x00000233a5486e40: 2bd0 49b8 | a461 2c6d | fe7f 0000 | c4c1 7e6f | 08c4 e255 

  0x00000233a5486e54: ;   {external_word}
  0x00000233a5486e54: 40e9 49b8 | c461 2c6d | fe7f 0000 | c4c1 7e6f | 10c4 e24d 

  0x00000233a5486e68: ;   {external_word}
  0x00000233a5486e68: 40f2 49b8 | e461 2c6d | fe7f 0000 | c4c1 7e6f | 18c4 e245 

  0x00000233a5486e7c: ;   {external_word}
  0x00000233a5486e7c: 40fb 49b8 | 0462 2c6d | fe7f 0000 | c4c1 7e6f | 20c4 623d | 40c4 c462 | 5502 cdc4 | 437d 39ca 
  0x00000233a5486e9c: 01c4 4131 | feca c442 | 3102 c9c5 | 796e d3c4 | 4131 feca | c579 7ecb | c462 4d02 | dec4 437d 
  0x00000233a5486ebc: 39dc 01c4 | 4121 fedc | c442 2102 | dbc5 796e | e3c4 4121 | fedc c579 | 7edb c462 | 4502 cfc4 
  0x00000233a5486edc: 437d 39ca | 01c4 4131 | feca c442 | 3102 c9c5 | 796e d3c4 | 4131 feca | c579 7ecb | c442 3d02 
  0x00000233a5486efc: d8c4 437d | 39dc 01c4 | 4121 fedc | c442 2102 | dbc5 796e | e3c4 4121 | fedc c579 | 7edb b901 
  0x00000233a5486f1c: 0000 003b | ca0f 8d2c | 0000 0041 | bac1 0300 | 0041 0faf | da44 0fb6 | 440f ff45 | 8bd0 41c1 
  0x00000233a5486f3c: e205 452b | d041 03da | 440f b614 | 0f41 03da | 83c1 023b | ca7c d47f | 1244 8bc3 | c1e3 0541 
  0x00000233a5486f5c: 2bd8 440f | b654 0fff | 4103 da85 | db0f 84ea | 4100 004c | 8bc0 4189 | 590c 4585 | db0f 84cf 
  0x00000233a5486f7c: ;   {no_reloc}
  0x00000233a5486f7c: 2400 0041 | 8b6b 0c85 | ed0f 86fd | 6100 0044 | 8bd3 41c1 | ea10 4433 | d3ff cd41 | 81e2 ffff 
  0x00000233a5486f9c: ff7f 4123 | ea48 63cd | 458b 5c8b | 1045 85db | 0f84 1f08 | 0000 418b | 6b0c 413b | ea0f 8426 
  0x00000233a5486fbc: 0100 0090 | 85ed 0f8c | 7d6b 0000 | 458b 5b18 | 4585 db75 | 1448 b900 | 605c ac33 | 0200 000f 
  0x00000233a5486fdc: 1f44 0000 | e9f6 0700 | 0049 8bdb | 48b9 0060 | 5cac 3302 | 0000 448b | 5b0c 498b | 9750 0400 
  0x00000233a5486ffc: ; ImmutableOopMap {r8=Oop r9=Oop rbx=Oop rsi=Oop r13=Oop r14=NarrowOop [56]=Oop [112]=Oop }
                      ;*if_icmpne {reexecute=1 rethrow=0 return_oop=0}
                      ; - (reexecute) java.util.concurrent.ConcurrentHashMap::get@127 (line 946)
                      ; - java.lang.ClassLoader::getDefinedPackage@13 (line 2263)
                      ; - jdk.internal.loader.BuiltinClassLoader::getAndVerifyPackage@2 (line 902)
                      ; - jdk.internal.loader.BuiltinClassLoader::defineOrCheckPackage@4 (line 877)
                      ; - jdk.internal.loader.ClassLoaders$AppClassLoader::defineOrCheckPackage@4 (line 211)
                      ; - jdk.internal.loader.BuiltinClassLoader::defineClass@40 (line 849)
                      ;   {poll}
  0x00000233a5486ffc: 0085 0290 | 453b da74 | 1244 8b5b | 1845 85db | 0f84 c907 | 0000 498b | dbeb db8b | 6b10 4c8b 
  0x00000233a548701c: dd66 6690 | 4d3b d90f | 84a3 0000 | 0085 ed0f | 84cb 6f00 | 0048 899c | 2488 0000 | 0044 8954 
  0x00000233a548703c: 246c 4c89 | 4424 5048 | 8974 2460 | 4c89 4c24 | 5848 894c | 2448 4c89 | 6c24 4044 | 8974 2430 
  0x00000233a548705c: 4c8b 5424 | 384c 8954 | 2420 4c8b | 5424 704c | 8954 2428 | 4c8b c549 | 8bd1 488b | 6c24 5090 
  0x00000233a548707c: ;   {optimized virtual_call}
  0x00000233a548707c: c5f8 77e8 

  0x00000233a5487080: ; ImmutableOopMap {rbp=Oop [32]=Oop [40]=Oop [48]=NarrowOop [64]=Oop [88]=Oop [96]=Oop [136]=Oop }
                      ;*invokevirtual equals {reexecute=0 rethrow=0 return_oop=0}
                      ; - java.util.concurrent.ConcurrentHashMap::get@149 (line 947)
                      ; - java.lang.ClassLoader::getDefinedPackage@13 (line 2263)
                      ; - jdk.internal.loader.BuiltinClassLoader::getAndVerifyPackage@2 (line 902)
                      ; - jdk.internal.loader.BuiltinClassLoader::defineOrCheckPackage@4 (line 877)
                      ; - jdk.internal.loader.ClassLoaders$AppClassLoader::defineOrCheckPackage@4 (line 211)
                      ; - jdk.internal.loader.BuiltinClassLoader::defineClass@40 (line 849)
  0x00000233a5487080: bc4a daff 

  0x00000233a5487084: ;   {other}
  0x00000233a5487084: 0f1f 8400 | f415 0003 | 85c0 0f84 | c46f 0000 | 4c8b 5424 | 284c 8954 | 2470 4c8b | 5424 204c 
  0x00000233a54870a4: 8954 2438 | 448b 7424 | 304c 8b6c | 2440 488b | 4c24 484c | 8b4c 2458 | 488b 7424 | 604c 8bc5 
  0x00000233a54870c4: 488b 9c24 | 8800 0000 | 8b6b 1485 | ed0f 8404 | 0700 0041 | 0fb6 7911 | 418b 590c | e99e 0000 
  0x00000233a54870e4: 0041 8b7b | 1048 8bcf | 493b c90f | 846f 0000 | 0085 ff0f | 84ab 6a00 | 0044 8954 | 2424 4c89 
  0x00000233a5487104: 4424 4848 | 8974 2440 | 4c89 6c24 | 2844 8974 | 2420 498b | eb44 895c | 2450 4c8b | c748 8b54 
  0x00000233a5487124: 2468 6690 

  0x00000233a5487128: ;   {optimized virtual_call}
  0x00000233a5487128: c5f8 77e8 

  0x00000233a548712c: ; ImmutableOopMap {rbp=Oop [32]=NarrowOop [40]=Oop [56]=Oop [64]=Oop [72]=Oop [80]=NarrowOop [104]=Oop [112]=Oop }
                      ;*invokevirtual equals {reexecute=0 rethrow=0 return_oop=0}
                      ; - java.util.concurrent.ConcurrentHashMap::get@73 (line 940)
                      ; - java.lang.ClassLoader::getDefinedPackage@13 (line 2263)
                      ; - jdk.internal.loader.BuiltinClassLoader::getAndVerifyPackage@2 (line 902)
                      ; - jdk.internal.loader.BuiltinClassLoader::defineOrCheckPackage@4 (line 877)
                      ; - jdk.internal.loader.ClassLoaders$AppClassLoader::defineOrCheckPackage@4 (line 211)
                      ; - jdk.internal.loader.BuiltinClassLoader::defineClass@40 (line 849)
  0x00000233a548712c: 104a daff 

  0x00000233a5487130: ;   {other}
  0x00000233a5487130: 0f1f 8400 | a016 0004 | 85c0 660f | 1f44 0000 | 0f84 e63e | 0000 448b | 7424 204c | 8b6c 2428 
  0x00000233a5487150: 4c8b 4c24 | 6848 8b74 | 2440 4c8b | 4424 4844 | 8b5c 2450 | 418b 6b14 | 85ed 0f84 | a23d 0000 
  0x00000233a5487170: 418b 590c | 410f b679 | 1148 b900 | 605c ac33 | 0200 0044 

  0x00000233a5487184: ;   {metadata('java/lang/Package')}
  0x00000233a5487184: 8b55 0841 | 81fa 30ba | 0100 0f85 | 9182 0000 | 458b 5114 | 0f1f 8400 | 0000 0000 

  0x00000233a54871a0: ; implicit exception: dispatches to 0x00000233a548f814
  0x00000233a54871a0: 418b 520c | 4c8b dd45 | 8b5b 1085 | d20f 86c7 | 5b00 0044 | 899c 2498 | 0000 004c | 8984 2480 
  0x00000233a54871c0: 0000 0048 | 8974 2468 | 498b f148 | 894c 2428 | 4c89 6c24 | 4844 8974 | 2478 458b | 5838 6690 
  0x00000233a54871e0: ; implicit exception: dispatches to 0x00000233a548f848
  0x00000233a54871e0: 458b 4b28 | 85db 0f85 | 0602 0000 | 85ff 0f85 | f229 0000 | 0fbe 4e10 | 85c9 660f | 1f44 0000 
  0x00000233a5487200: 0f85 0e6c | 0000 4d8b | da49 8d7a | 1083 fa02 | 0f8c 7e3d | 0000 33db | 83fa 200f | 8c75 0100 
  0x00000233a5487220: 0045 33c0 | c5d5 efed | c5cd eff6 | c5c5 efff | c441 3def 

  0x00000233a5487234: ;   {external_word}
  0x00000233a5487234: c049 bba0 | 612c 6dfe | 7f00 0045 | 8b13 c4c1 | 796e c2c4 | e27d 58c0 | 448b da41 | 83e3 e041 
  0x00000233a5487254: 0faf dac4 | 217a 7e0c | 07c4 217a | 7e54 0708 | c421 7a7e | 5c07 10c4 | 217a 7e64 | 0718 c4e2 
  0x00000233a5487274: 5540 e8c4 | 427d 31c9 | c4c1 55fe | e9c4 e24d | 40f0 c442 | 7d31 d2c4 | c14d fef2 | c4e2 4540 
  0x00000233a5487294: f8c4 427d | 31db c4c1 | 45fe fbc4 | 623d 40c0 | c442 7d31 | e4c4 413d | fec4 4183 | c020 453b 
  0x00000233a54872b4: c37c 9c4a | 8d3c 1f41 

  0x00000233a54872bc: ;   {external_word}
  0x00000233a54872bc: 2bd3 49bb | a461 2c6d | fe7f 0000 | c4c1 7e6f | 0bc4 e255 

  0x00000233a54872d0: ;   {external_word}
  0x00000233a54872d0: 40e9 49bb | c461 2c6d | fe7f 0000 | c4c1 7e6f | 13c4 e24d 

  0x00000233a54872e4: ;   {external_word}
  0x00000233a54872e4: 40f2 49bb | e461 2c6d | fe7f 0000 | c4c1 7e6f | 1bc4 e245 

  0x00000233a54872f8: ;   {external_word}
  0x00000233a54872f8: 40fb 49bb | 0462 2c6d | fe7f 0000 | c4c1 7e6f | 23c4 623d | 40c4 c462 | 5502 cdc4 | 437d 39ca 
  0x00000233a5487318: 01c4 4131 | feca c442 | 3102 c9c5 | 796e d3c4 | 4131 feca | c579 7ecb | c462 4d02 | dec4 437d 
  0x00000233a5487338: 39dc 01c4 | 4121 fedc | c442 2102 | dbc5 796e | e3c4 4121 | fedc c579 | 7edb c462 | 4502 cfc4 
  0x00000233a5487358: 437d 39ca | 01c4 4131 | feca c442 | 3102 c9c5 | 796e d3c4 | 4131 feca | c579 7ecb | c442 3d02 
  0x00000233a5487378: d8c4 437d | 39dc 01c4 | 4121 fedc | c442 2102 | dbc5 796e | e3c4 4121 | fedc c579 | 7edb 41b8 
  0x00000233a5487398: 0100 0000 | 443b c20f | 8d2e 0000 | 0041 bac1 | 0300 0041 | 0faf da46 | 0fb6 5c07 | ff45 8bd3 
  0x00000233a54873b8: 41c1 e205 | 452b d341 | 03da 460f | b614 0741 | 03da 4183 | c002 443b | c27c d27f | 1244 8bdb 
  0x00000233a54873d8: c1e3 0541 | 2bdb 460f | b654 07ff | 4103 da85 | db0f 84b9 | 3b00 0089 | 5e0c 418b | 490c 85c9 
  0x00000233a54873f8: ;   {no_reloc}
  0x00000233a54873f8: 0f86 2062 | 0000 448b | c341 c1e8 | 1044 33c3 | ffc9 4181 | e0ff ffff | 7f41 23c8 | 4c63 d147 
  0x00000233a5487418: 8b54 9110 | 0f1f 4000 

  0x00000233a5487420: ; implicit exception: dispatches to 0x00000233a54874ff
  0x00000233a5487420: 418b 6a0c | 413b e80f | 8423 0100 | 0085 ed0f | 8cdb 6700 | 0045 8b52 | 1845 85d2 | 0f1f 4000 
  0x00000233a5487440: 0f84 b900 | 0000 4d8b | ca45 8b59 | 0c49 8bbf 

  0x00000233a5487450: ; ImmutableOopMap {r9=Oop rsi=Oop [56]=Oop [72]=Oop [104]=Oop [112]=Oop [120]=NarrowOop [128]=Oop [152]=NarrowOop }
                      ;*if_icmpne {reexecute=1 rethrow=0 return_oop=0}
                      ; - (reexecute) java.util.concurrent.ConcurrentHashMap::get@127 (line 946)
                      ; - java.lang.ClassLoader::definePackage@47 (line 2125)
                      ; - java.lang.ClassLoader::getDefinedPackage@32 (line 2267)
                      ; - jdk.internal.loader.BuiltinClassLoader::getAndVerifyPackage@2 (line 902)
                      ; - jdk.internal.loader.BuiltinClassLoader::defineOrCheckPackage@4 (line 877)
                      ; - jdk.internal.loader.ClassLoaders$AppClassLoader::defineOrCheckPackage@4 (line 211)
                      ; - jdk.internal.loader.BuiltinClassLoader::defineClass@40 (line 849)
  0x00000233a5487450: 5004 0000 

  0x00000233a5487454: ;   {poll}
  0x00000233a5487454: 8507 453b | d874 1345 | 8b59 1890 | 4585 db0f | 8496 0000 | 004d 8bcb | ebdb 418b | 6910 4c8b 
  0x00000233a5487474: d54c 3bd6 | 0f84 7500 | 0000 6690 | 85ed 0f84 | 706a 0000 | 4c89 8c24 | 9000 0000 | 4489 8424 
  0x00000233a5487494: 8800 0000 | 4889 7424 | 404c 8bc5 | 488b d644 | 8b5c 2478 | 4489 5c24 | 204c 8b94 | 2480 0000 
  0x00000233a54874b4: 004c 8954 | 2430 4c8b | 5424 684c | 8954 2458 | 4489 5c24 | 2448 8bee 

  0x00000233a54874cc: ;   {optimized virtual_call}
  0x00000233a54874cc: c5f8 77e8 

  0x00000233a54874d0: ; ImmutableOopMap {rbp=Oop [32]=NarrowOop [36]=NarrowOop [48]=Oop [56]=Oop [64]=Oop [72]=Oop [88]=Oop [104]=Oop [112]=Oop [120]=NarrowOop [128]=Oop [144]=Oop [152]=NarrowOop }
                      ;*invokevirtual equals {reexecute=0 rethrow=0 return_oop=0}
                      ; - java.util.concurrent.ConcurrentHashMap::get@149 (line 947)
                      ; - java.lang.ClassLoader::definePackage@47 (line 2125)
                      ; - java.lang.ClassLoader::getDefinedPackage@32 (line 2267)
                      ; - jdk.internal.loader.BuiltinClassLoader::getAndVerifyPackage@2 (line 902)
                      ; - jdk.internal.loader.BuiltinClassLoader::defineOrCheckPackage@4 (line 877)
                      ; - jdk.internal.loader.ClassLoaders$AppClassLoader::defineOrCheckPackage@4 (line 211)
                      ; - jdk.internal.loader.BuiltinClassLoader::defineClass@40 (line 849)
  0x00000233a54874d0: 6c46 daff 

  0x00000233a54874d4: ;   {other}
  0x00000233a54874d4: 0f1f 8400 | 441a 0006 | 0f1f 4000 | 85c0 0f84 | 7c6a 0000 | 488b f54c | 8b8c 2490 | 0000 0041 
  0x00000233a54874f4: 8b69 1485 | ed0f 85cf | 0000 00ba | f4ff ffff | 488b ac24 | 8000 0000 | 4c8b 5424 | 384c 8954 
  0x00000233a5487514: 2420 4c8b | 5424 704c | 8954 2428 | 448b 5424 | 7844 8954 | 2430 4c8b | 5424 684c | 8954 2448 
  0x00000233a5487534: 4889 7424 | 5848 8974 | 2478 6690 

  0x00000233a5487540: ;   {runtime_call UncommonTrapBlob}
  0x00000233a5487540: c5f8 77e8 

  0x00000233a5487544: ; ImmutableOopMap {rbp=Oop [32]=Oop [40]=Oop [48]=NarrowOop [72]=Oop [88]=Oop [120]=Oop [152]=NarrowOop }
                      ;*checkcast {reexecute=0 rethrow=0 return_oop=0}
                      ; - java.lang.ClassLoader::definePackage@50 (line 2125)
                      ; - java.lang.ClassLoader::getDefinedPackage@32 (line 2267)
                      ; - jdk.internal.loader.BuiltinClassLoader::getAndVerifyPackage@2 (line 902)
                      ; - jdk.internal.loader.BuiltinClassLoader::defineOrCheckPackage@4 (line 877)
                      ; - jdk.internal.loader.ClassLoaders$AppClassLoader::defineOrCheckPackage@4 (line 211)
                      ; - jdk.internal.loader.BuiltinClassLoader::defineClass@40 (line 849)
  0x00000233a5487544: b8d0 6cff 

  0x00000233a5487548: ;   {other}
  0x00000233a5487548: 0f1f 8400 | b81a 0007 | 458b 5a10 | 4d8b cb4c | 3bce 660f | 1f44 0000 | 0f84 5c00 | 0000 4585 
  0x00000233a5487568: db0f 843d | 6800 0044 | 8944 2430 | 4889 7424 | 2049 8bea | 4489 5424 | 344d 8bc3 | 488b d64c 
  0x00000233a5487588: 8b94 2480 | 0000 004c | 8954 2440 | 4489 7424 | 5044 8974 | 2454 6690 

  0x00000233a54875a0: ;   {optimized virtual_call}
  0x00000233a54875a0: c5f8 77e8 

  0x00000233a54875a4: ; ImmutableOopMap {rbp=Oop [32]=Oop [52]=NarrowOop [56]=Oop [64]=Oop [72]=Oop [80]=NarrowOop [84]=NarrowOop [104]=Oop [112]=Oop [120]=NarrowOop [128]=Oop [152]=NarrowOop }
                      ;*invokevirtual equals {reexecute=0 rethrow=0 return_oop=0}
                      ; - java.util.concurrent.ConcurrentHashMap::get@73 (line 940)
                      ; - java.lang.ClassLoader::definePackage@47 (line 2125)
                      ; - java.lang.ClassLoader::getDefinedPackage@32 (line 2267)
                      ; - jdk.internal.loader.BuiltinClassLoader::getAndVerifyPackage@2 (line 902)
                      ; - jdk.internal.loader.BuiltinClassLoader::defineOrCheckPackage@4 (line 877)
                      ; - jdk.internal.loader.ClassLoaders$AppClassLoader::defineOrCheckPackage@4 (line 211)
                      ; - jdk.internal.loader.BuiltinClassLoader::defineClass@40 (line 849)
  0x00000233a54875a4: 9845 daff 

  0x00000233a54875a8: ;   {other}
  0x00000233a54875a8: 0f1f 8400 | 181b 0008 | 85c0 0f84 | 8d3b 0000 | 488b 7424 | 2044 8b54 | 2434 418b | 6a14 85ed 
  0x00000233a54875c8: 0f84 31ff | ffff 448b | 5d08 6666 | 0f1f 8400 | 0000 0000 | 6666 6690 

  0x00000233a54875e0: ;   {metadata('java/lang/Package')}
  0x00000233a54875e0: 4181 fb30 | ba01 000f | 8587 7e00 | 004c 8bcd | 458b 5110 

  0x00000233a54875f4: ; implicit exception: dispatches to 0x00000233a548f878
  0x00000233a54875f4: 458b 5a1c | 4585 db0f | 1f44 0000 | 0f85 6e60 | 0000 458b | 5914 418b | 6b24 85ed | 0f85 8661 
  0x00000233a5487614: 0000 488b | 4c24 680f | 1f44 0000 | 4885 c90f | 8417 0200 

  0x00000233a5487628: ;   {oop(a 'java/lang/Class'{0x0000000082194710} = 'jdk/internal/access/SharedSecrets')}
  0x00000233a5487628: 0049 ba10 | 4719 8200 | 0000 0045 | 8b92 d400 | 0000 660f | 1f44 0000 

  0x00000233a5487640: ; implicit exception: dispatches to 0x00000233a548fa00
  0x00000233a5487640: 418b 5208 | 440f be5e | 1045 85db | 0f85 7a60 | 0000 448b | 4614 418b | 580c 498b | fa66 6690 
  0x00000233a5487660: 85db 0f86 | 6a15 0000 | 448b db41 | ffcb 443b | db0f 830d | 5800 0044 | 895c 2424 | 4889 7c24 
  0x00000233a5487680: 3089 9c24 | 9400 0000 | 4489 8424 | 9000 0000 | 8954 2420 | 4489 9424 | 9800 0000 | 4c89 4c24 
  0x00000233a54876a0: 6048 894c | 2450 4889 | b424 8800 | 0000 448d | 5bfd 4489 | 5c24 404d | 8bd0 4c89 | 5424 5890 
  0x00000233a54876c0: 4180 7810 | 2e0f 841f | 1e00 0044 | 8b54 2440 | 4183 fa01 | 0f8e 8c35 | 0000 bd01 | 0000 0044 
  0x00000233a54876e0: 8b8c 2494 | 0000 0044 | 2bcd 4183 | c1fd 448b | 5c24 4045 | 33d2 443b | dd45 0f4c | ca41 81f9 
  0x00000233a5487700: a00f 0000 | 41ba a00f | 0000 450f | 47ca 4403 | cdeb 1066 | 0f1f 8400 | 0000 0000 | 6666 6690 
  0x00000233a5487720: 418b ea4c | 63c5 448b 

  0x00000233a5487728: ;   {no_reloc}
  0x00000233a5487728: 9c24 9000 | 0000 470f | be54 0310 | 4183 fa2e | 0f84 6210 | 0000 470f | be5c 0311 | 4183 fb2e 
  0x00000233a5487748: 0f84 4b10 | 0000 448b | 9c24 9000 | 0000 470f | be54 0312 | 0f1f 4000 | 4183 fa2e | 0f84 3310 
  0x00000233a5487768: 0000 470f | be44 0313 | 4183 f82e | 0f84 1c10 | 0000 448d | 5504 6690 | 453b d17c | 9b4d 8b9f 
  0x00000233a5487788: 5004 0000 

  0x00000233a548778c: ; ImmutableOopMap {[48]=Oop [56]=Oop [72]=Oop [80]=Oop [88]=Oop [96]=Oop [112]=Oop [120]=NarrowOop [128]=Oop [136]=Oop [144]=NarrowOop [152]=NarrowOop }
                      ;*if_icmpne {reexecute=1 rethrow=0 return_oop=0}
                      ; - (reexecute) java.lang.StringLatin1::replace@28 (line 298)
                      ; - java.lang.String::replace@18 (line 2933)
                      ; - jdk.internal.loader.BuiltinClassLoader::isSealed@9 (line 992)
                      ; - jdk.internal.loader.BuiltinClassLoader::getAndVerifyPackage@70 (line 911)
                      ; - jdk.internal.loader.BuiltinClassLoader::defineOrCheckPackage@4 (line 877)
                      ; - jdk.internal.loader.ClassLoaders$AppClassLoader::defineOrCheckPackage@4 (line 211)
                      ; - jdk.internal.loader.BuiltinClassLoader::defineClass@40 (line 849)
                      ;   {poll}
  0x00000233a548778c: 83c5 0341 | 8503 443b | 5424 400f | 8dcf 3400 | 0041 8bea | e93a ffff | ff66 6666 | 0f1f 8400 
  0x00000233a54877ac: 0000 0000 | 4c8b 6c24 | 5044 8b54 | 2458 488b | 7424 6844 | 8b5c 2460 | 488b 5424 | 2044 8bc8 
  0x00000233a54877cc: e926 0800 | 0048 b900 | 605c ac33 | 0200 004d 

  0x00000233a54877dc: ;   {metadata('java/lang/IllegalArgumentException')}
  0x00000233a54877dc: 8bd6 48bd | 00ba 06b2 | 3302 0000 | 4885 f60f | 8435 2100 | 004c 8954 | 2430 4c89 | 8424 8000 
  0x00000233a54877fc: 0000 4889 | 7424 204c | 894c 2440 | 4889 4c24 | 284c 896c | 2448 4489 | 7424 7849 | 8bd0 4d8b 
  0x00000233a548781c: c14c 8bce | 498b fa48 | 8954 2450 | 4489 7424 | 5866 6690 

  0x00000233a5487830: ;   {optimized virtual_call}
  0x00000233a5487830: c5f8 77e8 

  0x00000233a5487834: ; ImmutableOopMap {[32]=Oop [48]=Oop [56]=Oop [64]=Oop [72]=Oop [80]=Oop [88]=NarrowOop [112]=Oop [120]=NarrowOop [128]=Oop }
                      ;*invokevirtual definePackage {reexecute=0 rethrow=0 return_oop=1}
                      ; - jdk.internal.loader.BuiltinClassLoader::defineOrCheckPackage@22 (line 881)
                      ; - jdk.internal.loader.ClassLoaders$AppClassLoader::defineOrCheckPackage@4 (line 211)
                      ; - jdk.internal.loader.BuiltinClassLoader::defineClass@40 (line 849)
  0x00000233a5487834: e893 61f8 

  0x00000233a5487838: ;   {other}
  0x00000233a5487838: 0f1f 8400 | a81d 000a | 488d 9c24 | d000 0000 | 4c8b 5c24 | 7049 8b03 | a802 0f85 | 2300 0000 
  0x00000233a5487858: 4883 c801 | 4889 03f0 | 490f b11b | 0f84 3700 | 0000 482b | c448 2507 | f0ff ff48 | 8903 e924 
  0x00000233a5487878: 0000 004c | 8bd0 4833 | c0f0 4d0f | b17a 3e48 | c703 0300 | 0000 7411 | 4c3b f875 | 1549 ff82 
  0x00000233a5487898: 8600 0000 | 4833 c075 | 0949 ff87 | 4805 0000 | 33c0 0f85 | 384c 0000 | 4c8b 5424 | 7045 8b5a 
  0x00000233a54878b8: 080f 1f80 | 0000 0000 | 453b 620c | 0f85 fa01 

  0x00000233a54878c8: ;   {metadata('jdk/internal/loader/URLClassPath$JarLoader$2')}
  0x00000233a54878c8: 0000 4181 | fb10 2421 | 000f 85ce | 3000 004c | 8b4c 2470 | 458b 5120 

  0x00000233a54878e0: ; implicit exception: dispatches to 0x00000233a548f7d0
  0x00000233a54878e0: 458b 5218 | 458b 411c | 4585 d20f | 8448 5200 | 0049 8bfa | 488d 9c24 | d800 0000 | 488b 07a8 
  0x00000233a5487900: 020f 8523 | 0000 0048 | 83c8 0148 | 8903 f048 | 0fb1 1f0f | 8437 0000 | 0048 2bc4 | 4825 07f0 
  0x00000233a5487920: ffff 4889 | 03e9 2400 | 0000 488b | c848 33c0 | f04c 0fb1 | 793e 48c7 | 0303 0000 | 0074 114c 
  0x00000233a5487940: 3bf8 7515 | 48ff 8186 | 0000 0048 | 33c0 7509 | 49ff 8748 | 0500 0033 | c00f 85ed | 5200 0090 
  0x00000233a5487960: 4585 c00f | 84c3 5d00 | 0048 897c | 2430 4489 | 4424 5044 | 8954 2424 | 4c89 4c24 | 4044 895c 
  0x00000233a5487980: 2420 488b | d748 8bef 

  0x00000233a5487988: ;   {optimized virtual_call}
  0x00000233a5487988: c5f8 77e8 

  0x00000233a548798c: ; ImmutableOopMap {rbp=Oop [36]=NarrowOop [48]=Oop [56]=Oop [64]=Oop [72]=Oop [80]=NarrowOop [112]=Oop [120]=NarrowOop [128]=Oop }
                      ;*invokevirtual maybeInstantiateVerifier {reexecute=0 rethrow=0 return_oop=0}
                      ; - java.util.jar.JarFile::getInputStream@9 (line 854)
                      ; - jdk.internal.loader.URLClassPath$JarLoader$2::getInputStream@11 (line 848)
                      ; - jdk.internal.loader.Resource::cachedInputStream@9 (line 77)
                      ; - jdk.internal.loader.Resource::getByteBuffer@1 (line 163)
                      ; - jdk.internal.loader.BuiltinClassLoader::defineClass@45 (line 853)
  0x00000233a548798c: 90e1 d4ff 

  0x00000233a5487990: ;   {other}
  0x00000233a5487990: 0f1f 8400 | 001f 000b | 448b 4424 | 2441 8b68 | 3085 ed0f | 8590 5b00 | 0044 8b5c | 2450 4d8b 
  0x00000233a54879b0: c348 8b54 | 2430 488b | 6c24 4090 

  0x00000233a54879bc: ;   {optimized virtual_call}
  0x00000233a54879bc: c5f8 77e8 

  0x00000233a54879c0: ; ImmutableOopMap {rbp=Oop [48]=Oop [56]=Oop [72]=Oop [112]=Oop [120]=NarrowOop [128]=Oop }
                      ;*invokespecial getInputStream {reexecute=0 rethrow=0 return_oop=1}
                      ; - java.util.jar.JarFile::getInputStream@21 (line 856)
                      ; - jdk.internal.loader.URLClassPath$JarLoader$2::getInputStream@11 (line 848)
                      ; - jdk.internal.loader.Resource::cachedInputStream@9 (line 77)
                      ; - jdk.internal.loader.Resource::getByteBuffer@1 (line 163)
                      ; - jdk.internal.loader.BuiltinClassLoader::defineClass@45 (line 853)
  0x00000233a54879c0: 5cf1 cfff 

  0x00000233a54879c4: ;   {other}
  0x00000233a54879c4: 0f1f 8400 | 341f 000c | 488b d84c | 8b5c 2430 | 488d 8424 | d800 0000 | 4883 3800 | 0f84 7900 
  0x00000233a54879e4: 0000 4d8b | 1341 f6c2 | 020f 8462 | 0000 0049 | 83ba 8600 | 0000 0074 | 0949 ff8a | 8600 0000 
  0x00000233a5487a04: eb4b 498b | 8296 0000 | 0049 0b82 | 8e00 0000 | 750a 49c7 | 423e 0000 | 0000 eb3d | 4983 ba9e 
  0x00000233a5487a24: 0000 0000 | 7422 4833 | c049 c742 | 3e00 0000 | 00f0 8304 | 2400 4983 | ba9e 0000 | 0000 750d 
  0x00000233a5487a44: f04d 0fb1 | 7a3e 7505 | 83c8 01eb | 0ca8 00eb | 084c 8b10 | f04d 0fb1 | 1375 0a49 | ff8f 4805 
  0x00000233a5487a64: 0000 4533 | d20f 858f | 5200 0041 | 807f 4000 | 0f85 3433 | 0000 4c8b | 5424 704c | 8bc3 4c8b 
  0x00000233a5487a84: 5c24 7045 | 8943 0c4c | 8bdb 4d33 | da49 c1eb | 144d 85db | 7425 660f | 1f44 0000 | 4885 db74 
  0x00000233a5487aa4: 1a49 c1ea | 0948 b900 | 605c ac33 | 0200 0049 | 03ca 8039 | 020f 8566 | 3300 0044 

  0x00000233a5487ac0: ;   {no_reloc}
  0x00000233a5487ac0: 8b5c 2420 | 4c8b 5424 | 7041 8b6a | 0c48 8d84 | 24d0 0000 | 004c 8b44 | 2470 4883 | 3800 0f84 
  0x00000233a5487ae0: 7900 0000 | 4d8b 1041 | f6c2 020f | 8462 0000 | 0049 83ba | 8600 0000 | 0074 0949 | ff8a 8600 
  0x00000233a5487b00: 0000 eb4b | 498b 8296 | 0000 0049 | 0b82 8e00 | 0000 750a | 49c7 423e | 0000 0000 | eb3d 4983 
  0x00000233a5487b20: ba9e 0000 | 0000 7422 | 4833 c049 | c742 3e00 | 0000 00f0 | 8304 2400 | 4983 ba9e | 0000 0000 
  0x00000233a5487b40: 750d f04d | 0fb1 7a3e | 7505 83c8 | 01eb 0ca8 | 00eb 084c | 8b10 f04d | 0fb1 1075 | 0a49 ff8f 
  0x00000233a5487b60: 4805 0000 | 4533 d20f | 85a0 4900 | 0044 8b45 

  0x00000233a5487b70: ;   {metadata('sun/nio/ByteBuffered')}
  0x00000233a5487b70: 0848 b800 | 0736 b233 | 0200 0048 | be00 0000 | b233 0200 | 0049 03f0 | 4c8b 5620 | 4c3b d00f 
  0x00000233a5487b90: 849f 4700 | 0048 8b7e | 288b 0f48 | 83c7 0848 | 85c0 f248 | af0f 8504 | 0000 0048 | 8946 200f 
  0x00000233a5487bb0: 847f 4700 | 0066 6666 | 0f1f 8400 | 0000 0000 

  0x00000233a5487bc0: ;   {metadata('jdk/internal/loader/URLClassPath$JarLoader$2')}
  0x00000233a5487bc0: 4181 fb10 | 2421 000f | 85f0 2100 | 004c 8b6c | 2470 488d | 9c24 d000 | 0000 498b | 4500 a802 
  0x00000233a5487be0: 0f85 2400 | 0000 4883 | c801 4889 | 03f0 490f | b15d 000f | 8437 0000 | 0048 2bc4 | 4825 07f0 
  0x00000233a5487c00: ffff 4889 | 03e9 2400 | 0000 4c8b | d048 33c0 | f04d 0fb1 | 7a3e 48c7 | 0303 0000 | 0074 114c 
  0x00000233a5487c20: 3bf8 7515 | 49ff 8286 | 0000 0048 | 33c0 7509 | 49ff 8748 | 0500 0033 | c00f 8581 | 4900 0045 
  0x00000233a5487c40: 8b55 0c45 | 85d2 0f85 | 3102 0000 | 458b 5d20 

  0x00000233a5487c50: ; implicit exception: dispatches to 0x00000233a548f7e8
  0x00000233a5487c50: 458b 5318 | 458b 5d1c | 4585 d20f | 1f44 0000 | 0f84 f24e | 0000 4d8b | ca48 8d9c | 24d8 0000 
  0x00000233a5487c70: 0049 8b01 | a802 0f85 | 2300 0000 | 4883 c801 | 4889 03f0 | 490f b119 | 0f84 3700 | 0000 482b 
  0x00000233a5487c90: c448 2507 | f0ff ff48 | 8903 e924 | 0000 004c | 8bc0 4833 | c0f0 4d0f | b178 3e48 | c703 0300 
  0x00000233a5487cb0: 0000 7411 | 4c3b f875 | 1549 ff80 

  0x00000233a5487cbc: ;   {no_reloc}
  0x00000233a5487cbc: 8600 0000 | 4833 c075 | 0949 ff87 | 4805 0000 | 33c0 0f85 | d74f 0000 | 4585 db0f | 8487 5a00 
  0x00000233a5487cdc: 004c 894c | 2430 4489 | 5c24 6844 | 8954 2420 | 4c89 6c24 | 4049 8bd1 | 498b e990 

  0x00000233a5487cf8: ;   {optimized virtual_call}
  0x00000233a5487cf8: c5f8 77e8 

  0x00000233a5487cfc: ; ImmutableOopMap {rbp=Oop [32]=NarrowOop [48]=Oop [56]=Oop [64]=Oop [72]=Oop [104]=NarrowOop [112]=Oop [120]=NarrowOop [128]=Oop }
                      ;*invokevirtual maybeInstantiateVerifier {reexecute=0 rethrow=0 return_oop=0}
                      ; - java.util.jar.JarFile::getInputStream@9 (line 854)
                      ; - jdk.internal.loader.URLClassPath$JarLoader$2::getInputStream@11 (line 848)
                      ; - jdk.internal.loader.Resource::cachedInputStream@9 (line 77)
                      ; - jdk.internal.loader.Resource::getBytes@1 (line 89)
                      ; - jdk.internal.loader.URLClassPath$JarLoader$2::getBytes@1 (line 862)
                      ; - jdk.internal.loader.BuiltinClassLoader::defineClass@84 (line 859)
  0x00000233a5487cfc: 806d 6cff 

  0x00000233a5487d00: ;   {other}
  0x00000233a5487d00: 0f1f 8400 | 7022 000d | 448b 5424 | 2041 8b6a | 3085 ed0f | 8547 5800 | 0044 8b54 | 2468 4d8b 
  0x00000233a5487d20: c248 8b54 | 2430 4c8b | 5424 4049 | 8bea 6690 

  0x00000233a5487d30: ;   {optimized virtual_call}
  0x00000233a5487d30: c5f8 77e8 

  0x00000233a5487d34: ; ImmutableOopMap {rbp=Oop [48]=Oop [56]=Oop [64]=Oop [72]=Oop [112]=Oop [120]=NarrowOop [128]=Oop }
                      ;*invokespecial getInputStream {reexecute=0 rethrow=0 return_oop=1}
                      ; - java.util.jar.JarFile::getInputStream@21 (line 856)
                      ; - jdk.internal.loader.URLClassPath$JarLoader$2::getInputStream@11 (line 848)
                      ; - jdk.internal.loader.Resource::cachedInputStream@9 (line 77)
                      ; - jdk.internal.loader.Resource::getBytes@1 (line 89)
                      ; - jdk.internal.loader.URLClassPath$JarLoader$2::getBytes@1 (line 862)
                      ; - jdk.internal.loader.BuiltinClassLoader::defineClass@84 (line 859)
  0x00000233a5487d34: 486d 6cff 

  0x00000233a5487d38: ;   {other}
  0x00000233a5487d38: 0f1f 8400 | a822 000e | 488b d84c | 8b5c 2430 | 488d 8424 | d800 0000 | 4883 3800 | 0f84 7900 
  0x00000233a5487d58: 0000 4d8b | 1341 f6c2 | 020f 8462 | 0000 0049 | 83ba 8600 | 0000 0074 | 0949 ff8a | 8600 0000 
  0x00000233a5487d78: eb4b 498b | 8296 0000 | 0049 0b82 | 8e00 0000 | 750a 49c7 | 423e 0000 | 0000 eb3d | 4983 ba9e 
  0x00000233a5487d98: 0000 0000 | 7422 4833 | c049 c742 | 3e00 0000 | 00f0 8304 | 2400 4983 | ba9e 0000 | 0000 750d 
  0x00000233a5487db8: f04d 0fb1 | 7a3e 7505 | 83c8 01eb | 0ca8 00eb | 084c 8b10 | f04d 0fb1 | 1375 0a49 | ff8f 4805 
  0x00000233a5487dd8: 0000 4533 | d266 6690 | 0f85 434f | 0000 4180 | 7f40 000f | 85fb 2f00 | 004c 8bed | 4d8b dd4c 
  0x00000233a5487df8: 8bd3 4589 | 550c 4c8b | c34d 33c3 | 49c1 e814 | 4d85 c00f | 846c 0000 | 0048 85db | 0f84 6300 
  0x00000233a5487e18: 0000 49c1 | eb09 48b9 | 0060 5cac | 3302 0000 | 4903 cb80 | 3902 0f84 | 4900 0000 

  0x00000233a5487e34: ;   {no_reloc}
  0x00000233a5487e34: 4d8b 5748 | 4d8b 5f58 | f083 4424 | c000 8039 | 0074 3244 | 8821 4d85 | d274 0f4b | 894c 13f8 
  0x00000233a5487e54: 4983 c2f8 | 4d89 5748 | eb1b 498b | d7c5 f877 | 49ba a014 | b46c fe7f | 0000 41ff 

  0x00000233a5487e70: ;   {other}
  0x00000233a5487e70: d20f 1f84 | 0000 0000 | 0045 8b55 | 0c48 8d84 | 24d0 0000 | 0048 8338 | 000f 847b | 0000 004d 
  0x00000233a5487e90: 8b5d 0041 | f6c3 020f | 8462 0000 | 0049 83bb | 8600 0000 | 0074 0949 | ff8b 8600 | 0000 eb4b 
  0x00000233a5487eb0: 498b 8396 | 0000 0049 | 0b83 8e00 | 0000 750a | 49c7 433e | 0000 0000 | eb3e 4983 | bb9e 0000 
  0x00000233a5487ed0: 0000 7422 | 4833 c049 | c743 3e00 | 0000 00f0 | 8304 2400 | 4983 bb9e | 0000 0000 | 750d f04d 
  0x00000233a5487ef0: 0fb1 7b3e | 7505 83c8 | 01eb 0da8 | 00eb 094c | 8b18 f04d | 0fb1 5d00 | 750a 49ff | 8f48 0500 
  0x00000233a5487f10: 0045 33db | 0f85 d046 | 0000 4c8b | 5c24 4845 | 0fb6 5b3a | 4585 db0f | 85c4 3100 | 0033 ff45 
  0x00000233a5487f30: 8b5d 1c4d | 8b5b 2049 | 8bb7 b801 | 0000 4c8b | c649 83c0 | 1045 8bdb | 4d3b 87c8 | 0100 000f 
  0x00000233a5487f50: 83b0 3200 | 004d 8987 | b801 0000 | 410f 0d88 | c000 0000 | 48c7 0601 | 0000 0041 | 0f0d 8800 
  0x00000233a5487f70: ;   {no_reloc}
  0x00000233a5487f70: 0100 00c7 | 4608 6822 | 0000 410f | 0d88 4001 | 0000 4489 | 660c 410f | 0d88 8001 | 0000 4183 
  0x00000233a5487f90: fbff 0f84 | c850 0000 | 4585 db7f | 3b66 6690 | 4585 d20f | 855e 0200 | 00ba f6ff | ffff 4c8b 
  0x00000233a5487fb0: 5424 384c | 8954 2420 | 4c89 6c24 | 3848 8974 | 2440 897c | 2434 6690 

  0x00000233a5487fc8: ;   {runtime_call UncommonTrapBlob}
  0x00000233a5487fc8: c5f8 77e8 

  0x00000233a5487fcc: ; ImmutableOopMap {[32]=Oop [56]=Oop [64]=Oop [120]=NarrowOop [128]=Oop }
                      ;*invokevirtual close {reexecute=0 rethrow=0 return_oop=0}
                      ; - jdk.internal.loader.Resource::getBytes@183 (line 145)
                      ; - jdk.internal.loader.URLClassPath$JarLoader$2::getBytes@1 (line 862)
                      ; - jdk.internal.loader.BuiltinClassLoader::defineClass@84 (line 859)
  0x00000233a5487fcc: 30c6 6cff 

  0x00000233a5487fd0: ;   {other}
  0x00000233a5487fd0: 0f1f 8400 | 4025 000f | 0f1f 8400 | 0000 0000 

  0x00000233a5487fe0: ; implicit exception: dispatches to 0x00000233a548ec00
  0x00000233a5487fe0: 458b 4a08 

  0x00000233a5487fe4: ;   {metadata('java/util/zip/ZipFile$ZipFileInflaterInputStream')}
  0x00000233a5487fe4: 498b d241 | 81f9 f880 | 3100 0f85 | 4e27 0000 | 4533 c944 | 8b46 0c0f | 1f44 0000 | 453b c80f 
  0x00000233a5488004: 8c08 1900 | 0041 8bdb | 412b d941 | 8d88 0004 | 0000 3bd9 | 0f4f d985 | db66 6690 | 0f8c b642 
  0x00000233a5488024: 0000 428d | 0c0b 488b | c648 83c0 | 1041 3bc8 | 0f84 3225 | 0000 660f | 1f44 0000 | 81f9 0000 
  0x00000233a5488044: 1000 0f87 | 4e3d 0000 | 4c63 f144 | 3bc1 418b | e80f 4fe9 | 443b c50f | 1f44 0000 | 0f82 ab3d 
  0x00000233a5488064: 0000 3bcd | 0f82 ac3d | 0000 4983 | c617 4d8b | c649 83e0 | f80f 1f80 | 0000 0000 | 81f9 0000 
  0x00000233a5488084: 1000 0f87 | 392f 0000 | 4c89 8424 | 9000 0000 | 4c89 b424 | 8800 0000 | 4889 4424 | 6889 4c24 
  0x00000233a54880a4: 6489 5c24 | 4444 894c | 2440 4889 | 5424 3044 | 895c 2460 | 4889 7424 | 2089 7c24 | 5c44 8954 
  0x00000233a54880c4: 2458 4c89 | 6c24 5049 | 8b9f b801 | 0000 4c8b | db4d 03d8 | 0f1f 8400 | 0000 0000 | 4d3b 9fc8 
  0x00000233a54880e4: ;   {no_reloc}
  0x00000233a54880e4: 0100 000f | 8317 2f00 | 004d 899f | b801 0000 | 410f 0d8b | c000 0000 | 48c7 0301 | 0000 0041 
  0x00000233a5488104: 0f0d 8b00 

  0x00000233a5488108: ;   {metadata({type array byte})}
  0x00000233a5488108: 0100 00c7 | 4308 6822 | 0000 894b | 0c41 0f0d | 8b40 0100 | 0041 0f0d | 8b80 0100 | 0048 8bd3 
  0x00000233a5488128: 4883 c210 | 4c8b 9424 | 8800 0000 | 49c1 ea03 | 85ed 660f | 1f44 0000 | 0f84 5f3c | 0000 3b6c 
  0x00000233a5488148: 2464 0f8c | 1c19 0000 | 4c8b 9424 | 9000 0000 | 4983 c2f0 | 49c1 ea03 | 488b 4c24 | 684d 8bc2 
  0x00000233a5488168: c5f8 7749 | ba60 33b3 | a433 0200 | 0041 ffd2 

  0x00000233a5488178: ;   {other}
  0x00000233a5488178: 0f1f 8400 | 0000 0000 | 4889 5c24 | 684c 8b6c | 2450 8b7c | 245c 448b | 5c24 6048 | 8b54 2430 
  0x00000233a5488198: 448b 4c24 | 408b 5c24 | 4444 894c | 2430 4889 | 5424 2044 | 895c 2460 | 897c 245c | 4c89 6c24 
  0x00000233a54881b8: 504c 8b44 | 2468 8bfb | 498b ed90 

  0x00000233a54881c4: ;   {optimized virtual_call}
  0x00000233a54881c4: c5f8 77e8 

  0x00000233a54881c8: ; ImmutableOopMap {rbp=Oop [32]=Oop [56]=Oop [72]=Oop [80]=Oop [88]=NarrowOop [104]=Oop [112]=Oop [120]=NarrowOop [128]=Oop }
                      ;*invokevirtual read {reexecute=0 rethrow=0 return_oop=0}
                      ; - jdk.internal.loader.Resource::getBytes@117 (line 126)
                      ; - jdk.internal.loader.URLClassPath$JarLoader$2::getBytes@1 (line 862)
                      ; - jdk.internal.loader.BuiltinClassLoader::defineClass@84 (line 859)
  0x00000233a54881c8: 34af d5ff 

  0x00000233a54881cc: ;   {other}
  0x00000233a54881cc: 0f1f 8400 | 3c27 0010 | 85c0 0f8c | c140 0000 | 0344 2430 | 8b7c 245c | 4d8b 9750 

  0x00000233a54881e8: ; ImmutableOopMap {[32]=Oop [56]=Oop [72]=Oop [80]=Oop [88]=NarrowOop [104]=Oop [112]=Oop [120]=NarrowOop [128]=Oop }
                      ;*goto {reexecute=1 rethrow=0 return_oop=0}
                      ; - (reexecute) jdk.internal.loader.Resource::getBytes@179 (line 142)
                      ; - jdk.internal.loader.URLClassPath$JarLoader$2::getBytes@1 (line 862)
                      ; - jdk.internal.loader.BuiltinClassLoader::defineClass@84 (line 859)
                      ;   {poll}
  0x00000233a54881e8: 0400 0041 | 8502 3b44 | 2460 0f8c | b8f5 ffff | 4c8b 6c24 | 5044 8b54 | 2458 488b | 7424 6845 
  0x00000233a5488208: 8b5a 0849 

  0x00000233a548820c: ;   {metadata('java/util/zip/ZipFile$ZipFileInflaterInputStream')}
  0x00000233a548820c: 8bd2 4181 | fbf8 8031 | 000f 85d2 | 1900 0048 | 8974 2440 | 897c 2430 | 4c89 6c24 | 2066 6690 
  0x00000233a548822c: ;   {optimized virtual_call}
  0x00000233a548822c: c5f8 77e8 

  0x00000233a5488230: ; ImmutableOopMap {[32]=Oop [56]=Oop [64]=Oop [112]=Oop [120]=NarrowOop [128]=Oop }
                      ;*invokevirtual close {reexecute=0 rethrow=0 return_oop=0}
                      ; - jdk.internal.loader.Resource::getBytes@183 (line 145)
                      ; - jdk.internal.loader.URLClassPath$JarLoader$2::getBytes@1 (line 862)
                      ; - jdk.internal.loader.BuiltinClassLoader::defineClass@84 (line 859)
  0x00000233a5488230: 4c91 bdf8 

  0x00000233a5488234: ;   {other}
  0x00000233a5488234: 0f1f 8400 | a427 0012 | 4c8b 6c24 | 208b 7c24 | 3048 8b74 | 2440 85ff | 0f85 c14e | 0000 448b 
  0x00000233a5488254: 460c 4585 | c00f 8639 | 4e00 0041 | 8be8 ffcd | 413b e80f | 830f 4100 | 0048 8bd6 | 4883 c210 
  0x00000233a5488274: 33c9 c5f8 | 7749 bae0 | 12b0 a433 | 0200 0041 

  0x00000233a5488284: ;   {other}
  0x00000233a5488284: ffd2 0f1f | 8400 0000 | 0000 458b | 551c 4d8b | 5218 448b | d84d 3bda | 0f1f 4000 | 0f85 224e 
  0x00000233a54882a4: 0000 4889 | 7424 504c | 8b54 2470 | 458b 5208 | 0f1f 8400 | 0000 0000 | 6666 6690 

  0x00000233a54882c0: ;   {metadata('jdk/internal/loader/URLClassPath$JarLoader$2')}
  0x00000233a54882c0: 4181 fa10 | 2421 000f | 8572 2200 | 004c 8b54 | 2470 418b | 6a1c 448b | 5508 660f | 1f44 0000 
  0x00000233a54882e0: ;   {metadata('java/util/jar/JarFile$JarFileEntry')}
  0x00000233a54882e0: 4181 fae0 | 0f31 000f | 852e 4300 | 004c 8bd5 | 458b 5a64 | 4585 db0f | 84af 4000 | 0049 8bea 
  0x00000233a5488300: 498b d390 

  0x00000233a5488304: ;   {optimized virtual_call}
  0x00000233a5488304: c5f8 77e8 

  0x00000233a5488308: ; ImmutableOopMap {rbp=Oop [56]=Oop [80]=Oop [120]=NarrowOop [128]=Oop }
                      ;*invokevirtual maybeInstantiateVerifier {reexecute=0 rethrow=0 return_oop=0}
                      ; - java.util.jar.JarFile$JarFileEntry::getCodeSigners@4 (line 670)
                      ; - jdk.internal.loader.URLClassPath$JarLoader$2::getCodeSigners@4 (line 858)
                      ; - jdk.internal.loader.BuiltinClassLoader::defineClass@90 (line 860)
  0x00000233a5488308: 14d8 d4ff 

  0x00000233a548830c: ;   {other}
  0x00000233a548830c: 0f1f 8400 | 7c28 0013 | 4c8b c541 | 8b68 5c85 | ed66 6690 | 0f85 ff48 | 0000 458b | 5864 418b 
  0x00000233a548832c: 6b30 85ed | 0f85 0a4e | 0000 498b | afb8 0100 | 004c 8bd5 | 4983 c228 | 4d3b 97c8 | 0100 000f 
  0x00000233a548834c: 8317 2e00 | 004d 8997 | b801 0000 | 410f 0d8a | c000 0000 | 48c7 4500 | 0100 0000 

  0x00000233a5488368: ;   {metadata('java/security/CodeSource')}
  0x00000233a5488368: c745 08c0 | 5c00 0044 | 8965 0c4c | 8965 104c | 8965 184c | 8965 2044 | 8b5c 2478 | 4489 5d0c 
  0x00000233a5488388: 4585 db0f | 848b 4c00 | 0049 8bd3 

  0x00000233a5488394: ;   {static_call}
  0x00000233a5488394: c5f8 77e8 

  0x00000233a5488398: ; ImmutableOopMap {rbp=Oop [56]=Oop [80]=Oop [128]=Oop }
                      ;*invokestatic urlNoFragString {reexecute=0 rethrow=0 return_oop=1}
                      ; - java.security.CodeSource::<init>@30 (line 123)
                      ; - jdk.internal.loader.BuiltinClassLoader::defineClass@102 (line 861)
  0x00000233a5488398: e4ec e9ff 

  0x00000233a548839c: ;   {other}
  0x00000233a548839c: 0f1f 8400 | 0c29 0014 | 488b d841 | 807f 4000 | 0f85 9b22 | 0000 4c8b | 5424 5041 | 8b72 0c4c 
  0x00000233a54883bc: 8bd3 4489 | 5520 4c8b | 9424 8000 | 0000 498b | fa4c 8bdd | 4489 5c24 | 484c 8bd5 | 4c8b db4d 
  0x00000233a54883dc: 33da 49c1 | eb14 4d85 | db74 2348 | 85db 741e | 49c1 ea09 | 4c8b 4424 | 284d 03c2 | 0f1f 8400 
  0x00000233a54883fc: 0000 0000 | 4180 3802 | 0f85 7b22 | 0000 4d8b | 8fb8 0100 | 004d 8bd1 | 4983 c210 | 0f1f 8400 
  0x00000233a548841c: 0000 0000 | 4d3b 97c8 | 0100 000f | 835f 2d00 | 004d 8997 | b801 0000 | 410f 0d8a | c000 0000 
  0x00000233a548843c: 49c7 0101 

  0x00000233a5488440: ;   {metadata('java/security/SecureClassLoader$CodeSourceKey')}
  0x00000233a5488440: 0000 0041 | c741 0820 | c411 0045 | 8961 0c44 | 8b54 2448 | 4589 510c | 498b 8fb8 | 0100 004c 
  0x00000233a5488460: 8b94 2480 | 0000 0041 | 8b6a 504c | 8bd1 4983 | c210 6666 | 0f1f 8400 | 0000 0000 | 6666 6690 
  0x00000233a5488480: 4d3b 97c8 | 0100 000f | 8338 2d00 | 004d 8997 | b801 0000 | 410f 0d8a | c000 0000 | 48c7 0101 
  0x00000233a54884a0: ;   {metadata('java/security/SecureClassLoader$1')}
  0x00000233a54884a0: 0000 00c7 | 4108 a8c9 | 1100 8979 | 0c44 8b5d 

  0x00000233a54884b0: ;   {metadata('java/util/concurrent/ConcurrentHashMap')}
  0x00000233a54884b0: 0841 81fb | 8047 0600 | 0f85 8740 | 0000 488b | d54d 8bc1 | 4c8b c98b | ee89 7424 | 5866 6690 
  0x00000233a54884d0: ;   {optimized virtual_call}
  0x00000233a54884d0: c5f8 77e8 

  0x00000233a54884d4: ; ImmutableOopMap {[56]=Oop [80]=Oop [128]=Oop }
                      ;*invokeinterface computeIfAbsent {reexecute=0 rethrow=0 return_oop=1}
                      ; - java.security.SecureClassLoader::getProtectionDomain@28 (line 222)
                      ; - java.security.SecureClassLoader::defineClass@9 (line 150)
                      ; - jdk.internal.loader.BuiltinClassLoader::defineClass@117 (line 862)
  0x00000233a54884d4: a819 2ef8 

  0x00000233a54884d8: ;   {other}
  0x00000233a54884d8: 0f1f 8400 | 482a 0015 

  0x00000233a54884e0: ; implicit exception: dispatches to 0x00000233a548f6e0
  0x00000233a54884e0: 448b 5008 

  0x00000233a54884e4: ;   {metadata('java/security/ProtectionDomain')}
  0x00000233a54884e4: 4181 faa8 | 5700 000f | 8533 7000 | 004c 8b4c | 2438 458b | 5914 660f | 1f44 0000 

  0x00000233a5488500: ; implicit exception: dispatches to 0x00000233a548f6f8
  0x00000233a5488500: 418b 5b0c | 4c8b c085 | db0f 8665 | 4000 0045 | 0fbe 5110 | 4585 d20f | 85c3 4600 | 00c4 e22a 
  0x00000233a5488520: f7f3 3bf3 | 448b d644 | 0f4f d349 | 8bcb 498d | 6b10 4585 | d20f 8ed5 | 0000 000f | 1f44 0000 
  0x00000233a5488540: 413b da0f | 82f3 4000 | 0048 8bfd | 418b d2b8 | 2f00 0000 | 488b df83 | fa10 0f8c | 7900 0000 
  0x00000233a5488560: 83fa 200f | 8c36 0000 | 00c5 f96e | c0c4 e27d | 78c0 c5ed | efd2 8bca | 83e1 e083 | e21f c5fe 
  0x00000233a5488580: 6f0b c5f5 | 74c8 c4e2 | 7d17 d10f | 8369 0000 | 0048 83c3 | 2083 e920 | 75e4 e90d | 0000 00c5 
  0x00000233a54885a0: f96e c0c5 | e9ef d2c4 | e279 00c2 | 83fa 100f | 8c24 0000 | 008b ca83 | e1f0 83e2 | 0fc5 fa6f 
  0x00000233a54885c0: 0bc5 f174 | c8c4 e279 | 17d1 0f83 | 2a00 0000 | 4883 c310 | 83e9 1075 | e485 d20f | 8412 0000 
  0x00000233a54885e0: ;   {no_reloc}
  0x00000233a54885e0: 000f b60b | 3bc1 741c | 4883 c301 | 83ea 0174 | 02eb eebb | ffff ffff | eb0d c5fd | d7c9 0fbc 
  0x00000233a5488600: c148 03d8 | 482b df83 | fbff 0f85 | 2049 0000 | 0fb6 6d00 | 83fd 5b0f | 841f 4a00 | 008b ee4c 
  0x00000233a5488620: 8944 2440 | 48ff 7424 | 3848 8f44 

  0x00000233a548862c: ;   {oop("java."{0x0000000081c58788})}
  0x00000233a548862c: 2428 48ba | 8887 c581 | 0000 0000 

  0x00000233a5488638: ;   {optimized virtual_call}
  0x00000233a5488638: c5f8 77e8 

  0x00000233a548863c: ; ImmutableOopMap {[40]=Oop [56]=Oop [64]=Oop [80]=Oop [128]=Oop }
                      ;*invokevirtual length {reexecute=0 rethrow=0 return_oop=0}
                      ; - java.lang.String::startsWith@10 (line 2285)
                      ; - java.lang.String::startsWith@3 (line 2327)
                      ; - java.lang.ClassLoader::preDefineClass@43 (line 906)
                      ; - java.lang.ClassLoader::defineClass@4 (line 1025)
                      ; - java.security.SecureClassLoader::defineClass@12 (line 150)
                      ; - jdk.internal.loader.BuiltinClassLoader::defineClass@117 (line 862)
  0x00000233a548863c: 0010 c2ff 

  0x00000233a5488640: ;   {other}
  0x00000233a5488640: 0f1f 8400 | b02b 0016 | 2be8 85ed | 0f8c 8a00 | 0000 4c8b | 5424 3841 | 8b6a 1448 | 8b54 2438 
  0x00000233a5488660: ;   {optimized virtual_call}
  0x00000233a5488660: c5f8 77e8 

  0x00000233a5488664: ; ImmutableOopMap {rbp=NarrowOop [40]=Oop [56]=Oop [64]=Oop [80]=Oop [128]=Oop }
                      ;*invokevirtual coder {reexecute=0 rethrow=0 return_oop=0}
                      ; - java.lang.String::startsWith@39 (line 2292)
                      ; - java.lang.String::startsWith@3 (line 2327)
                      ; - java.lang.ClassLoader::preDefineClass@43 (line 906)
                      ; - java.lang.ClassLoader::defineClass@4 (line 1025)
                      ; - java.security.SecureClassLoader::defineClass@12 (line 150)
                      ; - jdk.internal.loader.BuiltinClassLoader::defineClass@117 (line 862)
  0x00000233a5488664: d8ab c2ff 

  0x00000233a5488668: ;   {other}
  0x00000233a5488668: 0f1f 8400 | d82b 0017 | 8944 2420 

  0x00000233a5488674: ;   {oop("java."{0x0000000081c58788})}
  0x00000233a5488674: 48ba 8887 | c581 0000 | 0000 6690 

  0x00000233a5488680: ;   {optimized virtual_call}
  0x00000233a5488680: c5f8 77e8 

  0x00000233a5488684: ; ImmutableOopMap {rbp=NarrowOop [40]=Oop [56]=Oop [64]=Oop [80]=Oop [128]=Oop }
                      ;*invokevirtual coder {reexecute=0 rethrow=0 return_oop=0}
                      ; - java.lang.String::startsWith@47 (line 2293)
                      ; - java.lang.String::startsWith@3 (line 2327)
                      ; - java.lang.ClassLoader::preDefineClass@43 (line 906)
                      ; - java.lang.ClassLoader::defineClass@4 (line 1025)
                      ; - java.security.SecureClassLoader::defineClass@12 (line 150)
                      ; - jdk.internal.loader.BuiltinClassLoader::defineClass@117 (line 862)
  0x00000233a5488684: b8ab c2ff 

  0x00000233a5488688: ;   {other}
  0x00000233a5488688: 0f1f 8400 | f82b 0018 | 448b 4424 | 2044 3bc0 | 0f85 ba48 | 0000 6690 | 4183 f801 | 0f84 ba4a 
  0x00000233a54886a8: 0000 488b | d5be 0500 

  0x00000233a54886b0: ;   {oop([B{0x0000000081c587a0})}
  0x00000233a54886b0: 0000 49b9 | a087 c581 | 0000 0000 | 4533 c033 | ff66 6690 

  0x00000233a54886c4: ;   {static_call}
  0x00000233a54886c4: c5f8 77e8 

  0x00000233a54886c8: ; ImmutableOopMap {[40]=Oop [56]=Oop [64]=Oop [80]=Oop [128]=Oop }
                      ;*invokestatic mismatch {reexecute=0 rethrow=0 return_oop=0}
                      ; - java.lang.String::startsWith@70 (line 2297)
                      ; - java.lang.String::startsWith@3 (line 2327)
                      ; - java.lang.ClassLoader::preDefineClass@43 (line 906)
                      ; - java.lang.ClassLoader::defineClass@4 (line 1025)
                      ; - java.security.SecureClassLoader::defineClass@12 (line 150)
                      ; - jdk.internal.loader.BuiltinClassLoader::defineClass@117 (line 862)
  0x00000233a54886c8: 5495 c9ff 

  0x00000233a54886cc: ;   {other}
  0x00000233a54886cc: 0f1f 8400 | 3c2c 0019 | 85c0 0f8c | 983f 0000 | 488b 6c24 | 4044 8b5d | 104d 8bcb | 488b 9424 
  0x00000233a54886ec: 8000 0000 | 4c8b 4424 | 3866 6690 

  0x00000233a54886f8: ;   {optimized virtual_call}
  0x00000233a54886f8: c5f8 77e8 

  0x00000233a54886fc: ; ImmutableOopMap {rbp=Oop [56]=Oop [80]=Oop [128]=Oop }
                      ;*invokevirtual checkCerts {reexecute=0 rethrow=0 return_oop=0}
                      ; - java.lang.ClassLoader::preDefineClass@113 (line 917)
                      ; - java.lang.ClassLoader::defineClass@4 (line 1025)
                      ; - java.security.SecureClassLoader::defineClass@12 (line 150)
                      ; - jdk.internal.loader.BuiltinClassLoader::defineClass@117 (line 862)
  0x00000233a54886fc: c077 0300 

  0x00000233a5488700: ;   {other}
  0x00000233a5488700: 0f1f 8400 | 702c 001a | 488b 9424 | 8000 0000 | 4c8b c590 

  0x00000233a5488714: ;   {optimized virtual_call}
  0x00000233a5488714: c5f8 77e8 

  0x00000233a5488718: ; ImmutableOopMap {rbp=Oop [56]=Oop [80]=Oop [128]=Oop }
                      ;*invokevirtual defineClassSourceLocation {reexecute=0 rethrow=0 return_oop=1}
                      ; - java.lang.ClassLoader::defineClass@12 (line 1026)
                      ; - java.security.SecureClassLoader::defineClass@12 (line 150)
                      ; - jdk.internal.loader.BuiltinClassLoader::defineClass@117 (line 862)
  0x00000233a5488718: 4489 0300 

  0x00000233a548871c: ;   {other}
  0x00000233a548871c: 0f1f 8400 | 8c2c 001b | 488b 9424 | 8000 0000 | 4c8b 4424 | 384c 8b4c | 2450 33ff | 8b74 2458 
  0x00000233a548873c: 488b cd48 | 8904 2490 

  0x00000233a5488744: ;   {static_call}
  0x00000233a5488744: c5f8 77e8 

  0x00000233a5488748: ; ImmutableOopMap {rbp=Oop [128]=Oop }
                      ;*invokestatic defineClass1 {reexecute=0 rethrow=0 return_oop=1}
                      ; - java.lang.ClassLoader::defineClass@27 (line 1027)
                      ; - java.security.SecureClassLoader::defineClass@12 (line 150)
                      ; - jdk.internal.loader.BuiltinClassLoader::defineClass@117 (line 862)
  0x00000233a5488748: 9453 c5ff 

  0x00000233a548874c: ;   {other}
  0x00000233a548874c: 0f1f 8400 | bc2c 001c | 4889 4424 | 2048 8b94 | 2480 0000 | 004c 8bc0 | 4c8b cd90 

  0x00000233a5488768: ;   {optimized virtual_call}
  0x00000233a5488768: c5f8 77e8 

  0x00000233a548876c: ; ImmutableOopMap {[32]=Oop }
                      ;*invokevirtual postDefineClass {reexecute=0 rethrow=0 return_oop=0}
                      ; - java.lang.ClassLoader::defineClass@37 (line 1028)
                      ; - java.security.SecureClassLoader::defineClass@12 (line 150)
                      ; - jdk.internal.loader.BuiltinClassLoader::defineClass@117 (line 862)
  0x00000233a548876c: b091 0300 

  0x00000233a5488770: ;   {other}
  0x00000233a5488770: 0f1f 8400 | e02c 001d | 488b 4424 | 20c5 f877 | 4881 c4f0 | 0000 005d 

  0x00000233a5488788: ;   {poll_return}
  0x00000233a5488788: 493b a748 | 0400 000f | 8737 8400 | 00c3 83c5 | 02ff c5eb | 0383 c502 | 3bac 2494 | 0000 000f 
  0x00000233a54887a8: 8dfa 0300 | 0044 8b94 | 2494 0000 | 0066 6666 | 0f1f 8400 | 0000 0000 | 4181 fa00 | 0010 000f 
  0x00000233a54887c8: 876e 2c00 | 004d 8b87 | b801 0000 | 4d63 da49 | 83c3 1749 | 83e3 f84d | 8bd0 4d03 | d34d 3b97 
  0x00000233a54887e8: c801 0000 | 0f83 492c | 0000 4d89 | 97b8 0100 | 0041 0f0d | 8ac0 0000 | 0049 c700 | 0100 0000 
  0x00000233a5488808: 410f 0d8a | 0001 0000 

  0x00000233a5488810: ;   {metadata({type array byte})}
  0x00000233a5488810: 41c7 4008 | 6822 0000 | 448b 9c24 | 9400 0000 | 4589 580c | 410f 0d8a | 4001 0000 | 410f 0d8a 
  0x00000233a5488830: 8001 0000 | 4c89 8424 | a000 0000 | 0f1f 4000 | 85ed 0f8e | e800 0000 | 448b cd41 | ffc9 443b 
  0x00000233a5488850: 8c24 9400 | 0000 0f83 | 494d 0000 | 448b 9424 | 9400 0000 | 4585 d20f | 8638 4d00 | 0044 8b9c 
  0x00000233a5488870: 2490 0000 | 0045 0fbe | 5310 4588 | 5010 6690 | 4183 f901 | 0f8e 8a4d | 0000 bbd0 | 0700 00b9 
  0x00000233a5488890: 0100 0000 | 8bd5 2bd1 | ffca 4533 | c044 3bc9 | 410f 4cd0 | 81fa d007 | 0000 0f47 | d303 d190 
  0x00000233a54888b0: 4c63 d144 | 8b9c 2490 | 0000 0047 | 0fbe 5c13 | 104c 8b84 | 24a0 0000 | 0047 885c | 1010 448b 
  0x00000233a54888d0: 8424 9000 | 0000 470f | be44 1011 | 4c8b 9c24 | a000 0000 | 4788 4413 | 1183 c102 | 3bca 7cc0 
  0x00000233a54888f0: 4d8b 9750 

  0x00000233a54888f4: ; ImmutableOopMap {r11=Oop [48]=Oop [56]=Oop [72]=Oop [80]=Oop [88]=Oop [96]=Oop [112]=Oop [120]=NarrowOop [128]=Oop [136]=Oop [144]=NarrowOop [152]=NarrowOop [160]=Oop }
                      ;*goto {reexecute=1 rethrow=0 return_oop=0}
                      ; - (reexecute) java.lang.StringLatin1::replace@76 (line 305)
                      ; - java.lang.String::replace@18 (line 2933)
                      ; - jdk.internal.loader.BuiltinClassLoader::isSealed@9 (line 992)
                      ; - jdk.internal.loader.BuiltinClassLoader::getAndVerifyPackage@70 (line 911)
                      ; - jdk.internal.loader.BuiltinClassLoader::defineOrCheckPackage@4 (line 877)
                      ; - jdk.internal.loader.ClassLoaders$AppClassLoader::defineOrCheckPackage@4 (line 211)
                      ; - jdk.internal.loader.BuiltinClassLoader::defineClass@40 (line 849)
                      ;   {poll}
  0x00000233a54888f4: 0400 0041 | 8502 660f | 1f44 0000 | 413b c97c | 8f3b cd7d | 2766 6690 | 4c63 d144 | 8b9c 2490 
  0x00000233a5488914: 0000 0047 | 0fbe 4413 | 104c 8b9c | 24a0 0000 | 0047 8844 | 1310 ffc1 | 3bcd 7cdc | 3bac 2494 
  0x00000233a5488934: 0000 000f | 8dec 0100 | 0066 6690 | 3bac 2494 | 0000 000f | 8398 4a00 | 0044 8b5c | 2424 6666 
  0x00000233a5488954: 0f1f 8400 | 0000 0000 | 6666 6690 | 443b 9c24 | 9400 0000 | 0f83 774a | 0000 448b | dd41 ffc3 
  0x00000233a5488974: 4c63 d544 | 8b84 2490 | 0000 0047 | 0fbe 4c10 | 1041 83f9 | 2e0f 84ce | 0a00 004c | 8b84 24a0 
  0x00000233a5488994: 0000 0047 | 884c 1010 | 448b c541 | ffc0 453b | c37d 0541 | 8be8 ebc8 | 443b 4424 | 400f 8d1d 
  0x00000233a54889b4: 0100 00ff | c5e9 df00 | 0000 41ba | 2f00 0000 | 0f1f 8400 | 0000 0000 | 6666 6690 | 4c8b 9c24 
  0x00000233a54889d4: a000 0000 | 4788 5403 | 1044 8b9c | 2490 0000 | 0047 0fbe | 5403 1141 | 83fa 2e0f | 848d 0000 
  0x00000233a54889f4: ;   {no_reloc}
  0x00000233a54889f4: 004c 8b9c | 24a0 0000 | 0047 8854 | 0311 448b | 9424 9000 | 0000 470f | be54 0212 | 4183 fa2e 
  0x00000233a5488a14: 0f84 5600 | 0000 4788 | 5403 1244 | 8b9c 2490 | 0000 0047 | 0fbe 5403 | 1341 83fa | 2e0f 8441 
  0x00000233a5488a34: 0000 004c | 8b9c 24a0 | 0000 0047 | 8854 0313 | 83c5 0441 | 3be9 0f8d | 3d00 0000 | 4c63 c544 
  0x00000233a5488a54: 8b94 2490 | 0000 0047 | 0fbe 5402 | 1041 83fa | 2e0f 8565 | ffff ffe9 | 4eff ffff | 41ba 2f00 
  0x00000233a5488a74: 0000 eba2 | 41ba 2f00 | 0000 6690 | ebb5 41ba | 2f00 0000 | e968 ffff | ff4d 8b97 

  0x00000233a5488a90: ; ImmutableOopMap {r11=Oop [48]=Oop [56]=Oop [72]=Oop [80]=Oop [88]=Oop [96]=Oop [112]=Oop [120]=NarrowOop [128]=Oop [136]=Oop [144]=NarrowOop [152]=NarrowOop [160]=Oop }
                      ;*goto {reexecute=1 rethrow=0 return_oop=0}
                      ; - (reexecute) java.lang.StringLatin1::replace@113 (line 312)
                      ; - java.lang.String::replace@18 (line 2933)
                      ; - jdk.internal.loader.BuiltinClassLoader::isSealed@9 (line 992)
                      ; - jdk.internal.loader.BuiltinClassLoader::getAndVerifyPackage@70 (line 911)
                      ; - jdk.internal.loader.BuiltinClassLoader::defineOrCheckPackage@4 (line 877)
                      ; - jdk.internal.loader.ClassLoaders$AppClassLoader::defineOrCheckPackage@4 (line 211)
                      ; - jdk.internal.loader.BuiltinClassLoader::defineClass@40 (line 849)
  0x00000233a5488a90: 5004 0000 

  0x00000233a5488a94: ;   {poll}
  0x00000233a5488a94: 4185 023b | 6c24 407d | 3a44 8b8c | 2494 0000 | 0044 2bcd | 4183 c1fd | 448b 5c24 | 4045 33d2 
  0x00000233a5488ab4: 443b dd45 | 0f4c ca41 | 81f9 a00f | 0000 41ba | a00f 0000 | 450f 47ca | 4403 cde9 | 7cff ffff 
  0x00000233a5488ad4: 418b e866 | 0f1f 8400 | 0000 0000 | 3bac 2494 | 0000 007d | 4066 6690 | 4c63 d544 | 8b9c 2490 
  0x00000233a5488af4: 0000 0047 | 0fbe 4413 | 1066 6690 | 4183 f82e | 0f84 d509 | 0000 4c8b | 9c24 a000 | 0000 4788 
  0x00000233a5488b14: 4413 10ff | c50f 1f80 | 0000 0000 | 3bac 2494 | 0000 007c | c34d 8b87 | b801 0000 | 4d8b d049 
  0x00000233a5488b34: 83c2 1866 | 0f1f 8400 | 0000 0000 | 4d3b 97c8 | 0100 000f | 831b 2900 | 004d 8997 | b801 0000 
  0x00000233a5488b54: 410f 0d8a | c000 0000 | 49c7 0001 

  0x00000233a5488b60: ;   {metadata('java/lang/String')}
  0x00000233a5488b60: 0000 0041 | c740 0840 | e700 0045 | 8960 0c4d | 8960 1048 | 8b9c 24a0 | 0000 004c | 8bdb 4589 
  0x00000233a5488b80: 5814 488b | b424 8800 | 0000 488b | 4c24 504c | 8b4c 2460 | 448b 9424 | 9800 0000 | 8b54 2420 
  0x00000233a5488ba0: 488b 7c24 | 30eb 3148 | 8bb4 2488 | 0000 0048 | 8b4c 2450 | 4c8b 4c24 | 6044 8b94 | 2498 0000 
  0x00000233a5488bc0: 008b 5424 | 2044 8b84 | 2490 0000 | 0048 8b7c | 2430 498b | d84c 8bc6 | 448b 5b0c | 0f1f 4000 
  0x00000233a5488be0: 4585 db0f | 8690 0800 | 0048 899c | 2488 0000 | 0048 897c | 2430 8954 | 2420 4489 | 5424 7c4c 
  0x00000233a5488c00: 894c 2460 | 4889 4c24 | 6848 8974 | 2458 450f | be48 104c | 8984 2490 | 0000 0044 | 899c 2498 
  0x00000233a5488c20: 0000 00c4 | 4232 f7db | 4489 9c24 | a000 0000 | 4489 8c24 | 9c00 0000 | 4d63 d34c | 8994 24a8 
  0x00000233a5488c40: 0000 0041 | 83f9 010f | 84a7 4c00 | 0045 85db | 0f8c 964b | 0000 4c8b | 8c24 a800 | 0000 4983 
  0x00000233a5488c60: ;   {no_reloc}
  0x00000233a5488c60: c101 418b | e985 ed0f | 8cdb 4b00 | 004d 8bd1 | 49c1 fa20 | 458b dac4 | e221 f7ed | 89ac 24a4 
  0x00000233a5488c80: 0000 0085 | ed0f 8cc5 | 4c00 0081 | fd00 0010 | 000f 8745 | 4500 004c | 63d5 660f | 1f44 0000 
  0x00000233a5488ca0: 81fd 0000 | 1000 0f87 | 7e26 0000 | 4d8b 87b8 | 0100 0049 | 83c2 1749 | 83e2 f84d | 8bd8 4d03 
  0x00000233a5488cc0: da4d 3b9f | c801 0000 | 0f83 5c26 | 0000 4d89 | 9fb8 0100 | 0041 0f0d | 8bc0 0000 | 0049 c700 
  0x00000233a5488ce0: 0100 0000 | 410f 0d8b | 0001 0000 

  0x00000233a5488cec: ;   {metadata({type array byte})}
  0x00000233a5488cec: 41c7 4008 | 6822 0000 | 4189 680c | 410f 0d8b | 4001 0000 | 410f 0d8b | 8001 0000 | 448b 9c24 
  0x00000233a5488d0c: a000 0000 | 41ff c344 | 8b8c 24a4 | 0000 000f | 1f44 0000 | 453b cb0f | 82bc 4400 | 0044 8b94 
  0x00000233a5488d2c: 24a0 0000 | 0043 c644 | 1010 2f8b | 8c24 9c00 | 0000 6690 | 85c9 0f85 | 404b 0000 | 443b 8c24 
  0x00000233a5488d4c: 9800 0000 | 0f82 0a45 | 0000 448b | 9c24 9800 | 0000 6690 | 4585 db76 | 3449 8bd8 | 488b 8c24 
  0x00000233a5488d6c: 8800 0000 | 4883 c110 | 498b d048 | 83c2 104d | 63c3 c5f8 | 7749 bac0 | 2cb3 a433 | 0200 0041 
  0x00000233a5488d8c: ;   {other}
  0x00000233a5488d8c: ffd2 0f1f | 8400 0000 | 0000 4c8b | c349 8b87 | b801 0000 | 4c8b d049 | 83c2 184d | 3b97 c801 
  0x00000233a5488dac: 0000 0f83 | b125 0000 | 4d89 97b8 | 0100 0041 | 0f0d 8ac0 | 0000 0048 | c700 0100 

  0x00000233a5488dc8: ;   {metadata('java/lang/String')}
  0x00000233a5488dc8: 0000 c740 | 0840 e700 | 0044 8960 | 0c44 8960 | 104d 8bd8 | 4489 5814 | 488b 7424 | 5848 8b4c 
  0x00000233a5488de8: 2468 4c8b | 4c24 6044 | 8b54 247c | 8b54 2420 | 0f1f 8400 | 0000 0000 

  0x00000233a5488e00: ;   {metadata('java/util/jar/JavaUtilJarAccessImpl')}
  0x00000233a5488e00: 81fa 2838 | 3100 0f85 | c03f 0000 | 8b69 1044 | 8b55 0866 | 0f1f 8400 | 0000 0000 | 6666 6690 
  0x00000233a5488e20: ;   {metadata('java/util/HashMap')}
  0x00000233a5488e20: 4181 fa80 | c608 000f | 85fb 3f00 | 004c 8bd5 | 458b 5a24 | 4585 db0f | 8437 0400 | 0045 8b43 
  0x00000233a5488e40: 0c45 85c0 | 0f86 6a4b | 0000 8b78 | 0c41 ffc8 | 85ff 0f85 | 1902 0000 | 0fb6 5811 | 0f1f 4000 
  0x00000233a5488e60: 85db 0f85 | f20e 0000 | 0fbe 5810 | 85db 0f85 | 0850 0000 | 8b68 148b | 550c 4c8b | d548 8d7d 
  0x00000233a5488e80: 1083 fa02 | 0f8c ca21 | 0000 458b | f041 8beb | 4c8b c033 | db83 fa20 | 0f8c 6301 | 0000 33c0 
  0x00000233a5488ea0: c441 35ef | c9c5 c5ef | ffc5 cdef | f6c5 d5ef 

  0x00000233a5488eb0: ;   {external_word}
  0x00000233a5488eb0: ed49 baa0 | 612c 6dfe | 7f00 0045 | 8b1a c441 | 796e d3c4 | 427d 58d2 | 448b d241 | 83e2 e041 
  0x00000233a5488ed0: 0faf dbc5 | fa7e 0c07 | c5fa 7e64 | 0708 c5fa | 7e5c 0710 | c5fa 7e54 | 0718 c442 | 3540 cac4 
  0x00000233a5488ef0: e27d 31c9 | c535 fec9 | c4c2 4540 | fac4 e27d | 31e4 c5c5 | fefc c4c2 | 4d40 f2c4 | e27d 31db 
  0x00000233a5488f10: c5cd fef3 | c4c2 5540 | eac4 e27d | 31d2 c5d5 | feea 83c0 | 2041 3bc2 | 7ca5 4a8d | 3c17 412b 
  0x00000233a5488f30: ;   {external_word}
  0x00000233a5488f30: d249 baa4 | 612c 6dfe | 7f00 00c4 | 417e 6f1a | c442 3540 

  0x00000233a5488f44: ;   {external_word}
  0x00000233a5488f44: cb49 bac4 | 612c 6dfe | 7f00 00c4 | 417e 6f22 | c4c2 4540 

  0x00000233a5488f58: ;   {external_word}
  0x00000233a5488f58: fc49 bae4 | 612c 6dfe | 7f00 00c4 | c17e 6f02 | c4e2 4d40 

  0x00000233a5488f6c: ;   {external_word}
  0x00000233a5488f6c: f049 ba04 | 622c 6dfe | 7f00 00c4 | 417e 6f02 | c4c2 5540 | e8c4 c235 | 02c9 c4e3 | 7d39 cc01 
  0x00000233a5488f8c: c5f1 fecc | c4e2 7102 | c9c5 f96e | e3c5 f1fe | ccc5 f97e | cbc4 e245 | 02df c4e3 | 7d39 da01 
  0x00000233a5488fac: c5e1 feda | c4e2 6102 | dbc5 f96e | d3c5 e1fe | dac5 f97e | dbc4 e24d | 02ce c4e3 | 7d39 cc01 
  0x00000233a5488fcc: c5f1 fecc | c4e2 7102 | c9c5 f96e | e3c5 f1fe | ccc5 f97e | cbc4 e255 | 02dd c4e3 | 7d39 da01 
  0x00000233a5488fec: c5e1 feda | c4e2 6102 | dbc5 f96e | d3c5 e1fe | dac5 f97e | dbb8 0100 | 0000 3bc2 | 0f8d 2c00 
  0x00000233a548900c: 0000 41bb | c103 0000 | 410f afdb | 440f b654 | 07ff 458b | da41 c1e3 | 0545 2bda | 4103 db44 
  0x00000233a548902c: 0fb6 1c07 | 4103 db83 | c002 3bc2 | 7cd4 7f12 | 448b d3c1 | e305 412b | da44 0fb6 | 5c07 ff41 
  0x00000233a548904c: 03db 85db | 0f84 1322 | 0000 448b | d341 c1ea | 1044 33d3 | 498b c044 | 8bdd 458b | c689 580c 
  0x00000233a548906c: ;   {no_reloc}
  0x00000233a548906c: 4523 c2eb | 0d44 8bd7 | 41c1 ea10 | 4433 d745 | 23c2 438b | 5c83 1085 | db0f 84e9 | 0100 0044 
  0x00000233a548908c: 8b43 0c45 | 3bc2 0f85 | 9301 0000 | 448b 5b10 | 488b eb4d | 8bc3 4c3b | c00f 855e | 0a00 0044 
  0x00000233a54890ac: 8b55 1445 | 85d2 0f84 | bc01 0000 | 458b 5a08 | 0f1f 4000 

  0x00000233a54890c0: ;   {metadata('java/util/jar/Attributes')}
  0x00000233a54890c0: 4181 fb18 | d116 000f | 85fb 6300 | 008b 5914 | 498b ea85 | db0f 85ae | 5100 008b | 6d0c 6690 
  0x00000233a54890e0: ; implicit exception: dispatches to 0x00000233a548fad0
  0x00000233a54890e0: 448b 5508 

  0x00000233a54890e4: ;   {metadata('java/util/LinkedHashMap')}
  0x00000233a54890e4: 4181 fa18 | cb0f 000f | 85c3 4e00 | 0048 8bdd | 8b53 2485 | d20f 8475 | 0100 0044 | 8b5a 0c45 
  0x00000233a5489104: 85db 0f86 | e051 0000 

  0x00000233a548910c: ;   {oop(a 'java/util/jar/Attributes$Name'{0x00000000821950a8})}
  0x00000233a548910c: 49ba a850 | 1982 0000 | 0000 458b | 520c 41ff | cb45 8bc2 | 41c1 e810 | 4533 c245 | 23d8 428b 
  0x00000233a548912c: 6c9a 1085 | ed0f 843d | 0100 0044 | 8b55 0c0f | 1f44 0000 | 453b d00f | 858b 0000 | 0044 8b55 
  0x00000233a548914c: 1048 8bd5 

  0x00000233a5489150: ;   {oop(a 'java/util/jar/Attributes$Name'{0x00000000821950a8})}
  0x00000233a5489150: 4181 faa8 | 5019 820f | 8520 1f00 | 0044 0fb6 | 5330 4585 | d20f 8563 | 2a00 008b | 6a14 85ed 
  0x00000233a5489170: 0f84 fe00 | 0000 448b | 5d08 660f | 1f44 0000 

  0x00000233a5489180: ;   {metadata('java/lang/String')}
  0x00000233a5489180: 4181 fb40 | e700 000f | 85ab 5500 | 00ba 45ff | ffff 4c8b | 9424 8000 | 0000 4c89 | 5424 204c 
  0x00000233a54891a0: 8b54 2438 | 4c89 5424 | 2844 8b54 | 2478 4489 | 5424 3848 | 894c 2450 | 4889 7424 | 584c 894c 
  0x00000233a54891c0: 2460 6690 

  0x00000233a54891c4: ;   {runtime_call UncommonTrapBlob}
  0x00000233a54891c4: c5f8 77e8 

  0x00000233a54891c8: ; ImmutableOopMap {rbp=Oop [32]=Oop [40]=Oop [56]=NarrowOop [80]=Oop [88]=Oop [96]=Oop [112]=Oop }
                      ;*ifnonnull {reexecute=1 rethrow=0 return_oop=0}
                      ; - (reexecute) jdk.internal.loader.BuiltinClassLoader::isSealed@41 (line 996)
                      ; - jdk.internal.loader.BuiltinClassLoader::getAndVerifyPackage@70 (line 911)
                      ; - jdk.internal.loader.BuiltinClassLoader::defineOrCheckPackage@4 (line 877)
                      ; - jdk.internal.loader.ClassLoaders$AppClassLoader::defineOrCheckPackage@4 (line 211)
                      ; - jdk.internal.loader.BuiltinClassLoader::defineClass@40 (line 849)
  0x00000233a54891c8: 34b4 6cff 

  0x00000233a54891cc: ;   {other}
  0x00000233a54891cc: 0f1f 8400 | 3c37 0020 | 448b 5518 | 4585 d20f | 1f44 0000 | 0f84 8e00 | 0000 448b 

  0x00000233a54891e8: ;   {metadata('java/util/HashMap$TreeNode')}
  0x00000233a54891e8: 5d08 4181 | fb28 101a | 000f 84ef | 5600 0049 | 8bd2 660f | 1f44 0000 | 8b7a 0c41 | 3bf8 0f84 
  0x00000233a5489208: 191d 0000 | 498b 8750 | 0400 0044 

  0x00000233a5489214: ; ImmutableOopMap {r10=NarrowOop r9=Oop rcx=Oop rbx=Oop rsi=Oop [56]=Oop [72]=Oop [112]=Oop [120]=NarrowOop [128]=Oop }
                      ;*ifnonnull {reexecute=1 rethrow=0 return_oop=0}
                      ; - (reexecute) java.util.HashMap::getNode@145 (line 587)
                      ; - java.util.LinkedHashMap::get@2 (line 536)
                      ; - java.util.jar.Attributes::get@5 (line 106)
                      ; - java.util.jar.Attributes::getValue@2 (line 142)
                      ; - jdk.internal.loader.BuiltinClassLoader::isSealed@34 (line 995)
                      ; - jdk.internal.loader.BuiltinClassLoader::getAndVerifyPackage@70 (line 911)
                      ; - jdk.internal.loader.BuiltinClassLoader::defineOrCheckPackage@4 (line 877)
                      ; - jdk.internal.loader.ClassLoaders$AppClassLoader::defineOrCheckPackage@4 (line 211)
                      ; - jdk.internal.loader.BuiltinClassLoader::defineClass@40 (line 849)
                      ;   {poll}
  0x00000233a5489214: 8b52 1885 | 0045 85d2 | 0f1f 4000 | 0f84 4e00 | 0000 498b | d2eb d544 | 8b43 1845 | 85c0 0f84 
  0x00000233a5489234: 3c00 0000 | 8b7b 080f | 1f44 0000 

  0x00000233a5489240: ;   {metadata('java/util/HashMap$TreeNode')}
  0x00000233a5489240: 81ff 2810 | 1a00 0f84 | 344e 0000 | 498b e890 | 448b 5d0c | 453b da0f | 8433 0700 | 0049 8b97 
  0x00000233a5489260: 5004 0000 

  0x00000233a5489264: ; ImmutableOopMap {r11=NarrowOop r9=Oop rcx=Oop rsi=Oop rax=Oop [56]=Oop [72]=Oop [112]=Oop [120]=NarrowOop [128]=Oop }
                      ;*ifnonnull {reexecute=1 rethrow=0 return_oop=0}
                      ; - (reexecute) java.util.HashMap::getNode@145 (line 587)
                      ; - java.util.HashMap::get@2 (line 564)
                      ; - java.util.jar.Manifest::getAttributes@5 (line 160)
                      ; - java.util.jar.Manifest::getTrustedAttributes@2 (line 177)
                      ; - java.util.jar.JavaUtilJarAccessImpl::getTrustedAttributes@2 (line 38)
                      ; - jdk.internal.loader.BuiltinClassLoader::isSealed@17 (line 992)
                      ; - jdk.internal.loader.BuiltinClassLoader::getAndVerifyPackage@70 (line 911)
                      ; - jdk.internal.loader.BuiltinClassLoader::defineOrCheckPackage@4 (line 877)
                      ; - jdk.internal.loader.ClassLoaders$AppClassLoader::defineOrCheckPackage@4 (line 211)
                      ; - jdk.internal.loader.BuiltinClassLoader::defineClass@40 (line 849)
  0x00000233a5489264: 448b 5d18 

  0x00000233a5489268: ;   {poll}
  0x00000233a5489268: 8502 4585 | db74 0549 | 8beb ebdc | 8b59 0c8b | 6b0c 660f | 1f44 0000 

  0x00000233a5489280: ; implicit exception: dispatches to 0x00000233a548f960
  0x00000233a5489280: 448b 5508 

  0x00000233a5489284: ;   {metadata('java/util/LinkedHashMap')}
  0x00000233a5489284: 4181 fa18 | cb0f 000f | 8557 3c00 | 0048 8bdd | 8b53 2485 | d20f 84a1 | e5ff ff44 | 8b52 0c45 
  0x00000233a54892a4: 85d2 0f86 | 6447 0000 

  0x00000233a54892ac: ;   {oop(a 'java/util/jar/Attributes$Name'{0x00000000821950a8})}
  0x00000233a54892ac: 49bb a850 | 1982 0000 | 0000 418b | 7b0c 41ff | ca44 8bc7 | 41c1 e810 | 4433 c745 | 23d0 428b 
  0x00000233a54892cc: 6c92 1085 | ed0f 8469 | e5ff ff44 | 8b5d 0c0f | 1f44 0000 | 453b d80f | 8517 0100 | 0044 8b5d 
  0x00000233a54892ec: 1048 8bfd 

  0x00000233a54892f0: ;   {oop(a 'java/util/jar/Attributes$Name'{0x00000000821950a8})}
  0x00000233a54892f0: 4181 fba8 | 5019 820f | 8588 0800 | 0044 0fb6 | 5b30 4585 | db0f 859a | 2100 008b | 6f14 85ed 
  0x00000233a5489310: 0f84 2ae5 | ffff 448b | 5508 660f | 1f44 0000 

  0x00000233a5489320: ;   {metadata('java/lang/String')}
  0x00000233a5489320: 4181 fa40 | e700 000f | 851b 6200 | 0048 8bfd 

  0x00000233a5489330: ;   {oop("true"{0x00000000820fed98})}
  0x00000233a5489330: 48ba 98ed | 0f82 0000 | 0000 660f | 1f44 0000 | 483b fa0f | 8479 0000 | 0044 8b57 | 1445 8b5a 
  0x00000233a5489350: 0c44 0fbe | 5710 c442 | 2af7 db0f | 1f44 0000 | 4183 fb04 | 0f85 d6e4 | ffff 4889 | 4c24 3048 
  0x00000233a5489370: 8974 2420 | b904 0000 | 0049 8be9 | 41b8 0100 | 0000 4533 | c933 f64c | 8b94 2480 | 0000 004c 
  0x00000233a5489390: 8954 2440 | 448b 5424 | 7844 8954 | 2458 6690 

  0x00000233a54893a0: ;   {optimized virtual_call}
  0x00000233a54893a0: c5f8 77e8 

  0x00000233a54893a4: ; ImmutableOopMap {rbp=Oop [32]=Oop [48]=Oop [56]=Oop [64]=Oop [72]=Oop [88]=NarrowOop [112]=Oop [120]=NarrowOop [128]=Oop }
                      ;*invokevirtual regionMatches {reexecute=0 rethrow=0 return_oop=0}
                      ; - java.lang.String::equalsIgnoreCase@33 (line 1993)
                      ; - jdk.internal.loader.BuiltinClassLoader::isSealed@67 (line 998)
                      ; - jdk.internal.loader.BuiltinClassLoader::getAndVerifyPackage@70 (line 911)
                      ; - jdk.internal.loader.BuiltinClassLoader::defineOrCheckPackage@4 (line 877)
                      ; - jdk.internal.loader.ClassLoaders$AppClassLoader::defineOrCheckPackage@4 (line 211)
                      ; - jdk.internal.loader.BuiltinClassLoader::defineClass@40 (line 849)
  0x00000233a54893a4: d856 6cff 

  0x00000233a54893a8: ;   {other}
  0x00000233a54893a8: 0f1f 8400 | 1839 0023 | 85c0 0f84 | 88e4 ffff | 488b 7424 | 2048 8b4c | 2430 ba45 | ffff ff48 
  0x00000233a54893c8: 8bac 2480 | 0000 004c | 8b54 2438 | 4c89 5424 | 2044 8b5c | 2478 4889 | 4c24 4844 | 895c 2434 
  0x00000233a54893e8: 4889 7424 | 5066 6690 

  0x00000233a54893f0: ;   {runtime_call UncommonTrapBlob}
  0x00000233a54893f0: c5f8 77e8 

  0x00000233a54893f4: ; ImmutableOopMap {rbp=Oop [32]=Oop [52]=NarrowOop [72]=Oop [80]=Oop [112]=Oop [120]=NarrowOop }
                      ;*ifeq {reexecute=1 rethrow=0 return_oop=0}
                      ; - (reexecute) jdk.internal.loader.BuiltinClassLoader::getAndVerifyPackage@73 (line 911)
                      ; - jdk.internal.loader.BuiltinClassLoader::defineOrCheckPackage@4 (line 877)
                      ; - jdk.internal.loader.ClassLoaders$AppClassLoader::defineOrCheckPackage@4 (line 211)
                      ; - jdk.internal.loader.BuiltinClassLoader::defineClass@40 (line 849)
  0x00000233a54893f4: 08b2 6cff 

  0x00000233a54893f8: ;   {other}
  0x00000233a54893f8: 0f1f 8400 | 6839 0024 | 448b 5d18 | 4585 db0f | 8433 e4ff | ff8b 7d08 

  0x00000233a5489410: ;   {metadata('java/util/HashMap$TreeNode')}
  0x00000233a5489410: 81ff 2810 | 1a00 0f84 | c84c 0000 | 498b fb90 | 448b 5f0c | 453b d80f | 84c8 0500 | 0049 8b97 
  0x00000233a5489430: 5004 0000 

  0x00000233a5489434: ; ImmutableOopMap {r10=NarrowOop r9=Oop rcx=Oop rbx=Oop rsi=Oop [56]=Oop [72]=Oop [112]=Oop [120]=NarrowOop [128]=Oop }
                      ;*ifnonnull {reexecute=1 rethrow=0 return_oop=0}
                      ; - (reexecute) java.util.HashMap::getNode@145 (line 587)
                      ; - java.util.LinkedHashMap::get@2 (line 536)
                      ; - java.util.jar.Attributes::get@5 (line 106)
                      ; - java.util.jar.Attributes::getValue@2 (line 142)
                      ; - jdk.internal.loader.BuiltinClassLoader::isSealed@57 (line 997)
                      ; - jdk.internal.loader.BuiltinClassLoader::getAndVerifyPackage@70 (line 911)
                      ; - jdk.internal.loader.BuiltinClassLoader::defineOrCheckPackage@4 (line 877)
                      ; - jdk.internal.loader.ClassLoaders$AppClassLoader::defineOrCheckPackage@4 (line 211)
                      ; - jdk.internal.loader.BuiltinClassLoader::defineClass@40 (line 849)
  0x00000233a5489434: 448b 5718 

  0x00000233a5489438: ;   {poll}
  0x00000233a5489438: 8502 660f | 1f44 0000 | 4585 d20f | 84f7 e3ff | ff49 8bfa | ebd2 48b9 | 0060 5cac | 3302 0000 
  0x00000233a5489458: e97e e3ff | ff41 b92f | 0000 00e9 | 27f5 ffff | 4d89 4d20 | e9ae d8ff | ff44 8bd3 | e92b d4ff 
  0x00000233a5489478: ff49 8b87 | b801 0000 | 4c8b d849 | 83c3 184d | 3b9f c801 | 0000 0f83 | 8125 0000 | 4d89 9fb8 
  0x00000233a5489498: 0100 0041 | 0f0d 8bc0 | 0000 0048 | c700 0100 

  0x00000233a54894a8: ;   {metadata('java/lang/String')}
  0x00000233a54894a8: 0000 c740 | 0840 e700 | 0044 8960 | 0c44 8960 

  0x00000233a54894b8: ;   {oop([B{0x00000000820ccb40})}
  0x00000233a54894b8: 10c7 4014 | 40cb 0c82 

  0x00000233a54894c0: ;   {oop("/"{0x00000000820ccb28})}
  0x00000233a54894c0: 49bb 28cb | 0c82 0000 | 0000 418b | 5b0c 8958 | 0c45 0fb6 | 5b11 4488 | 5811 e919 | f9ff ff41 
  0x00000233a54894e0: b82f 0000 | 00e9 20f6 | ffff 33ed | e9af f2ff | ff48 8beb | 488b d390 

  0x00000233a54894f8: ;   {optimized virtual_call}
  0x00000233a54894f8: c5f8 77e8 

  0x00000233a54894fc: ; ImmutableOopMap {rbp=Oop [40]=Oop [48]=NarrowOop [56]=Oop [64]=Oop [72]=Oop [104]=Oop [112]=Oop }
                      ;*invokevirtual getManEntry {reexecute=0 rethrow=0 return_oop=1}
                      ; - java.util.jar.JarFile::getManifestFromReference@27 (line 413)
                      ; - java.util.jar.JarFile::getManifest@1 (line 405)
                      ; - jdk.internal.loader.URLClassPath$JarLoader$2::getManifest@22 (line 853)
                      ; - jdk.internal.loader.BuiltinClassLoader::defineClass@29 (line 848)
  0x00000233a54894fc: 00e9 18f8 

  0x00000233a5489500: ;   {other}
  0x00000233a5489500: 0f1f 8400 | 703a 0026 | 4c8b c048 | 85c0 0f84 | f14f 0000 | 4c8b dd41 | 0fb6 6b12 | 0f1f 4000 
  0x00000233a5489520: 85ed 0f85 | 1c50 0000 | 498b eb49 | 8bd3 6690 

  0x00000233a5489530: ;   {optimized virtual_call}
  0x00000233a5489530: c5f8 77e8 

  0x00000233a5489534: ; ImmutableOopMap {rbp=Oop [40]=Oop [48]=NarrowOop [56]=Oop [64]=Oop [72]=Oop [104]=Oop [112]=Oop }
                      ;*invokespecial getInputStream {reexecute=0 rethrow=0 return_oop=1}
                      ; - java.util.jar.JarFile::getManifestFromReference@130 (line 431)
                      ; - java.util.jar.JarFile::getManifest@1 (line 405)
                      ; - jdk.internal.loader.URLClassPath$JarLoader$2::getManifest@22 (line 853)
                      ; - jdk.internal.loader.BuiltinClassLoader::defineClass@29 (line 848)
  0x00000233a5489534: e8d5 cfff 

  0x00000233a5489538: ;   {other}
  0x00000233a5489538: 0f1f 8400 | a83a 0027 | 4889 4424 | 5049 8b87 | b801 0000 | 4c8b d049 | 83c2 1866 | 0f1f 8400 
  0x00000233a5489558: 0000 0000 | 6666 6690 | 4d3b 97c8 | 0100 000f | 8365 3100 | 004d 8997 | b801 0000 | 410f 0d8a 
  0x00000233a5489578: c000 0000 | 48c7 0001 

  0x00000233a5489580: ;   {metadata('java/util/jar/Manifest')}
  0x00000233a5489580: 0000 00c7 | 4008 e0f0 | 0400 4489 | 600c 4c89 | 6010 488b | c84c 8bcd | 458b 5114 | 498b 9fb8 
  0x00000233a54895a0: 0100 004c | 8bdb 4983 | c310 4d3b | 9fc8 0100 | 000f 833a | 3100 004d | 899f b801 | 0000 410f 
  0x00000233a54895c0: 0d8b c000 | 0000 48c7 | 0301 0000 

  0x00000233a54895cc: ;   {metadata('java/util/jar/Attributes')}
  0x00000233a54895cc: 00c7 4308 | 18d1 1600 | 4489 630c | 498b bfb8 | 0100 004c | 8bdf 4983 | c340 4d3b | 9fc8 0100 
  0x00000233a54895ec: 000f 8399 | 3000 004d | 899f b801 | 0000 410f | 0d8b c000 | 0000 48c7 | 0701 0000 

  0x00000233a5489608: ;   {metadata('java/util/LinkedHashMap')}
  0x00000233a5489608: 00c7 4708 | 18cb 0f00 | 4489 670c | 4c89 6710 | 4c89 6718 | 4c89 6720 | 4c89 6728 | 4c89 6730 
  0x00000233a5489628: 4c89 6738 

  0x00000233a548962c: ;   {section_word}
  0x00000233a548962c: c4e3 790b | 058a d0ff | ff02 c5fb | 2ce8 81fd | 0000 0080 | 0f84 7275 | 0000 81fd | 0100 0040 
  0x00000233a548964c: 0f83 3a4f | 0000 c747 | 2000 0040 | 3fff cdf3 | 0fbd d541 | b8ff ffff | ffc4 c26b | f7e8 85ed 
  0x00000233a548966c: 0f8c 241d | 0000 81fd | 0000 0040 | 0f8d 824f | 0000 ffc5 | 488b f14c | 894c 2458 | 896f 1c44 
  0x00000233a548968c: 8967 2c44 | 8867 304c | 8bdf 4489 | 5b0c 4c8b | df4c 8bc3 | 488b eb4d | 33d8 4d8b | ca4c 894c 
  0x00000233a54896ac: 2420 418b | fa49 c1eb | 144d 85db | 741a 49c1 | e809 48b9 | 0060 5cac | 3302 0000 | 4903 c880 
  0x00000233a54896cc: 3902 0f85 | f521 0000 | 4180 7f40 | 000f 851d | 2000 004c | 8bc6 4189 | 580c 4c8b | d54d 8bd8 
  0x00000233a54896ec: 4d33 d349 | c1ea 144d | 85d2 741a | 49c1 eb09 | 48b9 0060 | 5cac 3302 | 0000 4903 | cb80 3902 
  0x00000233a548970c: 0f85 0d21 | 0000 4d8b | 8fb8 0100 | 004d 8bd1 | 4983 c230 | 4d3b 97c8 | 0100 000f 

  0x00000233a5489728: ;   {no_reloc}
  0x00000233a5489728: 8300 3000 | 004d 8997 | b801 0000 | 410f 0d8a | c000 0000 | 49c7 0101 

  0x00000233a5489740: ;   {metadata('java/util/HashMap')}
  0x00000233a5489740: 0000 0041 | c741 0880 | c608 0045 | 8961 0c4d | 8961 104d | 8961 184d | 8961 2849 | c741 2000 
  0x00000233a5489760: 0040 3f41 | 807f 4000 | 0f85 c71f | 0000 4d8b | d04d 8bd9 | 4d33 da49 | 8bc9 4189 | 4810 49c1 
  0x00000233a5489780: eb14 4d85 | db74 1f49 | c1ea 0948 | b900 605c | ac33 0200 | 0049 03ca | 8039 020f | 1f44 0000 
  0x00000233a54897a0: 0f85 c920 | 0000 498b | e849 8bd0 | 4c8b 4424 | 504c 8b4c | 2420 6690 

  0x00000233a54897b8: ;   {optimized virtual_call}
  0x00000233a54897b8: c5f8 77e8 

  0x00000233a54897bc: ; ImmutableOopMap {rbp=Oop [40]=Oop [48]=NarrowOop [56]=Oop [64]=Oop [72]=Oop [80]=Oop [88]=Oop [104]=Oop [112]=Oop }
                      ;*invokevirtual read {reexecute=0 rethrow=0 return_oop=0}
                      ; - java.util.jar.Manifest::<init>@29 (line 101)
                      ; - java.util.jar.Manifest::<init>@4 (line 88)
                      ; - java.util.jar.JarFile::getManifestFromReference@143 (line 432)
                      ; - java.util.jar.JarFile::getManifest@1 (line 405)
                      ; - jdk.internal.loader.URLClassPath$JarLoader$2::getManifest@22 (line 853)
                      ; - jdk.internal.loader.BuiltinClassLoader::defineClass@29 (line 848)
  0x00000233a54897bc: 0176 0000 

  0x00000233a54897c0: ;   {other}
  0x00000233a54897c0: 0f1f 8400 | 303d 0028 | 4180 7f40 | 000f 85a5 | 1f00 004c | 8bd5 4589 | 6214 4c8b | 5c24 5090 
  0x00000233a54897e0: ; implicit exception: dispatches to 0x00000233a548fb48
  0x00000233a54897e0: 458b 4308 

  0x00000233a54897e4: ;   {metadata('java/util/zip/ZipFile$ZipFileInflaterInputStream')}
  0x00000233a54897e4: 4181 f8f8 | 8031 000f | 8567 4b00 | 0049 8bea | 498b d390 

  0x00000233a54897f8: ;   {optimized virtual_call}
  0x00000233a54897f8: c5f8 77e8 

  0x00000233a54897fc: ; ImmutableOopMap {rbp=Oop [40]=Oop [48]=NarrowOop [56]=Oop [64]=Oop [72]=Oop [88]=Oop [104]=Oop [112]=Oop }
                      ;*invokevirtual close {reexecute=0 rethrow=0 return_oop=0}
                      ; - java.util.jar.JarFile::getManifestFromReference@152 (line 433)
                      ; - java.util.jar.JarFile::getManifest@1 (line 405)
                      ; - jdk.internal.loader.URLClassPath$JarLoader$2::getManifest@22 (line 853)
                      ; - jdk.internal.loader.BuiltinClassLoader::defineClass@29 (line 848)
  0x00000233a54897fc: 807b bdf8 

  0x00000233a5489800: ;   {other}
  0x00000233a5489800: 0f1f 8400 | 703d 0029 | 4d8b 8fb8 | 0100 004d | 8bd1 4983 | c228 6666 | 0f1f 8400 | 0000 0000 
  0x00000233a5489820: 4d3b 97c8 | 0100 000f | 832e 2f00 | 004d 8997 | b801 0000 | 410f 0d8a | c000 0000 | 49c7 0101 
  0x00000233a5489840: ;   {metadata('java/lang/ref/SoftReference')}
  0x00000233a5489840: 0000 0041 | c741 0810 | d403 0045 | 8961 0c4d | 8961 104d | 8961 184d | 8961 204c | 8bc5 4d8b 
  0x00000233a5489860: d045 8951 | 0c41 807f | 4000 0f85 | 3f1f 0000 

  0x00000233a5489870: ;   {oop(a 'java/lang/ref/ReferenceQueue$Null'{0x0000000081c95c58})}
  0x00000233a5489870: 41c7 4110 | 585c c981 | 4d8b d149 

  0x00000233a548987c: ;   {oop(a 'java/lang/ref/ReferenceQueue$Null'{0x0000000081c95c58})}
  0x00000233a548987c: 8bd9 49bb | 585c c981 | 0000 0000 | 4d33 da49 | c1eb 144d | 85db 741a | 49c1 ea09 | 48b9 0060 
  0x00000233a548989c: 5cac 3302 | 0000 4903 | ca80 3902 | 0f85 cf20 | 0000 f083 | 4424 c000 | 4180 7f40 | 000f 8526 
  0x00000233a54898bc: 1f00 0048 | 8b7c 2458 

  0x00000233a54898c4: ;   {oop(a 'java/lang/Class'{0x0000000081c8b308} = 'java/lang/ref/SoftReference')}
  0x00000233a54898c4: 895f 2849 | ba08 b3c8 | 8100 0000 | 004d 8b52 | 704d 8951 | 204d 8bd1 | 4c8b df4d | 33d3 49c1 
  0x00000233a54898e4: ea14 4d85 | d274 1e49 | c1eb 0948 | b900 605c | ac33 0200 | 0049 03cb | 0f1f 4000 | 8039 020f 
  0x00000233a5489904: 851c 2000 | 0049 8bf0 | e91f d4ff | ff41 8bd8 | 412b d948 | 8974 2468 | 4489 5424 | 58e9 7be8 
  0x00000233a5489924: ffff 4c89 | 5424 304c | 8984 2480 | 0000 004c | 894c 2440 | 4889 4c24 | 284c 896c | 2448 4489 
  0x00000233a5489944: 7424 7849 | 8bd0 4d8b | c145 33c9 | 33ff 33f6 | 33c9 4533 | d24c 8914 | 244c 8954 | 2408 4c89 
  0x00000233a5489964: 5424 1048 | 8954 2460 | 4489 7424 | 5c66 6690 

  0x00000233a5489974: ;   {optimized virtual_call}
  0x00000233a5489974: c5f8 77e8 

  0x00000233a5489978: ; ImmutableOopMap {[48]=Oop [56]=Oop [64]=Oop [72]=Oop [92]=NarrowOop [96]=Oop [112]=Oop [120]=NarrowOop [128]=Oop }
                      ;*invokevirtual definePackage {reexecute=0 rethrow=0 return_oop=1}
                      ; - jdk.internal.loader.BuiltinClassLoader::defineOrCheckPackage@39 (line 883)
                      ; - jdk.internal.loader.ClassLoaders$AppClassLoader::defineOrCheckPackage@4 (line 211)
                      ; - jdk.internal.loader.BuiltinClassLoader::defineClass@40 (line 849)
  0x00000233a5489978: 0451 6cff 

  0x00000233a548997c: ;   {other}
  0x00000233a548997c: 0f1f 8400 | ec3e 002a | e9b7 deff | ff33 dbe9 | e6d5 ffff | 448b 5d10 | 4d8b c34c | 3bc0 660f 
  0x00000233a548999c: 1f44 0000 | 0f84 05f7 | ffff 4489 | 5424 5848 | 8944 2450 | 4c89 4c24 | 4048 894c | 2430 4889 
  0x00000233a54899bc: 7424 2048 | 8bd0 6690 

  0x00000233a54899c4: ;   {optimized virtual_call}
  0x00000233a54899c4: c5f8 77e8 

  0x00000233a54899c8: ; ImmutableOopMap {rbp=Oop [32]=Oop [48]=Oop [56]=Oop [64]=Oop [72]=Oop [80]=Oop [112]=Oop [120]=NarrowOop [128]=Oop }
                      ;*invokevirtual equals {reexecute=0 rethrow=0 return_oop=0}
                      ; - java.util.HashMap::getNode@128 (line 585)
                      ; - java.util.HashMap::get@2 (line 564)
                      ; - java.util.jar.Manifest::getAttributes@5 (line 160)
                      ; - java.util.jar.Manifest::getTrustedAttributes@2 (line 177)
                      ; - java.util.jar.JavaUtilJarAccessImpl::getTrustedAttributes@2 (line 38)
                      ; - jdk.internal.loader.BuiltinClassLoader::isSealed@17 (line 992)
                      ; - jdk.internal.loader.BuiltinClassLoader::getAndVerifyPackage@70 (line 911)
                      ; - jdk.internal.loader.BuiltinClassLoader::defineOrCheckPackage@4 (line 877)
                      ; - jdk.internal.loader.ClassLoaders$AppClassLoader::defineOrCheckPackage@4 (line 211)
                      ; - jdk.internal.loader.BuiltinClassLoader::defineClass@40 (line 849)
  0x00000233a54899c8: b450 6cff 

  0x00000233a54899cc: ;   {other}
  0x00000233a54899cc: 0f1f 8400 | 3c3f 002b | 85c0 0f84 | a218 0000 | 488b 7424 | 2048 8b4c | 2430 4c8b | 4c24 4048 
  0x00000233a54899ec: 8b44 2450 | e9b6 f6ff | ff44 8b5f | 100f 1f80 | 0000 0000 

  0x00000233a5489a00: ;   {oop(a 'java/util/jar/Attributes$Name'{0x00000000821950a8})}
  0x00000233a5489a00: 4181 fba8 | 5019 820f | 84f0 f8ff | ff48 897c | 2458 4489 | 4424 5048 | 895c 2440 | 4c89 4c24 
  0x00000233a5489a20: 3048 894c | 2420 488b | ee4d 8bc3 

  0x00000233a5489a2c: ;   {oop(a 'java/util/jar/Attributes$Name'{0x00000000821950a8})}
  0x00000233a5489a2c: 48ba a850 | 1982 0000 | 0000 6690 

  0x00000233a5489a38: ;   {optimized virtual_call}
  0x00000233a5489a38: c5f8 77e8 

  0x00000233a5489a3c: ; ImmutableOopMap {rbp=Oop [32]=Oop [48]=Oop [56]=Oop [64]=Oop [72]=Oop [88]=Oop [112]=Oop [120]=NarrowOop [128]=Oop }
                      ;*invokevirtual equals {reexecute=0 rethrow=0 return_oop=0}
                      ; - java.util.HashMap::getNode@128 (line 585)
                      ; - java.util.LinkedHashMap::get@2 (line 536)
                      ; - java.util.jar.Attributes::get@5 (line 106)
                      ; - java.util.jar.Attributes::getValue@2 (line 142)
                      ; - jdk.internal.loader.BuiltinClassLoader::isSealed@57 (line 997)
                      ; - jdk.internal.loader.BuiltinClassLoader::getAndVerifyPackage@70 (line 911)
                      ; - jdk.internal.loader.BuiltinClassLoader::defineOrCheckPackage@4 (line 877)
                      ; - jdk.internal.loader.ClassLoaders$AppClassLoader::defineOrCheckPackage@4 (line 211)
                      ; - jdk.internal.loader.BuiltinClassLoader::defineClass@40 (line 849)
  0x00000233a5489a3c: 4050 6cff 

  0x00000233a5489a40: ;   {other}
  0x00000233a5489a40: 0f1f 8400 | b03f 002c | 85c0 0f84 | 4c18 0000 | 488b f548 | 8b4c 2420 | 4c8b 4c24 | 3048 8b5c 
  0x00000233a5489a60: 2440 488b | 7c24 58e9 | 91f8 ffff | 4c63 c54d | 8d58 104d | 8bcb 4983 | e1f8 488b | fb49 03f9 
  0x00000233a5489a80: 49c1 eb03 | 4d2b d349 | 8bca 4833 | c048 83f9 | 087f 1048 | ffc9 784f | 4889 04cf | 48ff c97d 
  0x00000233a5489aa0: f7eb 44c5 | fdef c0e9 | 0d00 0000 | c5fe 7f07 | c5fe 7f47 | 2048 83c7 | 4048 83e9 | 087d ed48 
  0x00000233a5489ac0: 83c1 047c | 0cc5 fe7f | 0748 83c7 | 2048 83e9 | 0448 83c1 | 047e 1048 | ffc9 c5f9 | d607 4883 
  0x00000233a5489ae0: c708 48ff | c97d f348 | 8b4c 2468 | c5f8 7749 | bac0 2cb3 | a433 0200 | 0041 ffd2 

  0x00000233a5489afc: ;   {other}
  0x00000233a5489afc: 0f1f 8400 | 0000 0000 | e977 e6ff | ff89 9c24 | 9000 0000 | 4489 5424 | 7c48 8984 | 2488 0000 
  0x00000233a5489b1c: 004c 894c | 2458 4889 | 4c24 6848 | 8974 2440 | 488b d04c | 8b94 2480 | 0000 004c | 8954 2420 
  0x00000233a5489b3c: 448b 5424 | 7844 8954 | 2460 6690 

  0x00000233a5489b48: ;   {optimized virtual_call}
  0x00000233a5489b48: c5f8 77e8 

  0x00000233a5489b4c: ; ImmutableOopMap {rbp=Oop [32]=Oop [56]=Oop [64]=Oop [72]=Oop [88]=Oop [96]=NarrowOop [104]=Oop [112]=Oop [120]=NarrowOop [128]=Oop [136]=Oop [144]=NarrowOop }
                      ;*invokevirtual equals {reexecute=0 rethrow=0 return_oop=0}
                      ; - java.util.HashMap::getNode@63 (line 578)
                      ; - java.util.HashMap::get@2 (line 564)
                      ; - java.util.jar.Manifest::getAttributes@5 (line 160)
                      ; - java.util.jar.Manifest::getTrustedAttributes@2 (line 177)
                      ; - java.util.jar.JavaUtilJarAccessImpl::getTrustedAttributes@2 (line 38)
                      ; - jdk.internal.loader.BuiltinClassLoader::isSealed@17 (line 992)
                      ; - jdk.internal.loader.BuiltinClassLoader::getAndVerifyPackage@70 (line 911)
                      ; - jdk.internal.loader.BuiltinClassLoader::defineOrCheckPackage@4 (line 877)
                      ; - jdk.internal.loader.ClassLoaders$AppClassLoader::defineOrCheckPackage@4 (line 211)
                      ; - jdk.internal.loader.BuiltinClassLoader::defineClass@40 (line 849)
  0x00000233a5489b4c: 304f 6cff 

  0x00000233a5489b50: ;   {other}
  0x00000233a5489b50: 0f1f 8400 | c040 002d | 85c0 660f | 1f44 0000 | 0f84 fa4f | 0000 488b | 7424 4048 | 8b4c 2468 
  0x00000233a5489b70: 4c8b 4c24 | 5848 8b84 | 2488 0000 | 0066 6690 | e926 f5ff | ff48 897c | 2420 4489 | 4424 7c48 
  0x00000233a5489b90: 895c 2468 | 4c89 4c24 | 6048 894c | 2450 4889 | 7424 584d 

  0x00000233a5489ba4: ;   {oop(a 'java/util/jar/Attributes$Name'{0x00000000821950a8})}
  0x00000233a5489ba4: 8bc3 48ba | a850 1982 | 0000 0000 

  0x00000233a5489bb0: ;   {optimized virtual_call}
  0x00000233a5489bb0: c5f8 77e8 

  0x00000233a5489bb4: ; ImmutableOopMap {rbp=NarrowOop [32]=Oop [56]=Oop [72]=Oop [80]=Oop [88]=Oop [96]=Oop [104]=Oop [112]=Oop [120]=NarrowOop [128]=Oop }
                      ;*invokevirtual equals {reexecute=0 rethrow=0 return_oop=0}
                      ; - java.util.HashMap::getNode@63 (line 578)
                      ; - java.util.LinkedHashMap::get@2 (line 536)
                      ; - java.util.jar.Attributes::get@5 (line 106)
                      ; - java.util.jar.Attributes::getValue@2 (line 142)
                      ; - jdk.internal.loader.BuiltinClassLoader::isSealed@57 (line 997)
                      ; - jdk.internal.loader.BuiltinClassLoader::getAndVerifyPackage@70 (line 911)
                      ; - jdk.internal.loader.BuiltinClassLoader::defineOrCheckPackage@4 (line 877)
                      ; - jdk.internal.loader.ClassLoaders$AppClassLoader::defineOrCheckPackage@4 (line 211)
                      ; - jdk.internal.loader.BuiltinClassLoader::defineClass@40 (line 849)
  0x00000233a5489bb4: c84e 6cff 

  0x00000233a5489bb8: ;   {other}
  0x00000233a5489bb8: 0f1f 8400 | 2841 002e | 85c0 0f84 | f44f 0000 | 488b 7424 | 5848 8b4c | 2450 4c8b | 4c24 6048 
  0x00000233a5489bd8: 8b5c 2468 | 488b 7c24 | 20e9 17f7 | ffff 33db | e905 d8ff 

  0x00000233a5489bec: ;   {metadata('java/io/FileInputStream')}
  0x00000233a5489bec: ff41 81fb | f817 0100 | 0f85 024e | 0000 4c8b | da45 0fb6 | 530c 4585 | d20f 853f | e6ff ff45 
  0x00000233a5489c0c: 8b53 1c45 | 85d2 0f84 | dc53 0000 | 4d8b c248 | 8d9c 24d0 | 0000 0049 | 8b00 a802 | 0f85 2300 
  0x00000233a5489c2c: 0000 4883 | c801 4889 | 03f0 490f | b118 0f84 | 3700 0000 | 482b c448 | 2507 f0ff | ff48 8903 
  0x00000233a5489c4c: e924 0000 | 004c 8bd0 | 4833 c0f0 | 4d0f b17a | 3e48 c703 | 0300 0000 | 7411 4c3b | f875 1549 
  0x00000233a5489c6c: ff82 8600 | 0000 4833 | c075 0949 | ff87 4805 | 0000 33c0 | 0f85 a253 | 0000 450f | b653 0c45 
  0x00000233a5489c8c: 85d2 0f84 | e218 0000 | 488d 8424 | d000 0000 | 4883 3800 | 0f84 7900 | 0000 4d8b | 1041 f6c2 
  0x00000233a5489cac: 020f 8462 | 0000 0049 | 83ba 8600 | 0000 0074 | 0949 ff8a | 8600 0000 | eb4b 498b | 8296 0000 
  0x00000233a5489ccc: 0049 0b82 | 8e00 0000 | 750a 49c7 | 423e 0000 | 0000 eb3d | 4983 ba9e | 0000 0000 | 7422 4833 
  0x00000233a5489cec: ;   {no_reloc}
  0x00000233a5489cec: c049 c742 | 3e00 0000 | 00f0 8304 | 2400 4983 | ba9e 0000 | 0000 750d | f04d 0fb1 | 7a3e 7505 
  0x00000233a5489d0c: 83c8 01eb | 0ca8 00eb | 084c 8b10 | f04d 0fb1 | 1075 0a49 | ff8f 4805 | 0000 4533 | d20f 841b 
  0x00000233a5489d2c: e5ff ff49 | 8bc8 488d | 9424 d000 | 0000 4d8b | c7c5 f877 | 49ba 7039 | f56c fe7f | 0000 41ff 
  0x00000233a5489d4c: ;   {other}
  0x00000233a5489d4c: d20f 1f84 | 0000 0000 | 00e9 f0e4 | ffff 4533 | c045 33d2 | e919 f3ff 

  0x00000233a5489d64: ;   {metadata('jdk/internal/loader/URLClassPath$FileLoader$1')}
  0x00000233a5489d64: ff41 81fb | 780a 0401 | 0f85 ee4c | 0000 4d8b | d145 8b52 | 1c0f 1f80 | 0000 0000 

  0x00000233a5489d80: ; implicit exception: dispatches to 0x00000233a548fb90
  0x00000233a5489d80: 458b 720c | e9c0 c9ff 

  0x00000233a5489d88: ;   {metadata('jdk/internal/loader/URLClassPath$FileLoader$1')}
  0x00000233a5489d88: ff41 81fa | 780a 0401 | 0f85 ea4c | 0000 33f6 | e99d cfff | ff66 6690 | 448b 4424 | 5089 7424 
  0x00000233a5489da8: 544c 8b4c | 2470 448b | 5c24 5848 | 8bcd 8bf8 | e932 0500 | 0066 6690 

  0x00000233a5489dc0: ;   {metadata('jdk/internal/loader/URLClassPath$FileLoader$1')}
  0x00000233a5489dc0: 4181 fb78 | 0a04 010f | 85d3 4c00 | 0048 8b7c | 2470 488d | 9c24 d000 | 0000 488b | 07a8 020f 
  0x00000233a5489de0: 8523 0000 | 0048 83c8 | 0148 8903 | f048 0fb1 | 1f0f 8437 | 0000 0048 | 2bc4 4825 | 07f0 ffff 
  0x00000233a5489e00: 4889 03e9 | 2400 0000 | 4c8b d048 | 33c0 f04d | 0fb1 7a3e | 48c7 0303 | 0000 0074 | 114c 3bf8 
  0x00000233a5489e20: 7515 49ff | 8286 0000 | 0048 33c0 | 7509 49ff | 8748 0500 | 0033 c00f | 8583 4c00 | 0044 8b5f 
  0x00000233a5489e40: 0c45 85db | 0f85 0403 | 0000 498b | 87b8 0100 | 004c 8bd0 | 4983 c220 | 0f1f 8400 | 0000 0000 
  0x00000233a5489e60: 4d3b 97c8 | 0100 000f | 83e4 3e00 | 004d 8997 | b801 0000 | 410f 0d8a | c000 0000 | 48c7 0001 
  0x00000233a5489e80: ;   {metadata('java/io/FileInputStream')}
  0x00000233a5489e80: 0000 00c7 | 4008 f817 | 0100 4489 | 600c 4c89 | 6010 4c89 | 6018 4c8b | c08b 6f18 | 498b 87b8 
  0x00000233a5489ea0: 0100 004c | 8bd0 4983 | c210 4d3b | 97c8 0100 | 000f 8351 | 3e00 004d | 8997 b801 | 0000 410f 
  0x00000233a5489ec0: 0d8a c000 | 0000 48c7 | 0001 0000 

  0x00000233a5489ecc: ;   {metadata('java/lang/Object')}
  0x00000233a5489ecc: 00c7 4008 | 700e 0000 | 4489 600c | 4d8b d04c | 8bd8 4589 | 581c 4c8b | d84d 33da | 49c1 eb14 
  0x00000233a5489eec: 4d85 db74 | 1a49 c1ea | 0948 b900 | 605c ac33 | 0200 0049 | 03ca 8039 | 020f 85da | 2a00 0085 
  0x00000233a5489f0c: ed0f 844b | 1300 0044 | 8b5d 104c | 8bcd 4d8b | d34d 8bd9 | 4c89 5424 | 584c 895c | 2450 4c89 
  0x00000233a5489f2c: 4424 4048 | 897c 2430 | 488b 6c24 | 7066 6690 

  0x00000233a5489f3c: ;   {static_call}
  0x00000233a5489f3c: c5f8 77e8 

  0x00000233a5489f40: ; ImmutableOopMap {rbp=Oop [48]=Oop [56]=Oop [64]=Oop [72]=Oop [80]=Oop [88]=Oop [120]=NarrowOop [128]=Oop }
                      ;*invokestatic getSecurityManager {reexecute=0 rethrow=0 return_oop=1}
                      ; - java.io.FileInputStream::<init>@28 (line 139)
                      ; - jdk.internal.loader.URLClassPath$FileLoader$1::getInputStream@8 (line 1119)
                      ; - jdk.internal.loader.Resource::cachedInputStream@9 (line 77)
                      ; - jdk.internal.loader.Resource::getBytes@1 (line 89)
                      ; - jdk.internal.loader.BuiltinClassLoader::defineClass@84 (line 859)
  0x00000233a5489f40: 3c51 6cff 

  0x00000233a5489f44: ;   {other}
  0x00000233a5489f44: 0f1f 8400 | b444 002f | 4885 c00f | 85d7 4d00 | 004c 8b54 | 2458 660f | 1f44 0000 | 4d85 d20f 
  0x00000233a5489f64: 840b 4d00 | 004c 8b5c | 2450 4d85 | db0f 841d | 4d00 004c | 8954 2420 | 498b d390 

  0x00000233a5489f80: ;   {optimized virtual_call}
  0x00000233a5489f80: c5f8 77e8 

  0x00000233a5489f84: ; ImmutableOopMap {rbp=Oop [32]=Oop [48]=Oop [56]=Oop [64]=Oop [72]=Oop [120]=NarrowOop [128]=Oop }
                      ;*invokevirtual isInvalid {reexecute=0 rethrow=0 return_oop=0}
                      ; - java.io.FileInputStream::<init>@54 (line 146)
                      ; - jdk.internal.loader.URLClassPath$FileLoader$1::getInputStream@8 (line 1119)
                      ; - jdk.internal.loader.Resource::cachedInputStream@9 (line 77)
                      ; - jdk.internal.loader.Resource::getBytes@1 (line 89)
                      ; - jdk.internal.loader.BuiltinClassLoader::defineClass@84 (line 859)
  0x00000233a5489f84: f84a 6cff 

  0x00000233a5489f88: ;   {other}
  0x00000233a5489f88: 0f1f 8400 | f844 0030 | 85c0 0f85 | cc4d 0000 | 4d8b 8fb8 | 0100 004d | 8bd1 4983 | c228 4d3b 
  0x00000233a5489fa8: 97c8 0100 | 000f 83d4 | 3d00 004d | 8997 b801 | 0000 410f | 0d8a c000 | 0000 49c7 | 0101 0000 
  0x00000233a5489fc8: ;   {metadata('java/io/FileDescriptor')}
  0x00000233a5489fc8: 0041 c741 | 0880 2201 | 004d 8961 | 184d 8961 | 2041 c741 | 0cff ffff | ff49 c741 | 10ff ffff 
  0x00000233a5489fe8: ff41 807f | 4000 0f85 | 4029 0000 | 488b 5c24 | 404c 8bd3 | 4d8b c144 | 8943 104d | 8bd9 4d33 
  0x00000233a548a008: da49 c1eb | 144d 85db | 0f84 1629 | 0000 49c1 | ea09 48b9 | 0060 5cac | 3302 0000 | 4903 ca80 
  0x00000233a548a028: 3902 0f85 | 0d2a 0000 | 498b d148 | 895c 2440 | 4c8b c390 

  0x00000233a548a03c: ;   {optimized virtual_call}
  0x00000233a548a03c: c5f8 77e8 

  0x00000233a548a040: ; ImmutableOopMap {rbp=Oop [32]=Oop [48]=Oop [56]=Oop [64]=Oop [72]=Oop [120]=NarrowOop [128]=Oop }
                      ;*invokevirtual attach {reexecute=0 rethrow=0 return_oop=0}
                      ; - java.io.FileInputStream::<init>@86 (line 150)
                      ; - jdk.internal.loader.URLClassPath$FileLoader$1::getInputStream@8 (line 1119)
                      ; - jdk.internal.loader.Resource::cachedInputStream@9 (line 77)
                      ; - jdk.internal.loader.Resource::getBytes@1 (line 89)
                      ; - jdk.internal.loader.BuiltinClassLoader::defineClass@84 (line 859)
  0x00000233a548a040: 3c4a 6cff 

  0x00000233a548a044: ;   {other}
  0x00000233a548a044: 0f1f 8400 | b445 0031 | 4180 7f40 | 000f 8518 | 2900 0048 | 8b5c 2440 | 4c8b d348 | 8b7c 2420 
  0x00000233a548a064: 4c8b df44 | 895b 144c | 8bdf 4d33 | da49 c1eb | 144d 85db | 741a 49c1 | ea09 48b9 | 0060 5cac 
  0x00000233a548a084: 3302 0000 | 4903 ca80 | 3902 0f85 | 062a 0000 | 4889 5c24 | 4066 6690 

  0x00000233a548a09c: ;   {static_call}
  0x00000233a548a09c: c5f8 77e8 

  0x00000233a548a0a0: ; ImmutableOopMap {rbp=Oop [32]=Oop [48]=Oop [56]=Oop [64]=Oop [72]=Oop [120]=NarrowOop [128]=Oop }
                      ;*invokestatic begin {reexecute=0 rethrow=0 return_oop=0}
                      ; - java.io.FileInputStream::open@0 (line 211)
                      ; - java.io.FileInputStream::<init>@96 (line 152)
                      ; - jdk.internal.loader.URLClassPath$FileLoader$1::getInputStream@8 (line 1119)
                      ; - jdk.internal.loader.Resource::cachedInputStream@9 (line 77)
                      ; - jdk.internal.loader.Resource::getBytes@1 (line 89)
                      ; - jdk.internal.loader.BuiltinClassLoader::defineClass@84 (line 859)
  0x00000233a548a0a0: dc4f 6cff 

  0x00000233a548a0a4: ;   {other}
  0x00000233a548a0a4: 0f1f 8400 | 1446 0032 | 4889 4424 | 5048 8b54 | 2440 4c8b | 4424 2090 

  0x00000233a548a0bc: ;   {optimized virtual_call}
  0x00000233a548a0bc: c5f8 77e8 

  0x00000233a548a0c0: ; ImmutableOopMap {rbp=Oop [48]=Oop [56]=Oop [64]=Oop [72]=Oop [120]=NarrowOop [128]=Oop }
                      ;*invokevirtual open0 {reexecute=0 rethrow=0 return_oop=0}
                      ; - java.io.FileInputStream::open@6 (line 213)
                      ; - java.io.FileInputStream::<init>@96 (line 152)
                      ; - jdk.internal.loader.URLClassPath$FileLoader$1::getInputStream@8 (line 1119)
                      ; - jdk.internal.loader.Resource::cachedInputStream@9 (line 77)
                      ; - jdk.internal.loader.Resource::getBytes@1 (line 89)
                      ; - jdk.internal.loader.BuiltinClassLoader::defineClass@84 (line 859)
  0x00000233a548a0c0: bc49 6cff 

  0x00000233a548a0c4: ;   {other}
  0x00000233a548a0c4: 0f1f 8400 | 3446 0033 | 488b 5424 | 5066 6690 

  0x00000233a548a0d4: ;   {static_call}
  0x00000233a548a0d4: c5f8 77e8 

  0x00000233a548a0d8: ; ImmutableOopMap {rbp=Oop [48]=Oop [56]=Oop [64]=Oop [72]=Oop [120]=NarrowOop [128]=Oop }
                      ;*invokestatic end {reexecute=0 rethrow=0 return_oop=0}
                      ; - java.io.FileInputStream::open@10 (line 215)
                      ; - java.io.FileInputStream::<init>@96 (line 152)
                      ; - jdk.internal.loader.URLClassPath$FileLoader$1::getInputStream@8 (line 1119)
                      ; - jdk.internal.loader.Resource::cachedInputStream@9 (line 77)
                      ; - jdk.internal.loader.Resource::getBytes@1 (line 89)
                      ; - jdk.internal.loader.BuiltinClassLoader::defineClass@84 (line 859)
  0x00000233a548a0d8: a44f 6cff 

  0x00000233a548a0dc: ;   {other}
  0x00000233a548a0dc: 0f1f 8400 | 4c46 0034 | 4c8b 5424 | 4045 8b52 | 1049 8bd2 

  0x00000233a548a0f0: ;   {static_call}
  0x00000233a548a0f0: c5f8 77e8 

  0x00000233a548a0f4: ; ImmutableOopMap {rbp=Oop [48]=Oop [56]=Oop [64]=Oop [72]=Oop [120]=NarrowOop [128]=Oop }
                      ;*invokestatic register {reexecute=0 rethrow=0 return_oop=0}
                      ; - java.io.FileInputStream::<init>@103 (line 153)
                      ; - jdk.internal.loader.URLClassPath$FileLoader$1::getInputStream@8 (line 1119)
                      ; - jdk.internal.loader.Resource::cachedInputStream@9 (line 77)
                      ; - jdk.internal.loader.Resource::getBytes@1 (line 89)
                      ; - jdk.internal.loader.BuiltinClassLoader::defineClass@84 (line 859)
  0x00000233a548a0f4: 884f 6cff 

  0x00000233a548a0f8: ;   {other}
  0x00000233a548a0f8: 0f1f 8400 | 6846 0035 | 4180 7f40 | 000f 85a1 | 2800 0048 | 8b7c 2430 | 4c8b d74c | 8b44 2440 
  0x00000233a548a118: 4d8b d844 | 895f 0c4d | 33c2 49c1 | e814 4d85 | c074 1e49 | c1ea 0948 | b900 605c | ac33 0200 
  0x00000233a548a138: 0049 03ca | 0f1f 4000 | 8039 020f | 85a2 2900 | 0048 896c | 2470 488d | 8424 d000 | 0000 4883 
  0x00000233a548a158: 3800 0f84 | 7900 0000 | 4c8b 1741 | f6c2 020f | 8462 0000 | 0049 83ba | 8600 0000 | 0074 0949 
  0x00000233a548a178: ff8a 8600 | 0000 eb4b | 498b 8296 | 0000 0049 | 0b82 8e00 | 0000 750a | 49c7 423e | 0000 0000 
  0x00000233a548a198: eb3d 4983 | ba9e 0000 | 0000 7422 | 4833 c049 | c742 3e00 | 0000 00f0 | 8304 2400 | 4983 ba9e 
  0x00000233a548a1b8: 0000 0000 | 750d f04d | 0fb1 7a3e | 7505 83c8 | 01eb 0ca8 | 00eb 084c | 8b10 f04c | 0fb1 1775 
  0x00000233a548a1d8: 0a49 ff8f | 4805 0000 | 4533 d20f | 8501 4900 | 004c 8b4c | 2448 450f | b651 3a45 

  0x00000233a548a1f4: ;   {no_reloc}
  0x00000233a548a1f4: 85d2 0f85 | b032 0000 | 4533 d244 | 8b47 1845 | 85c0 0f84 | 2448 0000 | 4489 5424 | 5444 895c 
  0x00000233a548a214: 2450 4889 | 7c24 484c | 894c 2440 | 4c8b 5424 | 704c 8954 | 2430 498b | d066 6690 

  0x00000233a548a230: ;   {optimized virtual_call}
  0x00000233a548a230: c5f8 77e8 

  0x00000233a548a234: ; ImmutableOopMap {[48]=Oop [56]=Oop [64]=Oop [72]=Oop [80]=NarrowOop [112]=Oop [120]=NarrowOop [128]=Oop }
                      ;*invokevirtual length {reexecute=0 rethrow=0 return_oop=0}
                      ; - jdk.internal.loader.URLClassPath$FileLoader$1::getContentLength@4 (line 1121)
                      ; - jdk.internal.loader.Resource::getBytes@10 (line 100)
                      ; - jdk.internal.loader.BuiltinClassLoader::defineClass@84 (line 859)
  0x00000233a548a234: 4848 6cff 

  0x00000233a548a238: ;   {other}
  0x00000233a548a238: 0f1f 8400 | a847 0036 | 4d8b 8fb8 | 0100 004d | 8bd1 4983 | c210 448b | d84d 3b97 | c801 0000 
  0x00000233a548a258: 0f83 fe37 | 0000 4d89 | 97b8 0100 | 0041 0f0d | 8ac0 0000 | 0049 c701 | 0100 0000 | 410f 0d8a 
  0x00000233a548a278: 0001 0000 

  0x00000233a548a27c: ;   {metadata({type array byte})}
  0x00000233a548a27c: 41c7 4108 | 6822 0000 | 410f 0d8a | 4001 0000 | 4589 610c | 410f 0d8a | 8001 0000 | 0f1f 8400 
  0x00000233a548a29c: 0000 0000 | 4183 fbff | 0f84 da4a | 0000 4585 | db7f 1c44 | 8b54 2450 | 4585 d20f | 8477 4800 
  0x00000233a548a2bc: 004c 894c | 2420 8b74 | 2454 e91e | 0200 0044 | 8b44 2450 

  0x00000233a548a2d0: ; implicit exception: dispatches to 0x00000233a548f2a5
  0x00000233a548a2d0: 458b 5008 | 498b c866 | 0f1f 8400 | 0000 0000 

  0x00000233a548a2e0: ;   {metadata('java/util/zip/ZipFile$ZipFileInflaterInputStream')}
  0x00000233a548a2e0: 4181 faf8 | 8031 000f | 8561 1d00 | 0033 ff41 | 8b59 0c3b | fb0f 8cec | 1300 0041 | 8bd3 2bd7 
  0x00000233a548a300: 448d 9300 | 0400 0041 | 3bd2 410f | 4fd2 85d2 | 0f8c 5e46 | 0000 8d34 | 3a4d 8bd1 | 4983 c210 
  0x00000233a548a320: 3bf3 0f84 | 341b 0000 | 81fe 0000 | 1000 0f87 | 4043 0000 | 4863 c63b | de8b eb0f | 4fee 6690 
  0x00000233a548a340: 3bdd 0f82 | a043 0000 | 3bf5 0f82 | a543 0000 | 4883 c017 | 488b d848 | 83e3 f80f | 1f44 0000 
  0x00000233a548a360: 81fe 0000 | 1000 0f87 | 1c30 0000 | 4889 9c24 | 9000 0000 | 4889 8424 | 8800 0000 | 4c89 5424 
  0x00000233a548a380: 7089 7424 | 6c89 5424 | 6889 7c24 | 5c48 894c | 2460 4489 | 5c24 584c | 894c 2420 | 4489 4424 
  0x00000233a548a3a0: 504d 8b97 | b801 0000 | 4d8b c24d | 8bda 4c03 | db4d 3b9f | c801 0000 | 0f83 ff2f | 0000 4d89 
  0x00000233a548a3c0: 9fb8 0100 | 0041 0f0d | 8bc0 0000 | 004d 8bd0 | 49c7 0201 | 0000 0041 | 0f0d 8b00 

  0x00000233a548a3dc: ;   {metadata({type array byte})}
  0x00000233a548a3dc: 0100 0041 | c742 0868 | 2200 0041 | 8970 0c41 | 0f0d 8b40 | 0100 0041 | 0f0d 8b80 | 0100 004d 
  0x00000233a548a3fc: 8bd0 4d8b | da49 83c3 | 104c 8b84 | 2488 0000 | 0049 c1e8 | 0385 ed0f | 8463 4200 | 000f 1f80 
  0x00000233a548a41c: 0000 0000 | 3b6c 246c | 0f8c 4f16 | 0000 498b | da4c 8b94 | 2490 0000 | 0049 83c2 | f049 c1ea 
  0x00000233a548a43c: 0348 8b4c | 2470 498b | d34d 8bc2 | c5f8 7749 | ba60 33b3 | a433 0200 | 0041 ffd2 

  0x00000233a548a458: ;   {other}
  0x00000233a548a458: 0f1f 8400 | 0000 0000 | 4c8b d34c | 8954 2470 | 448b 5c24 | 5848 8b4c | 2460 8b7c | 245c 448b 
  0x00000233a548a478: 5424 6889 | 7c24 2048 | 8be9 4489 | 5c24 5848 | 8bd1 4c8b | 4424 7044 | 8bcf 418b | fa66 6690 
  0x00000233a548a498: ;   {optimized virtual_call}
  0x00000233a548a498: c5f8 77e8 

  0x00000233a548a49c: ; ImmutableOopMap {rbp=Oop [48]=Oop [56]=Oop [64]=Oop [72]=Oop [80]=NarrowOop [112]=Oop [120]=NarrowOop [128]=Oop }
                      ;*invokevirtual read {reexecute=0 rethrow=0 return_oop=0}
                      ; - jdk.internal.loader.Resource::getBytes@117 (line 126)
                      ; - jdk.internal.loader.BuiltinClassLoader::defineClass@84 (line 859)
  0x00000233a548a49c: e045 6cff 

  0x00000233a548a4a0: ;   {other}
  0x00000233a548a4a0: 0f1f 8400 | 104a 0037 | 85c0 0f8c | 9044 0000 | 0344 2420 | 8b74 2454 | 4d8b 9f50 

  0x00000233a548a4bc: ; ImmutableOopMap {rbp=Oop [48]=Oop [56]=Oop [64]=Oop [72]=Oop [80]=NarrowOop [112]=Oop [120]=NarrowOop [128]=Oop }
                      ;*goto {reexecute=1 rethrow=0 return_oop=0}
                      ; - (reexecute) jdk.internal.loader.Resource::getBytes@179 (line 142)
                      ; - jdk.internal.loader.BuiltinClassLoader::defineClass@84 (line 859)
                      ;   {poll}
  0x00000233a548a4bc: 0400 0041 | 8503 3b44 | 2458 0f8c | d4f8 ffff | 4c8b 5424 | 704c 8954 | 2420 448b | 5424 500f 
  0x00000233a548a4dc: 1f44 0000 | 4585 d20f | 8454 4600 | 0045 8b42 | 0849 8bd2 

  0x00000233a548a4f0: ;   {metadata('java/util/zip/ZipFile$ZipFileInflaterInputStream')}
  0x00000233a548a4f0: 4181 f8f8 | 8031 000f | 852a 1700 | 0089 7424 | 4066 6690 

  0x00000233a548a504: ;   {optimized virtual_call}
  0x00000233a548a504: c5f8 77e8 

  0x00000233a548a508: ; ImmutableOopMap {[32]=Oop [48]=Oop [56]=Oop [72]=Oop [120]=NarrowOop [128]=Oop }
                      ;*invokevirtual close {reexecute=0 rethrow=0 return_oop=0}
                      ; - jdk.internal.loader.Resource::getBytes@183 (line 145)
                      ; - jdk.internal.loader.BuiltinClassLoader::defineClass@84 (line 859)
  0x00000233a548a508: 7445 6cff 

  0x00000233a548a50c: ;   {other}
  0x00000233a548a50c: 0f1f 8400 | 7c4a 0039 | 8b74 2440 | 85f6 660f | 1f44 0000 | 0f85 8f48 | 0000 4c8b | 5424 204c 
  0x00000233a548a52c: 8954 2450 | 4c8b 5424 | 304c 8954 | 2470 e96c | ddff ff90 

  0x00000233a548a540: ;   {metadata('jdk/internal/loader/URLClassPath$FileLoader$1')}
  0x00000233a548a540: 4181 fa78 | 0a04 010f | 84e9 ddff | ffba c6ff | ffff 4c8b | 5424 384c | 8954 2420 

  0x00000233a548a55c: ;   {runtime_call UncommonTrapBlob}
  0x00000233a548a55c: c5f8 77e8 

  0x00000233a548a560: ; ImmutableOopMap {[32]=Oop [80]=Oop [112]=Oop [120]=NarrowOop [128]=Oop }
                      ;*invokevirtual getCodeSigners {reexecute=0 rethrow=0 return_oop=0}
                      ; - jdk.internal.loader.BuiltinClassLoader::defineClass@90 (line 860)
  0x00000233a548a560: 9ca0 6cff 

  0x00000233a548a564: ;   {other}
  0x00000233a548a564: 0f1f 8400 | d44a 003a | 4963 c841 | 81f8 0000 | 1000 0f87 | 6c35 0000 | 4889 8c24 | 8800 0000 
  0x00000233a548a584: 4889 4424 | 2089 5c24 | 4441 8be8 | 4489 4c24 | 4048 8954 | 2430 4489 | 5c24 6048 | 8974 2468 
  0x00000233a548a5a4: 897c 245c | 4489 5424 | 584c 896c | 2450 4d8b | 97b8 0100 | 004d 8bc2 | 4c8d 5917 | 4983 e3f8 
  0x00000233a548a5c4: 4d03 d34d | 3b97 c801 | 0000 0f83 | 4a35 0000 | 4d89 97b8 | 0100 0041 | 0f0d 8ac0 | 0000 0049 
  0x00000233a548a5e4: c700 0100 | 0000 410f | 0d8a 0001 

  0x00000233a548a5f0: ;   {metadata({type array byte})}
  0x00000233a548a5f0: 0000 41c7 | 4008 6822 | 0000 4189 | 680c 410f | 0d8a 4001 | 0000 410f | 0d8a 8001 | 0000 498b 
  0x00000233a548a610: d048 83c2 | 1049 8bd8 | 4c8b 9424 | 8800 0000 | 4983 c207 | 49c1 ea03 | 488b 4c24 | 204d 8bc2 
  0x00000233a548a630: c5f8 7749 | ba60 33b3 | a433 0200 | 0041 ffd2 

  0x00000233a548a640: ;   {other}
  0x00000233a548a640: 0f1f 8400 | 0000 0000 | e933 dbff | ff44 8b5d | 2045 85db | 0f84 58dd | ffff 4d8b | 5728 498b 
  0x00000233a548a660: cb4d 85d2 | 0f84 9a25 | 0000 4d8b | 5f38 4b89 | 4c13 f849 | 83c2 f84d | 8957 280f | 1f44 0000 
  0x00000233a548a680: e92d ddff | ff4d 8b57 | 584d 8b5f | 48f0 8344 | 24c0 0041 | 8038 000f | 846d ddff | ff45 8820 
  0x00000233a548a6a0: 4d85 db75 | 2349 8bc8 | 498b d7c5 | f877 49ba | a014 b46c | fe7f 0000 

  0x00000233a548a6b8: ;   {other}
  0x00000233a548a6b8: 41ff d20f | 1f84 0000 | 0000 00e9 | 42dd ffff | 4f89 441a | f849 83c3 | f84d 895f | 48e9 30dd 
  0x00000233a548a6d8: ffff 85ed | 0f1f 4000 | 0f84 12c6 | ffff 4d8b | 5728 488b | cd4d 85d2 | 0f84 5e26 | 0000 488b 
  0x00000233a548a6f8: fb49 8bd8 | 4d8b 5f38 | 4b89 4c13 | f849 83c2 | f84d 8957 | 284c 8bc3 | 488b dfe9 | e0c5 ffff 
  0x00000233a548a718: 0f1f 8400 | 0000 0000 | 458b cb4c | 8b6c 2450 | 448b 5424 | 5848 8bb4 | 2498 0000 | 0044 8b5c 
  0x00000233a548a738: 2460 488b | d545 8bc1 

  0x00000233a548a740: ;   {metadata('java/io/FileInputStream')}
  0x00000233a548a740: eb10 4181 | f9f8 1701 | 000f 85b1 | 4400 0045 | 33c0 448b | 4e0c 453b | c10f 8c7b | 1200 0041 
  0x00000233a548a760: 8bdb 412b | d841 8d81 | 0004 0000 | 3bd8 0f4f | d885 db0f | 8caf 4300 | 0048 8bc6 | 4883 c010 
  0x00000233a548a780: 418d 0c18 | 413b c90f | 84a6 1700 | 0081 f900 | 0010 000f | 87e7 3f00 | 004c 63f1 | 443b c941 
  0x00000233a548a7a0: 8be9 0f4f | e944 3bcd | 0f82 4640 | 0000 3bcd | 0f82 4640 | 0000 4983 | c617 4d8b | ce49 83e1 
  0x00000233a548a7c0: f881 f900 | 0010 000f | 8777 2c00 | 004c 898c | 2490 0000 | 004c 89b4 | 2488 0000 | 0048 8944 
  0x00000233a548a7e0: 2468 4489 | 4424 6448 | 8954 2440 | 894c 2434 | 895c 2430 | 4489 5c24 | 6048 8974 | 2420 897c 
  0x00000233a548a800: 245c 4489 | 5424 584c | 896c 2450 | 4d8b 97b8 | 0100 004d | 8bc2 4d03 | d10f 1f80 | 0000 0000 
  0x00000233a548a820: 4d3b 97c8 | 0100 000f | 8356 2c00 | 004d 8997 | b801 0000 | 410f 0d8a | c000 0000 | 49c7 0001 
  0x00000233a548a840: ;   {no_reloc}
  0x00000233a548a840: 0000 0041 | 0f0d 8a00 

  0x00000233a548a848: ;   {metadata({type array byte})}
  0x00000233a548a848: 0100 0041 | c740 0868 | 2200 0041 | 8948 0c41 | 0f0d 8a40 | 0100 0041 | 0f0d 8a80 | 0100 004d 
  0x00000233a548a868: 8bd0 4d8b | da49 83c3 | 104c 8b84 | 2488 0000 | 0049 c1e8 | 0366 6690 | 85ed 0f84 | 003f 0000 
  0x00000233a548a888: 3b6c 2434 | 0f8c 9312 | 0000 498b | da4c 8b94 | 2490 0000 | 0049 83c2 | f049 c1ea | 0348 8b4c 
  0x00000233a548a8a8: 2468 498b | d34d 8bc2 | c5f8 7749 | ba60 33b3 | a433 0200 | 0041 ffd2 

  0x00000233a548a8c0: ;   {other}
  0x00000233a548a8c0: 0f1f 8400 | 0000 0000 | 4c8b d344 | 8b44 2430 | 4489 4424 | 7c4c 8994 | 2498 0000 | 004c 8b6c 
  0x00000233a548a8e0: 2450 8b7c | 245c 448b | 5c24 6048 | 8b54 2440 | 448b 4424 | 6444 8944 | 2420 488b | ea44 895c 
  0x00000233a548a900: 2460 897c | 245c 4c89 | 6c24 5090 

  0x00000233a548a90c: ;   {static_call}
  0x00000233a548a90c: c5f8 77e8 

  0x00000233a548a910: ; ImmutableOopMap {rbp=Oop [56]=Oop [72]=Oop [80]=Oop [88]=NarrowOop [112]=Oop [120]=NarrowOop [128]=Oop [152]=Oop }
                      ;*invokestatic begin {reexecute=0 rethrow=0 return_oop=0}
                      ; - java.io.FileInputStream::read@0 (line 285)
                      ; - jdk.internal.loader.Resource::getBytes@117 (line 126)
                      ; - jdk.internal.loader.URLClassPath$JarLoader$2::getBytes@1 (line 862)
                      ; - jdk.internal.loader.BuiltinClassLoader::defineClass@84 (line 859)
  0x00000233a548a910: 6c47 6cff 

  0x00000233a548a914: ;   {other}
  0x00000233a548a914: 0f1f 8400 | 844e 003b | 4889 4424 | 3048 8bd5 | 4c8b 8424 | 9800 0000 | 448b 4c24 | 208b 7c24 
  0x00000233a548a934: 7c66 6690 

  0x00000233a548a938: ;   {optimized virtual_call}
  0x00000233a548a938: c5f8 77e8 

  0x00000233a548a93c: ; ImmutableOopMap {rbp=Oop [56]=Oop [72]=Oop [80]=Oop [88]=NarrowOop [112]=Oop [120]=NarrowOop [128]=Oop [152]=Oop }
                      ;*invokevirtual readBytes {reexecute=0 rethrow=0 return_oop=0}
                      ; - java.io.FileInputStream::read@9 (line 287)
                      ; - jdk.internal.loader.Resource::getBytes@117 (line 126)
                      ; - jdk.internal.loader.URLClassPath$JarLoader$2::getBytes@1 (line 862)
                      ; - jdk.internal.loader.BuiltinClassLoader::defineClass@84 (line 859)
  0x00000233a548a93c: 4041 6cff 

  0x00000233a548a940: ;   {other}
  0x00000233a548a940: 0f1f 8400 | b04e 003c | 8944 2424 | 488b 5424 | 3066 6690 

  0x00000233a548a954: ;   {static_call}
  0x00000233a548a954: c5f8 77e8 

  0x00000233a548a958: ; ImmutableOopMap {rbp=Oop [56]=Oop [72]=Oop [80]=Oop [88]=NarrowOop [112]=Oop [120]=NarrowOop [128]=Oop [152]=Oop }
                      ;*invokestatic end {reexecute=0 rethrow=0 return_oop=0}
                      ; - java.io.FileInputStream::read@16 (line 289)
                      ; - jdk.internal.loader.Resource::getBytes@117 (line 126)
                      ; - jdk.internal.loader.URLClassPath$JarLoader$2::getBytes@1 (line 862)
                      ; - jdk.internal.loader.BuiltinClassLoader::defineClass@84 (line 859)
  0x00000233a548a958: 2447 6cff 

  0x00000233a548a95c: ;   {other}
  0x00000233a548a95c: 0f1f 8400 | cc4e 003d | 448b 5424 | 2445 85d2 | 0f8c a941 | 0000 448b | 5c24 2045 | 03da 8b7c 
  0x00000233a548a97c: 245c 4d8b | 9750 0400 

  0x00000233a548a984: ; ImmutableOopMap {rbp=Oop [56]=Oop [72]=Oop [80]=Oop [88]=NarrowOop [112]=Oop [120]=NarrowOop [128]=Oop [152]=Oop }
                      ;*goto {reexecute=1 rethrow=0 return_oop=0}
                      ; - (reexecute) jdk.internal.loader.Resource::getBytes@179 (line 142)
                      ; - jdk.internal.loader.URLClassPath$JarLoader$2::getBytes@1 (line 862)
                      ; - jdk.internal.loader.BuiltinClassLoader::defineClass@84 (line 859)
                      ;   {poll}
  0x00000233a548a984: 0041 8502 | 443b 5c24 | 600f 8c8d | fdff ff4c | 8b94 2498 | 0000 004c | 8954 2468 | e953 d8ff 
  0x00000233a548a9a4: ;   {metadata('jdk/internal/loader/URLClassPath$FileLoader$1')}
  0x00000233a548a9a4: ff41 81fb | 780a 0401 | 0f85 0243 | 0000 4c8b | 4c24 7049 | 8b87 b801 | 0000 4c8b | d049 83c2 
  0x00000233a548a9c4: 204d 3b97 | c801 0000 | 0f83 9e32 | 0000 4d89 | 97b8 0100 | 0041 0f0d | 8ac0 0000 | 0048 c700 
  0x00000233a548a9e4: 0100 0000 

  0x00000233a548a9e8: ;   {metadata('java/io/FileInputStream')}
  0x00000233a548a9e8: c740 08f8 | 1701 0044 | 8960 0c4c | 8960 104c | 8960 1848 | 8bd8 418b | 6918 498b | 87b8 0100 
  0x00000233a548aa08: 004c 8bd0 | 4983 c210 | 4d3b 97c8 | 0100 000f | 8388 3200 | 004d 8997 | b801 0000 | 410f 0d8a 
  0x00000233a548aa28: c000 0000 | 48c7 0001 

  0x00000233a548aa30: ;   {metadata('java/lang/Object')}
  0x00000233a548aa30: 0000 00c7 | 4008 700e | 0000 4489 | 600c 4c8b | d34c 8bc0 | 4489 431c | 4c8b c04d | 33c2 49c1 
  0x00000233a548aa50: e814 4d85 | c074 1a49 | c1ea 0948 | b900 605c | ac33 0200 | 0049 03ca | 8039 020f | 858e 1d00 
  0x00000233a548aa70: 0085 ed0f | 84da 0700 | 0044 8b45 | 1048 8bcd | 4d8b d04c | 8bc1 4c89 | 5424 604c | 8944 2458 
  0x00000233a548aa90: 4889 5c24 | 504c 894c | 2440 4489 | 5c24 2090 

  0x00000233a548aaa0: ;   {static_call}
  0x00000233a548aaa0: c5f8 77e8 

  0x00000233a548aaa4: ; ImmutableOopMap {[56]=Oop [64]=Oop [72]=Oop [80]=Oop [88]=Oop [96]=Oop [112]=Oop [120]=NarrowOop [128]=Oop }
                      ;*invokestatic getSecurityManager {reexecute=0 rethrow=0 return_oop=1}
                      ; - java.io.FileInputStream::<init>@28 (line 139)
                      ; - jdk.internal.loader.URLClassPath$FileLoader$1::getInputStream@8 (line 1119)
                      ; - jdk.internal.loader.Resource::cachedInputStream@9 (line 77)
                      ; - jdk.internal.loader.Resource::getByteBuffer@1 (line 163)
                      ; - jdk.internal.loader.BuiltinClassLoader::defineClass@45 (line 853)
  0x00000233a548aaa4: d845 6cff 

  0x00000233a548aaa8: ;   {other}
  0x00000233a548aaa8: 0f1f 8400 | 1850 003f | 4885 c00f | 851b 4200 | 004c 8b54 | 2460 6690 | 4d85 d20f | 846f 4100 
  0x00000233a548aac8: 004c 8b5c | 2458 4d85 | db0f 8481 | 4100 0049 | 8bea 498b | d366 6690 

  0x00000233a548aae0: ;   {optimized virtual_call}
  0x00000233a548aae0: c5f8 77e8 

  0x00000233a548aae4: ; ImmutableOopMap {rbp=Oop [56]=Oop [64]=Oop [72]=Oop [80]=Oop [112]=Oop [120]=NarrowOop [128]=Oop }
                      ;*invokevirtual isInvalid {reexecute=0 rethrow=0 return_oop=0}
                      ; - java.io.FileInputStream::<init>@54 (line 146)
                      ; - jdk.internal.loader.URLClassPath$FileLoader$1::getInputStream@8 (line 1119)
                      ; - jdk.internal.loader.Resource::cachedInputStream@9 (line 77)
                      ; - jdk.internal.loader.Resource::getByteBuffer@1 (line 163)
                      ; - jdk.internal.loader.BuiltinClassLoader::defineClass@45 (line 853)
  0x00000233a548aae4: 983f 6cff 

  0x00000233a548aae8: ;   {other}
  0x00000233a548aae8: 0f1f 8400 | 5850 0040 | 85c0 0f85 | 1442 0000 | 4d8b 8fb8 | 0100 004d | 8bd1 4983 | c228 4d3b 
  0x00000233a548ab08: 97c8 0100 | 000f 83d2 | 3100 004d | 8997 b801 | 0000 410f | 0d8a c000 | 0000 49c7 | 0101 0000 
  0x00000233a548ab28: ;   {metadata('java/io/FileDescriptor')}
  0x00000233a548ab28: 0041 c741 | 0880 2201 | 004d 8961 | 184d 8961 | 2041 c741 | 0cff ffff | ff49 c741 | 10ff ffff 
  0x00000233a548ab48: ff41 807f | 4000 0f85 | 391c 0000 | 4c8b 4424 | 504d 8bd9 | 4589 5810 | 4d8b d04d | 8bd9 4d33 
  0x00000233a548ab68: da49 c1eb | 144d 85db | 0f84 0f1c | 0000 49c1 | ea09 48b9 | 0060 5cac | 3302 0000 | 4903 ca80 
  0x00000233a548ab88: 3902 0f85 | d51c 0000 | 498b d14c | 8944 2430 

  0x00000233a548ab98: ;   {optimized virtual_call}
  0x00000233a548ab98: c5f8 77e8 

  0x00000233a548ab9c: ; ImmutableOopMap {rbp=Oop [48]=Oop [56]=Oop [64]=Oop [72]=Oop [112]=Oop [120]=NarrowOop [128]=Oop }
                      ;*invokevirtual attach {reexecute=0 rethrow=0 return_oop=0}
                      ; - java.io.FileInputStream::<init>@86 (line 150)
                      ; - jdk.internal.loader.URLClassPath$FileLoader$1::getInputStream@8 (line 1119)
                      ; - jdk.internal.loader.Resource::cachedInputStream@9 (line 77)
                      ; - jdk.internal.loader.Resource::getByteBuffer@1 (line 163)
                      ; - jdk.internal.loader.BuiltinClassLoader::defineClass@45 (line 853)
  0x00000233a548ab9c: e03e 6cff 

  0x00000233a548aba0: ;   {other}
  0x00000233a548aba0: 0f1f 8400 | 1051 0041 | 4180 7f40 | 000f 8512 | 1c00 004c | 8b4c 2430 | 4d8b d148 | 8bdd 4c8b 
  0x00000233a548abc0: c345 8941 | 144c 8bdb | 4d33 da49 | c1eb 144d | 85db 741a | 49c1 ea09 | 48b9 0060 | 5cac 3302 
  0x00000233a548abe0: 0000 4903 | ca80 3902 | 0f85 e31c | 0000 488b | eb4c 894c | 2430 6690 

  0x00000233a548abf8: ;   {static_call}
  0x00000233a548abf8: c5f8 77e8 

  0x00000233a548abfc: ; ImmutableOopMap {rbp=Oop [48]=Oop [56]=Oop [64]=Oop [72]=Oop [112]=Oop [120]=NarrowOop [128]=Oop }
                      ;*invokestatic begin {reexecute=0 rethrow=0 return_oop=0}
                      ; - java.io.FileInputStream::open@0 (line 211)
                      ; - java.io.FileInputStream::<init>@96 (line 152)
                      ; - jdk.internal.loader.URLClassPath$FileLoader$1::getInputStream@8 (line 1119)
                      ; - jdk.internal.loader.Resource::cachedInputStream@9 (line 77)
                      ; - jdk.internal.loader.Resource::getByteBuffer@1 (line 163)
                      ; - jdk.internal.loader.BuiltinClassLoader::defineClass@45 (line 853)
  0x00000233a548abfc: 8044 6cff 

  0x00000233a548ac00: ;   {other}
  0x00000233a548ac00: 0f1f 8400 | 7051 0042 | 4889 4424 | 5048 8b54 | 2430 4c8b | c566 6690 

  0x00000233a548ac18: ;   {optimized virtual_call}
  0x00000233a548ac18: c5f8 77e8 

  0x00000233a548ac1c: ; ImmutableOopMap {[48]=Oop [56]=Oop [64]=Oop [72]=Oop [112]=Oop [120]=NarrowOop [128]=Oop }
                      ;*invokevirtual open0 {reexecute=0 rethrow=0 return_oop=0}
                      ; - java.io.FileInputStream::open@6 (line 213)
                      ; - java.io.FileInputStream::<init>@96 (line 152)
                      ; - jdk.internal.loader.URLClassPath$FileLoader$1::getInputStream@8 (line 1119)
                      ; - jdk.internal.loader.Resource::cachedInputStream@9 (line 77)
                      ; - jdk.internal.loader.Resource::getByteBuffer@1 (line 163)
                      ; - jdk.internal.loader.BuiltinClassLoader::defineClass@45 (line 853)
  0x00000233a548ac1c: 603e 6cff 

  0x00000233a548ac20: ;   {other}
  0x00000233a548ac20: 0f1f 8400 | 9051 0043 | 488b 5424 | 5066 6690 

  0x00000233a548ac30: ;   {static_call}
  0x00000233a548ac30: c5f8 77e8 

  0x00000233a548ac34: ; ImmutableOopMap {[48]=Oop [56]=Oop [64]=Oop [72]=Oop [112]=Oop [120]=NarrowOop [128]=Oop }
                      ;*invokestatic end {reexecute=0 rethrow=0 return_oop=0}
                      ; - java.io.FileInputStream::open@10 (line 215)
                      ; - java.io.FileInputStream::<init>@96 (line 152)
                      ; - jdk.internal.loader.URLClassPath$FileLoader$1::getInputStream@8 (line 1119)
                      ; - jdk.internal.loader.Resource::cachedInputStream@9 (line 77)
                      ; - jdk.internal.loader.Resource::getByteBuffer@1 (line 163)
                      ; - jdk.internal.loader.BuiltinClassLoader::defineClass@45 (line 853)
  0x00000233a548ac34: 4844 6cff 

  0x00000233a548ac38: ;   {other}
  0x00000233a548ac38: 0f1f 8400 | a851 0044 | 4c8b 5424 | 3045 8b5a | 1049 8bd3 

  0x00000233a548ac4c: ;   {static_call}
  0x00000233a548ac4c: c5f8 77e8 

  0x00000233a548ac50: ; ImmutableOopMap {[48]=Oop [56]=Oop [64]=Oop [72]=Oop [112]=Oop [120]=NarrowOop [128]=Oop }
                      ;*invokestatic register {reexecute=0 rethrow=0 return_oop=0}
                      ; - java.io.FileInputStream::<init>@103 (line 153)
                      ; - jdk.internal.loader.URLClassPath$FileLoader$1::getInputStream@8 (line 1119)
                      ; - jdk.internal.loader.Resource::cachedInputStream@9 (line 77)
                      ; - jdk.internal.loader.Resource::getByteBuffer@1 (line 163)
                      ; - jdk.internal.loader.BuiltinClassLoader::defineClass@45 (line 853)
  0x00000233a548ac50: 2c44 6cff 

  0x00000233a548ac54: ;   {other}
  0x00000233a548ac54: 0f1f 8400 | c451 0045 | 488b 5c24 | 30e9 09ce | ffff 41ba | 0100 0000 | 443b 9424 | 9400 0000 
  0x00000233a548ac74: 0f8d 5800 | 0000 448b | 8424 9000 | 0000 470f | be5c 1010 | 4183 fb2e | 0f84 6908 | 0000 41ff 
  0x00000233a548ac94: c266 6666 | 0f1f 8400 | 0000 0000 | 443b 9424 | 9400 0000 | 7cd0 488b | b424 8800 | 0000 488b 
  0x00000233a548acb4: 4c24 504c | 8b4c 2460 | 448b 9424 | 9800 0000 | 8b54 2420 | 488b 7c24 | 30e9 00df | ffff 488b 
  0x00000233a548acd4: b424 8800 | 0000 488b | 4c24 504c | 8b4c 2460 | 448b 9424 | 9800 0000 | 8b54 2420 | 448b 8424 
  0x00000233a548acf4: 9000 0000 | 488b 7c24 | 3066 6690 | e9cd deff | ff44 8b5e | 1445 85db | 0f84 c5bd | ffff 4d8b 
  0x00000233a548ad14: 5728 498b | cb4d 85d2 | 0f1f 4000 | 0f84 d327 | 0000 4d8b | 5f38 4b89 | 4c13 f849 | 83c2 f84d 
  0x00000233a548ad34: 8957 28e9 | 9bbd ffff | 4d8b 5748 | 4d8b 5f58 | f083 4424 | c000 8039 | 000f 84b7 

  0x00000233a548ad50: ;   {no_reloc}
  0x00000233a548ad50: bdff ff44 | 8821 4d85 | d275 2049 | 8bd7 c5f8 | 7749 baa0 | 14b4 6cfe | 7f00 0041 

  0x00000233a548ad6c: ;   {other}
  0x00000233a548ad6c: ffd2 0f1f | 8400 0000 | 0000 e98f | bdff ff4b | 894c 13f8 | 4983 c2f8 | 4d89 5748 | e97d bdff 
  0x00000233a548ad8c: ff83 fa01 | 0f85 c603 | 0000 85d2 | 0f86 5341 | 0000 0fb6 | 1f85 db0f | 85c9 c1ff | ffe9 ae03 
  0x00000233a548adac: 0000 4c8b | 5424 7045 | 8b52 0c45 | 85d2 660f | 1f44 0000 | 0f84 b4cc | ffff 4d8b | 5f28 498b 
  0x00000233a548adcc: ca4d 85db | 0f84 4327 | 0000 4d8b | 5738 4b89 | 4c1a f849 | 83c3 f84d | 895f 28e9 | 8ecc ffff 
  0x00000233a548adec: 4c8b ed45 | 8b55 0c45 | 85d2 0f84 | f8cf ffff | 4d8b 5f28 | 498b ca4d | 85db 0f84 | 7827 0000 
  0x00000233a548ae0c: 4d8b 5738 | 4b89 4c1a | f849 83c3 | f84d 895f | 2866 6690 | e9cf cfff | ff4d 8b57 | 484d 8b5f 
  0x00000233a548ae2c: 58f0 8344 | 24c0 0080 | 3900 0f84 | 83cc ffff | 4488 2190 | 4d85 d275 | 2049 8bd7 | c5f8 7749 
  0x00000233a548ae4c: baa0 14b4 | 6cfe 7f00 | 0041 ffd2 

  0x00000233a548ae58: ;   {other}
  0x00000233a548ae58: 0f1f 8400 | 0000 0000 | e95a ccff | ff4b 894c | 13f8 4983 | c2f8 4d89 | 5748 e948 | ccff ff4c 
  0x00000233a548ae78: 63c5 4d8d | 5010 498b | d248 83e2 | f848 8bfb | 4803 fa49 | c1ea 0349 | 2bca 4833 | c048 83f9 
  0x00000233a548ae98: 087f 1048 | ffc9 784f | 4889 04cf | 48ff c97d | f7eb 44c5 | fdef c0e9 | 0d00 0000 | c5fe 7f07 
  0x00000233a548aeb8: c5fe 7f47 | 2048 83c7 | 4048 83e9 | 087d ed48 | 83c1 047c | 0cc5 fe7f | 0748 83c7 | 2048 83e9 
  0x00000233a548aed8: 0448 83c1 | 047e 1048 | ffc9 c5f9 | d607 4883 | c708 48ff | c97d f349 | 8bc9 498b | d3c5 f877 
  0x00000233a548aef8: 49ba c02c | b3a4 3302 | 0000 41ff 

  0x00000233a548af04: ;   {other}
  0x00000233a548af04: d20f 1f84 | 0000 0000 | 00e9 babb | ffff 48b9 | 0060 5cac | 3302 0000 | 0f1f 4000 | e9b6 c8ff 
  0x00000233a548af24: ff44 8b5a 

  0x00000233a548af28: ;   {oop(a 'java/util/jar/Attributes$Name'{0x00000000821950a8})}
  0x00000233a548af28: 1041 81fb | a850 1982 | 0f84 27e2 | ffff 4889 | 5424 5844 | 8944 2450 | 4889 5c24 | 404c 894c 
  0x00000233a548af48: 2430 4889 | 4c24 2048 | 8bee 4d8b 

  0x00000233a548af54: ;   {oop(a 'java/util/jar/Attributes$Name'{0x00000000821950a8})}
  0x00000233a548af54: c348 baa8 | 5019 8200 | 0000 0090 

  0x00000233a548af60: ;   {optimized virtual_call}
  0x00000233a548af60: c5f8 77e8 

  0x00000233a548af64: ; ImmutableOopMap {rbp=Oop [32]=Oop [48]=Oop [56]=Oop [64]=Oop [72]=Oop [88]=Oop [112]=Oop [120]=NarrowOop [128]=Oop }
                      ;*invokevirtual equals {reexecute=0 rethrow=0 return_oop=0}
                      ; - java.util.HashMap::getNode@128 (line 585)
                      ; - java.util.LinkedHashMap::get@2 (line 536)
                      ; - java.util.jar.Attributes::get@5 (line 106)
                      ; - java.util.jar.Attributes::getValue@2 (line 142)
                      ; - jdk.internal.loader.BuiltinClassLoader::isSealed@34 (line 995)
                      ; - jdk.internal.loader.BuiltinClassLoader::getAndVerifyPackage@70 (line 911)
                      ; - jdk.internal.loader.BuiltinClassLoader::defineOrCheckPackage@4 (line 877)
                      ; - jdk.internal.loader.ClassLoaders$AppClassLoader::defineOrCheckPackage@4 (line 211)
                      ; - jdk.internal.loader.BuiltinClassLoader::defineClass@40 (line 849)
  0x00000233a548af64: 183b 6cff 

  0x00000233a548af68: ;   {other}
  0x00000233a548af68: 0f1f 8400 | d854 0046 | 85c0 0f84 | 7c0a 0000 | 488b f548 | 8b4c 2420 | 4c8b 4c24 | 3048 8b5c 
  0x00000233a548af88: 2440 488b | 5424 58e9 | c9e1 ffff | 83fa 0175 | 0f0f b61f | 0f1f 4000 | 85db 0f85 | 47c4 ffff 
  0x00000233a548afa8: c646 1101 | 33db e93f 

  0x00000233a548afb0: ;   {oop(""{0x0000000081c991c0})}
  0x00000233a548afb0: c4ff ff48 | bec0 91c9 | 8100 0000 | 0066 6690 | e949 bbff | ff4c 896c | 2450 4489 | 5424 5889 
  0x00000233a548afd0: 7c24 5c48 | 8974 2420 | 4489 5c24 | 6048 8954 | 2430 4489 | 4c24 4089 | 5c24 4489 | 4c24 6448 
  0x00000233a548aff0: 8944 2468 | 4c89 b424 | 8800 0000 | 4c89 8424 | 9000 0000 

  0x00000233a548b004: ;   {metadata({type array byte})}
  0x00000233a548b004: 48ba 6822 | 00b2 3302 | 0000 448b | 4424 6490 

  0x00000233a548b014: ;   {runtime_call _new_array_nozero_Java}
  0x00000233a548b014: c5f8 77e8 

  0x00000233a548b018: ; ImmutableOopMap {[32]=Oop [104]=Derived_oop_[32] [48]=Oop [56]=Oop [72]=Oop [80]=Oop [88]=NarrowOop [112]=Oop [120]=NarrowOop [128]=Oop }
                      ;*newarray {reexecute=0 rethrow=0 return_oop=1}
                      ; - java.util.Arrays::copyOf@15 (line 3541)
                      ; - jdk.internal.loader.Resource::getBytes@94 (line 120)
                      ; - jdk.internal.loader.URLClassPath$JarLoader$2::getBytes@1 (line 862)
                      ; - jdk.internal.loader.BuiltinClassLoader::defineClass@84 (line 859)
  0x00000233a548b018: e4a5 78ff 

  0x00000233a548b01c: ;   {other}
  0x00000233a548b01c: 0f1f 8400 | 8c55 0047 | 488b d8e9 | f9d0 ffff | 448b 7424 | 204c 8b6c | 2428 4c8b | 4c24 6848 
  0x00000233a548b03c: 8b74 2440 | 4c8b 4424 | 4844 8b54 | 2424 448b | 5c24 50e9 | 74bf ffff | 83fa 010f | 8512 0200 
  0x00000233a548b05c: 0066 6690 | 85d2 0f86 | 1140 0000 | 440f b617 | 4585 d20f | 84fa 0100 | 0041 8bda | e9ec dfff 
  0x00000233a548b07c: ff48 8954 | 2420 4489 | 4424 7c48 | 899c 2488 | 0000 004c | 894c 2460 | 4889 4c24 | 5048 8974 
  0x00000233a548b09c: 2458 4d8b 

  0x00000233a548b0a0: ;   {oop(a 'java/util/jar/Attributes$Name'{0x00000000821950a8})}
  0x00000233a548b0a0: c248 baa8 | 5019 8200 | 0000 0044 | 8b5c 2478 | 4489 5c24 | 6c66 6690 

  0x00000233a548b0b8: ;   {optimized virtual_call}
  0x00000233a548b0b8: c5f8 77e8 

  0x00000233a548b0bc: ; ImmutableOopMap {rbp=NarrowOop [32]=Oop [56]=Oop [72]=Oop [80]=Oop [88]=Oop [96]=Oop [108]=NarrowOop [112]=Oop [120]=NarrowOop [128]=Oop [136]=Oop }
                      ;*invokevirtual equals {reexecute=0 rethrow=0 return_oop=0}
                      ; - java.util.HashMap::getNode@63 (line 578)
                      ; - java.util.LinkedHashMap::get@2 (line 536)
                      ; - java.util.jar.Attributes::get@5 (line 106)
                      ; - java.util.jar.Attributes::getValue@2 (line 142)
                      ; - jdk.internal.loader.BuiltinClassLoader::isSealed@34 (line 995)
                      ; - jdk.internal.loader.BuiltinClassLoader::getAndVerifyPackage@70 (line 911)
                      ; - jdk.internal.loader.BuiltinClassLoader::defineOrCheckPackage@4 (line 877)
                      ; - jdk.internal.loader.ClassLoaders$AppClassLoader::defineOrCheckPackage@4 (line 211)
                      ; - jdk.internal.loader.BuiltinClassLoader::defineClass@40 (line 849)
  0x00000233a548b0bc: c039 6cff 

  0x00000233a548b0c0: ;   {other}
  0x00000233a548b0c0: 0f1f 8400 | 3056 0048 | 85c0 0f84 | 1c40 0000 | 488b 7424 | 5848 8b4c | 2450 4c8b | 4c24 6048 
  0x00000233a548b0e0: 8b9c 2488 | 0000 0048 | 8b54 2420 | e96c e0ff | ff44 895c | 2444 4489 | 5424 404c | 896c 2430 
  0x00000233a548b100: 4c8b 5424 | 484c 8954 | 2420 4588 | 623a f083 | 4424 c000 

  0x00000233a548b114: ;   {static_call}
  0x00000233a548b114: c5f8 77e8 

  0x00000233a548b118: ; ImmutableOopMap {[32]=Oop [48]=Oop [56]=Oop [64]=NarrowOop [112]=Oop [120]=NarrowOop [128]=Oop }
                      ;*invokestatic clearInterruptEvent {reexecute=0 rethrow=0 return_oop=0}
                      ; - java.lang.Thread::getAndClearInterrupt@14 (line 1785)
                      ; - java.lang.Thread::interrupted@3 (line 1746)
                      ; - jdk.internal.loader.Resource::getBytes@5 (line 96)
                      ; - jdk.internal.loader.URLClassPath$JarLoader$2::getBytes@1 (line 862)
                      ; - jdk.internal.loader.BuiltinClassLoader::defineClass@84 (line 859)
  0x00000233a548b118: 643f 6cff 

  0x00000233a548b11c: ;   {other}
  0x00000233a548b11c: 0f1f 8400 | 8c56 0049 | 4c8b 5424 | 204c 8954 | 2448 4c8b | 6c24 3044 | 8b54 2440 | 8b7c 2444 
  0x00000233a548b13c: 0f1f 4000 | e9ea cdff | ff48 8b74 | 2420 448b | 4424 3044 | 8b54 2434 | e9dc c2ff | ff4c 8bc0 
  0x00000233a548b15c: 41c6 4111 | 0133 dbe9 | 0ebe ffff 

  0x00000233a548b168: ;   {metadata('java/security/CodeSource')}
  0x00000233a548b168: 48ba c05c | 00b2 3302 | 0000 6690 

  0x00000233a548b174: ;   {runtime_call _new_instance_Java}
  0x00000233a548b174: c5f8 77e8 

  0x00000233a548b178: ; ImmutableOopMap {[56]=Oop [80]=Oop [120]=NarrowOop [128]=Oop }
                      ;*new {reexecute=0 rethrow=0 return_oop=1}
                      ; - jdk.internal.loader.BuiltinClassLoader::defineClass@95 (line 861)
  0x00000233a548b178: 04ab 78ff 

  0x00000233a548b17c: ;   {other}
  0x00000233a548b17c: 0f1f 8400 | ec56 004a | 488b e8e9 | f3d1 ffff | 897c 2434 | 8974 2430 

  0x00000233a548b194: ;   {metadata('java/security/SecureClassLoader$CodeSourceKey')}
  0x00000233a548b194: 48ba 20c4 | 11b2 3302 | 0000 6690 

  0x00000233a548b1a0: ;   {runtime_call _new_instance_Java}
  0x00000233a548b1a0: c5f8 77e8 

  0x00000233a548b1a4: ; ImmutableOopMap {rbp=Oop [52]=NarrowOop [56]=Oop [72]=NarrowOop [80]=Oop [128]=Oop }
                      ;*new {reexecute=0 rethrow=0 return_oop=1}
                      ; - java.security.SecureClassLoader::getProtectionDomain@6 (line 221)
                      ; - java.security.SecureClassLoader::defineClass@9 (line 150)
                      ; - jdk.internal.loader.BuiltinClassLoader::defineClass@117 (line 862)
  0x00000233a548b1a4: d8aa 78ff 

  0x00000233a548b1a8: ;   {other}
  0x00000233a548b1a8: 0f1f 8400 | 1857 004b | 448b 4424 | 308b 7c24 | 344c 8bc8 | 418b f090 | e98a d2ff | ff4c 894c 
  0x00000233a548b1c8: 2440 897c | 2434 8974 

  0x00000233a548b1d0: ;   {metadata('java/security/SecureClassLoader$1')}
  0x00000233a548b1d0: 2430 48ba | a8c9 11b2 | 3302 0000 

  0x00000233a548b1dc: ;   {runtime_call _new_instance_Java}
  0x00000233a548b1dc: c5f8 77e8 

  0x00000233a548b1e0: ; ImmutableOopMap {rbp=NarrowOop [52]=NarrowOop [56]=Oop [64]=Oop [80]=Oop [128]=Oop }
                      ;*new {reexecute=0 rethrow=0 return_oop=1}
                      ; - java.security.SecureClassLoader::getProtectionDomain@20 (line 222)
                      ; - java.security.SecureClassLoader::defineClass@9 (line 150)
                      ; - jdk.internal.loader.BuiltinClassLoader::defineClass@117 (line 862)
  0x00000233a548b1e0: 9caa 78ff 

  0x00000233a548b1e4: ;   {other}
  0x00000233a548b1e4: 0f1f 8400 | 5457 004c | 448b 5c24 | 308b 7c24 | 344c 8b4c | 2440 488b | c841 8bf3 | e9a5 d2ff 
  0x00000233a548b204: ff44 895c | 2420 897c | 245c 4489 | 5424 584c | 896c 2450 

  0x00000233a548b218: ;   {metadata({type array byte})}
  0x00000233a548b218: 48ba 6822 | 00b2 3302 | 0000 4533 | c066 6690 

  0x00000233a548b228: ;   {runtime_call _new_array_Java}
  0x00000233a548b228: c5f8 77e8 

  0x00000233a548b22c: ; ImmutableOopMap {[56]=Oop [72]=Oop [80]=Oop [88]=NarrowOop [112]=Oop [120]=NarrowOop [128]=Oop }
                      ;*newarray {reexecute=0 rethrow=0 return_oop=1}
                      ; - jdk.internal.loader.Resource::getBytes@30 (line 109)
                      ; - jdk.internal.loader.URLClassPath$JarLoader$2::getBytes@1 (line 862)
                      ; - jdk.internal.loader.BuiltinClassLoader::defineClass@84 (line 859)
  0x00000233a548b22c: 50a7 78ff 

  0x00000233a548b230: ;   {other}
  0x00000233a548b230: 0f1f 8400 | a057 004d | 4c8b 6c24 | 5044 8b54 | 2458 8b7c | 245c 488b | f044 8b5c | 2420 e93b 
  0x00000233a548b250: cdff ff45 | 33c0 4533 | d2e9 28f8 | ffff 4533 | db45 33d2 | e9b7 ecff | ff49 8bc0 | 448b ddc6 
  0x00000233a548b270: 4011 0145 | 33c0 4533 | d2e9 00de | ffff 488b | 7424 2048 | 8b4c 2430 | 4c8b 4c24 | 4048 8b44 
  0x00000233a548b290: 2450 448b | 5424 58e9 | c1df ffff | 488b f548 | 8b4c 2420 | 4c8b 4c24 | 3048 8b5c | 2440 448b 
  0x00000233a548b2b0: 4424 5048 | 8b7c 2458 | e970 e1ff | ff4c 896c | 2448 4489 | 5424 3444 | 895c 2430 | 897c 242c 
  0x00000233a548b2d0: 4489 7424 | 284c 8b54 | 2438 4c89 | 5424 2048 | 8b6c 2470 

  0x00000233a548b2e4: ;   {metadata('java/lang/String')}
  0x00000233a548b2e4: 48ba 40e7 | 00b2 3302 | 0000 6690 

  0x00000233a548b2f0: ;   {runtime_call _new_instance_Java}
  0x00000233a548b2f0: c5f8 77e8 

  0x00000233a548b2f4: ; ImmutableOopMap {rbp=Oop [32]=Oop [40]=NarrowOop [44]=NarrowOop [64]=Oop [72]=Oop [112]=Oop [120]=Oop }
                      ;*new {reexecute=0 rethrow=0 return_oop=1}
                      ; - java.lang.StringLatin1::newString@7 (line 752)
                      ; - java.lang.String::substring@41 (line 2839)
                      ; - jdk.internal.loader.BuiltinClassLoader::defineClass@23 (line 847)
  0x00000233a548b2f4: 88a9 78ff 

  0x00000233a548b2f8: ;   {other}
  0x00000233a548b2f8: 0f1f 8400 | 6858 004e | 4c8b 5424 | 204c 8954 | 2438 448b | 7424 288b | 7c24 2c44 | 8b5c 2430 
  0x00000233a548b318: 448b 5424 | 344c 8b6c | 2448 488b | f0e9 08b6 

  0x00000233a548b328: ;   {metadata({type array byte})}
  0x00000233a548b328: ffff 48ba | 6822 00b2 | 3302 0000 | 448b c548 | 8bac 2480 | 0000 004c | 898c 24c8 | 0000 0090 
  0x00000233a548b348: ;   {runtime_call _new_array_Java}
  0x00000233a548b348: c5f8 77e8 

  0x00000233a548b34c: ; ImmutableOopMap {rbp=Oop [48]=Oop [56]=Oop [72]=Oop [88]=Oop [96]=Oop [104]=Oop [112]=Oop [120]=NarrowOop [124]=NarrowOop [128]=Oop [136]=Oop [144]=Oop }
                      ;*invokevirtual allocateUninitializedArray0 {reexecute=0 rethrow=0 return_oop=1}
                      ; - jdk.internal.misc.Unsafe::allocateUninitializedArray@51 (line 1380)
                      ; - java.lang.StringConcatHelper::newArray@33 (line 511)
                      ; - java.lang.StringConcatHelper::simpleConcat@61 (line 435)
                      ; - java.lang.String::concat@11 (line 2899)
                      ; - jdk.internal.loader.BuiltinClassLoader::isSealed@14 (line 992)
                      ; - jdk.internal.loader.BuiltinClassLoader::getAndVerifyPackage@70 (line 911)
                      ; - jdk.internal.loader.BuiltinClassLoader::defineOrCheckPackage@4 (line 877)
                      ; - jdk.internal.loader.ClassLoaders$AppClassLoader::defineOrCheckPackage@4 (line 211)
                      ; - jdk.internal.loader.BuiltinClassLoader::defineClass@40 (line 849)
  0x00000233a548b34c: 30a6 78ff 

  0x00000233a548b350: ;   {other}
  0x00000233a548b350: 0f1f 8400 | c058 004f | 4c8b c00f | 1f44 0000 | e9a3 d9ff | ff4c 8944 

  0x00000233a548b368: ;   {metadata('java/lang/String')}
  0x00000233a548b368: 2440 48ba | 40e7 00b2 | 3302 0000 | 488b 6c24 | 3066 6690 

  0x00000233a548b37c: ;   {runtime_call _new_instance_Java}
  0x00000233a548b37c: c5f8 77e8 

  0x00000233a548b380: ; ImmutableOopMap {rbp=Oop [56]=Oop [64]=Oop [72]=Oop [88]=Oop [96]=Oop [104]=Oop [112]=Oop [120]=NarrowOop [124]=NarrowOop [128]=Oop }
                      ;*new {reexecute=0 rethrow=0 return_oop=1}
                      ; - java.lang.StringConcatHelper::newString@6 (line 400)
                      ; - java.lang.StringConcatHelper::simpleConcat@90 (line 440)
                      ; - java.lang.String::concat@11 (line 2899)
                      ; - jdk.internal.loader.BuiltinClassLoader::isSealed@14 (line 992)
                      ; - jdk.internal.loader.BuiltinClassLoader::getAndVerifyPackage@70 (line 911)
                      ; - jdk.internal.loader.BuiltinClassLoader::defineOrCheckPackage@4 (line 877)
                      ; - jdk.internal.loader.ClassLoaders$AppClassLoader::defineOrCheckPackage@4 (line 211)
                      ; - jdk.internal.loader.BuiltinClassLoader::defineClass@40 (line 849)
  0x00000233a548b380: fca8 78ff 

  0x00000233a548b384: ;   {other}
  0x00000233a548b384: 0f1f 8400 | f458 0050 | 4c8b 4424 | 40e9 43da | ffff bd01 | 0000 000f | 1f44 0000 | e9db e2ff 
  0x00000233a548b3a4: ff4c 8944 | 2468 4889 | 4c24 604c | 894c 2458 | 4889 7424 | 504c 896c | 2448 4489 | 5424 3444 
  0x00000233a548b3c4: 8974 2430 | 4c8b 5424 | 384c 8954 | 2428 4c8b | 5424 704c | 8954 2420 

  0x00000233a548b3dc: ;   {metadata({type array byte})}
  0x00000233a548b3dc: 48ba 6822 | 00b2 3302 | 0000 448b | 4424 3490 

  0x00000233a548b3ec: ;   {runtime_call _new_array_nozero_Java}
  0x00000233a548b3ec: c5f8 77e8 

  0x00000233a548b3f0: ; ImmutableOopMap {[32]=Oop [40]=Oop [48]=NarrowOop [64]=Oop [72]=Oop [80]=Oop [120]=Oop [88]=Derived_oop_[120] }
                      ;*newarray {reexecute=0 rethrow=0 return_oop=1}
                      ; - java.util.Arrays::copyOfRangeByte@10 (line 3863)
                      ; - java.util.Arrays::copyOfRange@13 (line 3854)
                      ; - java.lang.StringLatin1::newString@16 (line 752)
                      ; - java.lang.String::substring@41 (line 2839)
                      ; - jdk.internal.loader.BuiltinClassLoader::defineClass@23 (line 847)
  0x00000233a548b3f0: 0ca2 78ff 

  0x00000233a548b3f4: ;   {other}
  0x00000233a548b3f4: 0f1f 8400 | 6459 0051 | 4c8b 5424 | 204c 8954 | 2470 4c8b | 5424 284c | 8954 2438 | 448b 7424 
  0x00000233a548b414: 3044 8b54 | 2434 4c8b | 6c24 4848 | 8b74 2450 | 4c8b 4c24 | 5848 8b4c | 2460 4c8b | 4424 6848 
  0x00000233a548b434: 8bd8 e94b 

  0x00000233a548b438: ;   {metadata({type array byte})}
  0x00000233a548b438: b6ff ff48 | ba68 2200 | b233 0200 | 0044 8b84 | 2494 0000 | 0066 6690 

  0x00000233a548b450: ;   {runtime_call _new_array_Java}
  0x00000233a548b450: c5f8 77e8 

  0x00000233a548b454: ; ImmutableOopMap {[48]=Oop [56]=Oop [72]=Oop [80]=Oop [88]=Oop [96]=Oop [112]=Oop [120]=NarrowOop [128]=Oop [136]=Oop [144]=NarrowOop [152]=NarrowOop }
                      ;*invokevirtual allocateUninitializedArray0 {reexecute=0 rethrow=0 return_oop=1}
                      ; - jdk.internal.misc.Unsafe::allocateUninitializedArray@51 (line 1380)
                      ; - java.lang.StringConcatHelper::newArray@33 (line 511)
                      ; - java.lang.StringLatin1::replace@49 (line 304)
                      ; - java.lang.String::replace@18 (line 2933)
                      ; - jdk.internal.loader.BuiltinClassLoader::isSealed@9 (line 992)
                      ; - jdk.internal.loader.BuiltinClassLoader::getAndVerifyPackage@70 (line 911)
                      ; - jdk.internal.loader.BuiltinClassLoader::defineOrCheckPackage@4 (line 877)
                      ; - jdk.internal.loader.ClassLoaders$AppClassLoader::defineOrCheckPackage@4 (line 211)
                      ; - jdk.internal.loader.BuiltinClassLoader::defineClass@40 (line 849)
  0x00000233a548b454: 28a5 78ff 

  0x00000233a548b458: ;   {other}
  0x00000233a548b458: 0f1f 8400 | c859 0052 | 4c8b c0e9 | ccd3 ffff 

  0x00000233a548b468: ;   {metadata('java/lang/String')}
  0x00000233a548b468: 48ba 40e7 | 00b2 3302 | 0000 488b | ac24 8000 | 0000 4c8b | 9424 8800 | 0000 4c89 | 5424 6890 
  0x00000233a548b488: ;   {runtime_call _new_instance_Java}
  0x00000233a548b488: c5f8 77e8 

  0x00000233a548b48c: ; ImmutableOopMap {rbp=Oop [48]=Oop [56]=Oop [72]=Oop [80]=Oop [96]=Oop [104]=Oop [112]=Oop [120]=NarrowOop [128]=Oop [136]=Oop [152]=NarrowOop [160]=Oop }
                      ;*new {reexecute=0 rethrow=0 return_oop=1}
                      ; - java.lang.StringLatin1::replace@116 (line 313)
                      ; - java.lang.String::replace@18 (line 2933)
                      ; - jdk.internal.loader.BuiltinClassLoader::isSealed@9 (line 992)
                      ; - jdk.internal.loader.BuiltinClassLoader::getAndVerifyPackage@70 (line 911)
                      ; - jdk.internal.loader.BuiltinClassLoader::defineOrCheckPackage@4 (line 877)
                      ; - jdk.internal.loader.ClassLoaders$AppClassLoader::defineOrCheckPackage@4 (line 211)
                      ; - jdk.internal.loader.BuiltinClassLoader::defineClass@40 (line 849)
  0x00000233a548b48c: f0a7 78ff 

  0x00000233a548b490: ;   {other}
  0x00000233a548b490: 0f1f 8400 | 005a 0053 | 4c8b c00f | 1f44 0000 | e9ce d6ff | ff48 897c | 2440 4c89 | 4c24 3048 
  0x00000233a548b4b0: 894c 2420 | 488b ee48 | 8bd3 4c8b | c74c 8b94 | 2480 0000 | 004c 8954 | 2450 448b | 5c24 7844 
  0x00000233a548b4d0: 895c 2464 

  0x00000233a548b4d4: ;   {optimized virtual_call}
  0x00000233a548b4d4: c5f8 77e8 

  0x00000233a548b4d8: ; ImmutableOopMap {rbp=Oop [32]=Oop [48]=Oop [56]=Oop [64]=Oop [72]=Oop [80]=Oop [100]=NarrowOop [112]=Oop [120]=NarrowOop [128]=Oop }
                      ;*invokevirtual afterNodeAccess {reexecute=0 rethrow=0 return_oop=0}
                      ; - java.util.LinkedHashMap::get@21 (line 539)
                      ; - java.util.jar.Attributes::get@5 (line 106)
                      ; - java.util.jar.Attributes::getValue@2 (line 142)
                      ; - jdk.internal.loader.BuiltinClassLoader::isSealed@57 (line 997)
                      ; - jdk.internal.loader.BuiltinClassLoader::getAndVerifyPackage@70 (line 911)
                      ; - jdk.internal.loader.BuiltinClassLoader::defineOrCheckPackage@4 (line 877)
                      ; - jdk.internal.loader.ClassLoaders$AppClassLoader::defineOrCheckPackage@4 (line 211)
                      ; - jdk.internal.loader.BuiltinClassLoader::defineClass@40 (line 849)
  0x00000233a548b4d8: a435 6cff 

  0x00000233a548b4dc: ;   {other}
  0x00000233a548b4dc: 0f1f 8400 | 4c5a 0054 | 488b f548 | 8b4c 2420 | 4c8b 4c24 | 3048 8b7c | 2440 e910 | deff ff41 
  0x00000233a548b4fc: 8bea 6690 | e99b d2ff | ff4c 8944 | 2458 4c89 | 4c24 5048 | 8974 2448 | 4c89 6c24 | 3089 7c24 
  0x00000233a548b51c: 2c44 8974 | 2428 488b | 6c24 384c | 8b54 2470 | 4c89 5424 

  0x00000233a548b530: ;   {metadata({type array byte})}
  0x00000233a548b530: 2048 ba68 | 2200 b233 | 0200 0045 | 8bc3 6690 

  0x00000233a548b540: ;   {runtime_call _new_array_nozero_Java}
  0x00000233a548b540: c5f8 77e8 

  0x00000233a548b544: ; ImmutableOopMap {rbp=Oop [32]=Oop [40]=NarrowOop [44]=NarrowOop [48]=Oop [64]=Oop [72]=Oop [112]=Oop [120]=Oop [80]=Derived_oop_[120] }
                      ;*invokevirtual clone {reexecute=1 rethrow=0 return_oop=1}
                      ; - (reexecute) java.util.Arrays::copyOfRange@18 (line 3856)
                      ; - java.lang.StringLatin1::newString@16 (line 752)
                      ; - java.lang.String::substring@41 (line 2839)
                      ; - jdk.internal.loader.BuiltinClassLoader::defineClass@23 (line 847)
  0x00000233a548b544: b8a0 78ff 

  0x00000233a548b548: ;   {other}
  0x00000233a548b548: 0f1f 8400 | b85a 0055 | 4889 6c24 | 3844 8b74 | 2428 4c8b | 6c24 3048 | 8b74 2448 | 4c8b 4c24 
  0x00000233a548b568: 504c 8b44 | 2458 488b | e8e9 31b4 | ffff 41c6 | 430c 01f0 | 8344 24c0 | 0048 8d84 | 24d0 0000 
  0x00000233a548b588: 0048 8338 | 000f 8479 | 0000 004d | 8b10 41f6 | c202 0f84 | 6200 0000 | 4983 ba86 | 0000 0000 
  0x00000233a548b5a8: 7409 49ff | 8a86 0000 | 00eb 4b49 | 8b82 9600 | 0000 490b | 828e 0000 | 0075 0a49 | c742 3e00 
  0x00000233a548b5c8: 0000 00eb | 3d49 83ba | 9e00 0000 | 0074 2248 | 33c0 49c7 | 423e 0000 | 0000 f083 | 0424 0049 
  0x00000233a548b5e8: 83ba 9e00 | 0000 0075 | 0df0 4d0f | b17a 3e75 | 0583 c801 | eb0c a800 | eb08 4c8b | 10f0 4d0f 
  0x00000233a548b608: b110 750a | 49ff 8f48 | 0500 0045 | 33d2 0f85 | 543b 0000 | 458b 4318 | 4585 c074 | 3849 8beb 
  0x00000233a548b628: 4889 7424 | 4089 7c24 | 304c 896c | 2420 498b | d066 6690 

  0x00000233a548b63c: ;   {optimized virtual_call}
  0x00000233a548b63c: c5f8 77e8 

  0x00000233a548b640: ; ImmutableOopMap {rbp=Oop [32]=Oop [56]=Oop [64]=Oop [112]=Oop [120]=NarrowOop [128]=Oop }
                      ;*invokevirtual close {reexecute=0 rethrow=0 return_oop=0}
                      ; - java.io.FileInputStream::close@50 (line 521)
                      ; - jdk.internal.loader.Resource::getBytes@183 (line 145)
                      ; - jdk.internal.loader.URLClassPath$JarLoader$2::getBytes@1 (line 862)
                      ; - jdk.internal.loader.BuiltinClassLoader::defineClass@84 (line 859)
  0x00000233a548b640: 3c34 6cff 

  0x00000233a548b644: ;   {other}
  0x00000233a548b644: 0f1f 8400 | b45b 0056 | 4c8b 6c24 | 208b 7c24 | 3048 8b74 | 2440 4c8b | dd41 8b6b | 1049 8b87 
  0x00000233a548b664: b801 0000 | 4c8b d049 | 83c2 104d | 3b97 c801 | 0000 0f83 | 3833 0000 | 4d89 97b8 | 0100 0041 
  0x00000233a548b684: 0f0d 8ac0 | 0000 0048 | c700 0100 

  0x00000233a548b690: ;   {metadata('java/io/FileInputStream$1')}
  0x00000233a548b690: 0000 c740 | 0870 a21b | 0044 8960 | 0c4c 8bd0 | 4d8b c345 | 8942 0c85 | ed0f 848d | 3a00 0048 
  0x00000233a548b6b0: 8974 2440 | 897c 2430 | 4c89 6c24 | 2048 8bd5 | 4d8b c290 

  0x00000233a548b6c4: ;   {optimized virtual_call}
  0x00000233a548b6c4: c5f8 77e8 

  0x00000233a548b6c8: ; ImmutableOopMap {[32]=Oop [56]=Oop [64]=Oop [112]=Oop [120]=NarrowOop [128]=Oop }
                      ;*invokevirtual closeAll {reexecute=0 rethrow=0 return_oop=0}
                      ; - java.io.FileInputStream::close@65 (line 524)
                      ; - jdk.internal.loader.Resource::getBytes@183 (line 145)
                      ; - jdk.internal.loader.URLClassPath$JarLoader$2::getBytes@1 (line 862)
                      ; - jdk.internal.loader.BuiltinClassLoader::defineClass@84 (line 859)
  0x00000233a548b6c8: b433 6cff 

  0x00000233a548b6cc: ;   {other}
  0x00000233a548b6cc: 0f1f 8400 | 3c5c 0057 | 4c8b 6c24 | 208b 7c24 | 3048 8b74 | 2440 e963 | cbff ff44 | 8bd3 442b 
  0x00000233a548b6ec: d74c 894c | 2470 4489 | 4424 50e9 | 7fed ffff | 4c8b c645 | 8b58 0c45 | 85db 0f84 | d6df ffff 
  0x00000233a548b70c: 4d8b 5728 | 498b cb4d | 85d2 0f84 | 292d 0000 | 4d8b 5f38 | 4b89 4c13 | f849 83c2 | f84d 8957 
  0x00000233a548b72c: 284c 8bc6 | e9ad dfff | ff45 8b58 | 1045 85db | 0f1f 4000 | 0f84 28e0 | ffff 4d8b | 5728 498b 
  0x00000233a548b74c: cb4d 85d2 | 0f84 0f2d | 0000 498b | f949 8bd8 | 4d8b 5f38 | 4b89 4c13 | f849 83c2 | f84d 8957 
  0x00000233a548b76c: 284c 8bc3 | 4c8b cfe9 | f6df ffff | 4c8b d545 | 8b42 1490 | 4585 c00f | 844d e0ff | ff4d 8b5f 
  0x00000233a548b78c: 2849 8bc8 | 4d85 db0f | 84f2 2c00 | 004d 8b47 | 384b 894c | 18f8 4983 | c3f8 4d89 | 5f28 e927 
  0x00000233a548b7ac: e0ff ff45 | 8b59 1045 | 85db 0f84 | b4e0 ffff | 4d8b 5728 | 498b cb4d | 85d2 0f84 

  0x00000233a548b7c8: ;   {no_reloc}
  0x00000233a548b7c8: e22c 0000 | 4d8b 5f38 | 4b89 4c13 | f849 83c2 | f84d 8957 | 2866 6690 | e98b e0ff | ff48 8b7c 
  0x00000233a548b7e8: 2458 448b | 5f28 4585 | db0f 84cd | e0ff ff4d | 8b57 2849 | 8bcb 6690 | 4d85 d20f | 84ce 2c00 
  0x00000233a548b808: 004d 8b5f | 384b 894c | 13f8 4983 | c2f8 4d89 | 5728 e9a5 | e0ff ff49 | 8bd8 4d8b | 5758 4d8b 
  0x00000233a548b828: 5f48 f083 | 4424 c000 | 8039 0074 | 3244 8821 | 4d85 db74 | 0f4b 894c | 1af8 4983 | c3f8 4d89 
  0x00000233a548b848: 5f48 eb1b | 498b d7c5 | f877 49ba | a014 b46c | fe7f 0000 

  0x00000233a548b85c: ;   {other}
  0x00000233a548b85c: 41ff d20f | 1f84 0000 | 0000 004c | 8bc3 e9a3 | deff ff4d | 8b57 584d | 8b5f 48f0 | 8344 24c0 
  0x00000233a548b87c: 0066 6690 | 8039 000f | 841d dfff | ff44 8821 | 4d85 db75 | 2649 8bd8 | 498b d7c5 | f877 49ba 
  0x00000233a548b89c: a014 b46c | fe7f 0000 

  0x00000233a548b8a4: ;   {other}
  0x00000233a548b8a4: 41ff d20f | 1f84 0000 | 0000 004c | 8bc3 e9ef | deff ff4b | 894c 1af8 | 4983 c3f8 | 4d89 5f48 
  0x00000233a548b8c4: e9dd deff | ff4d 8b57 | 584d 8b5f | 48f0 8344 | 24c0 0080 | 3900 660f | 1f44 0000 | 0f84 eedd 
  0x00000233a548b8e4: ffff 4488 | 214d 85db | 7520 498b | d7c5 f877 | 49ba a014 | b46c fe7f | 0000 41ff 

  0x00000233a548b900: ;   {other}
  0x00000233a548b900: d20f 1f84 | 0000 0000 | 00e9 c6dd | ffff 4b89 | 4c1a f849 | 83c3 f84d | 895f 480f | 1f44 0000 
  0x00000233a548b920: e9af ddff | ff4d 8b57 | 484d 8b5f | 58f0 8344 | 24c0 0080 | 3900 0f84 | cddf ffff | 4488 2190 
  0x00000233a548b940: 4d85 d275 | 2649 8bd8 | 498b d7c5 | f877 49ba | a014 b46c | fe7f 0000 

  0x00000233a548b958: ;   {other}
  0x00000233a548b958: 41ff d20f | 1f84 0000 | 0000 004c | 8bc3 e99e | dfff ff4b | 894c 13f8 | 4983 c2f8 | 4d89 5748 
  0x00000233a548b978: e98c dfff | ff4d 8b57 | 484d 8b5f | 58f0 8344 | 24c0 0080 | 3900 0f84 | 1adf ffff | 4488 214d 
  0x00000233a548b998: 85d2 752c | 498b f149 | 8bf8 498b | d7c5 f877 | 49ba a014 | b46c fe7f | 0000 41ff 

  0x00000233a548b9b4: ;   {other}
  0x00000233a548b9b4: d20f 1f84 | 0000 0000 | 004c 8bc7 | 4c8b cee9 | e6de ffff | 4b89 4c13 | f849 83c2 | f84d 8957 
  0x00000233a548b9d4: 48e9 d4de | ffff 452b | c844 894c | 247c 4889 | b424 9800 | 0000 4489 | 5424 58e9 | 01ef ffff 
  0x00000233a548b9f4: 488b f548 | 8b4c 2420 | 4c8b 4c24 | 3048 8b5c | 2440 448b | 4424 5048 | 8b54 2458 | e9f7 d7ff 
  0x00000233a548ba14: ff89 5424 | 5444 8954 | 2450 4c89 | 4c24 4048 | 894c 2430 | 4889 7424 

  0x00000233a548ba2c: ;   {metadata('java/lang/String')}
  0x00000233a548ba2c: 2048 ba40 | e700 b233 | 0200 0048 | 8bef 448b | 5424 7844 | 8954 246c 

  0x00000233a548ba44: ;   {runtime_call _new_instance_Java}
  0x00000233a548ba44: c5f8 77e8 

  0x00000233a548ba48: ; ImmutableOopMap {rbp=Oop [32]=Oop [48]=Oop [56]=Oop [64]=Oop [72]=Oop [80]=NarrowOop [108]=NarrowOop [112]=Oop [120]=NarrowOop [128]=Oop }
                      ;*new {reexecute=0 rethrow=0 return_oop=1}
                      ; - java.lang.StringConcatHelper::simpleConcat@17 (line 425)
                      ; - java.lang.String::concat@11 (line 2899)
                      ; - jdk.internal.loader.BuiltinClassLoader::isSealed@14 (line 992)
                      ; - jdk.internal.loader.BuiltinClassLoader::getAndVerifyPackage@70 (line 911)
                      ; - jdk.internal.loader.BuiltinClassLoader::defineOrCheckPackage@4 (line 877)
                      ; - jdk.internal.loader.ClassLoaders$AppClassLoader::defineOrCheckPackage@4 (line 211)
                      ; - jdk.internal.loader.BuiltinClassLoader::defineClass@40 (line 849)
  0x00000233a548ba48: 34a2 78ff 

  0x00000233a548ba4c: ;   {other}
  0x00000233a548ba4c: 0f1f 8400 | bc5f 0058 | 488b 7424 | 2048 8b4c | 2430 4c8b | 4c24 4044 | 8b54 2450 | 8b54 2454 
  0x00000233a548ba6c: e948 daff | ff44 8bd3 | e92b aeff | ff49 8bd3 | 498b da4d | 8bc8 4c63 | c54d 8d50 | 104d 8bda 
  0x00000233a548ba8c: 4983 e3f8 | 488b fb49 | 03fb 49c1 | ea03 4d8b | d94d 2bda | 498b cb48 | 33c0 4883 | f908 7f10 
  0x00000233a548baac: 48ff c978 | 4f48 8904 | cf48 ffc9 | 7df7 eb44 | c5fd efc0 | e90d 0000 | 00c5 fe7f | 07c5 fe7f 
  0x00000233a548bacc: 4720 4883 | c740 4883 | e908 7ded | 4883 c104 | 7c0c c5fe | 7f07 4883 | c720 4883 | e904 4883 
  0x00000233a548baec: c104 7e10 | 48ff c9c5 | f9d6 0748 | 83c7 0848 | ffc9 7df3 | 488b 4c24 | 70c5 f877 | 49ba c02c 
  0x00000233a548bb0c: b3a4 3302 | 0000 41ff 

  0x00000233a548bb14: ;   {other}
  0x00000233a548bb14: d20f 1f84 | 0000 0000 | 004c 8bd3 | e93e e9ff | ff49 8bda | 4d8b d04c | 63c5 4d8d | 4810 498b 
  0x00000233a548bb34: c948 83e1 | f848 8bfb | 4803 f949 | c1e9 034d | 2bd1 498b | ca48 33c0 | 4883 f908 | 7f10 48ff 
  0x00000233a548bb54: c978 4f48 | 8904 cf48 | ffc9 7df7 | eb44 c5fd | efc0 e90d | 0000 00c5 | fe7f 07c5 | fe7f 4720 
  0x00000233a548bb74: 4883 c740 | 4883 e908 | 7ded 4883 | c104 7c0c | c5fe 7f07 | 4883 c720 | 4883 e904 | 4883 c104 
  0x00000233a548bb94: 7e10 48ff | c9c5 f9d6 | 0748 83c7 | 0848 ffc9 | 7df3 488b | 4c24 6849 | 8bd3 c5f8 | 7749 bac0 
  0x00000233a548bbb4: 2cb3 a433 | 0200 0041 

  0x00000233a548bbbc: ;   {other}
  0x00000233a548bbbc: ffd2 0f1f | 8400 0000 | 0000 4c8b | d3e9 fdec | ffff 4889 | 5424 404c | 894c 2430 | 4889 4c24 
  0x00000233a548bbdc: 2048 8bee | 488b d34c | 8b44 2440 | 4c8b 9424 | 8000 0000 | 4c89 5424 | 5044 8b54 | 2478 4489 
  0x00000233a548bbfc: 5424 6090 

  0x00000233a548bc00: ;   {optimized virtual_call}
  0x00000233a548bc00: c5f8 77e8 

  0x00000233a548bc04: ; ImmutableOopMap {rbp=Oop [32]=Oop [48]=Oop [56]=Oop [64]=Oop [72]=Oop [80]=Oop [96]=NarrowOop [112]=Oop [120]=NarrowOop [128]=Oop }
                      ;*invokevirtual afterNodeAccess {reexecute=0 rethrow=0 return_oop=0}
                      ; - java.util.LinkedHashMap::get@21 (line 539)
                      ; - java.util.jar.Attributes::get@5 (line 106)
                      ; - java.util.jar.Attributes::getValue@2 (line 142)
                      ; - jdk.internal.loader.BuiltinClassLoader::isSealed@34 (line 995)
                      ; - jdk.internal.loader.BuiltinClassLoader::getAndVerifyPackage@70 (line 911)
                      ; - jdk.internal.loader.BuiltinClassLoader::defineOrCheckPackage@4 (line 877)
                      ; - jdk.internal.loader.ClassLoaders$AppClassLoader::defineOrCheckPackage@4 (line 211)
                      ; - jdk.internal.loader.BuiltinClassLoader::defineClass@40 (line 849)
  0x00000233a548bc04: 782e 6cff 

  0x00000233a548bc08: ;   {other}
  0x00000233a548bc08: 0f1f 8400 | 7861 0059 | 488b f548 | 8b4c 2420 | 4c8b 4c24 | 3048 8b54 | 2440 e944 

  0x00000233a548bc24: ;   {metadata('java/io/FileInputStream')}
  0x00000233a548bc24: d5ff ff41 | 81f8 f817 | 0100 0f85 | 2a36 0000 | 4c8b da45 | 0fb6 530c | 0f1f 4000 | 4585 d20f 
  0x00000233a548bc44: 85cf e8ff | ff45 8b53 | 1c45 85d2 | 0f84 1237 | 0000 4d8b | c248 8d9c | 24d0 0000 | 0049 8b00 
  0x00000233a548bc64: a802 0f85 | 2300 0000 | 4883 c801 | 4889 03f0 | 490f b118 | 0f84 3700 | 0000 482b | c448 2507 
  0x00000233a548bc84: f0ff ff48 | 8903 e924 | 0000 004c | 8bd0 4833 | c0f0 4d0f | b17a 3e48 | c703 0300 | 0000 7411 
  0x00000233a548bca4: 4c3b f875 | 1549 ff82 | 8600 0000 | 4833 c075 | 0949 ff87 | 4805 0000 | 33c0 6690 | 0f85 ca36 
  0x00000233a548bcc4: 0000 450f | b653 0c45 | 85d2 0f84 | 6c24 0000 | 488d 8424 | d000 0000 | 4883 3800 | 0f84 7900 
  0x00000233a548bce4: 0000 4d8b | 1041 f6c2 | 020f 8462 | 0000 0049 | 83ba 8600 | 0000 0074 | 0949 ff8a | 8600 0000 
  0x00000233a548bd04: eb4b 498b | 8296 0000 | 0049 0b82 | 8e00 0000 | 750a 49c7 | 423e 0000 | 0000 eb3d | 4983 ba9e 
  0x00000233a548bd24: ;   {no_reloc}
  0x00000233a548bd24: 0000 0000 | 7422 4833 | c049 c742 | 3e00 0000 | 00f0 8304 | 2400 4983 | ba9e 0000 | 0000 750d 
  0x00000233a548bd44: f04d 0fb1 | 7a3e 7505 | 83c8 01eb | 0ca8 00eb | 084c 8b10 | f04d 0fb1 | 1075 0a49 | ff8f 4805 
  0x00000233a548bd64: 0000 4533 | d20f 84a9 | e7ff ff49 | 8bc8 488d | 9424 d000 | 0000 4d8b | c7c5 f877 | 49ba 7039 
  0x00000233a548bd84: f56c fe7f | 0000 41ff 

  0x00000233a548bd8c: ;   {other}
  0x00000233a548bd8c: d20f 1f84 | 0000 0000 | 00e9 7ee7 | ffff 4c63 | f166 6690 | e9aa c2ff | ff49 83c2 | fe49 8bca 
  0x00000233a548bdac: 488b fa48 | 33c0 4883 | f908 7f10 | 48ff c978 | 4f48 8904 | cf48 ffc9 | 7df7 eb44 | c5fd efc0 
  0x00000233a548bdcc: e90d 0000 | 00c5 fe7f | 07c5 fe7f | 4720 4883 | c740 4883 | e908 7ded | 4883 c104 | 7c0c c5fe 
  0x00000233a548bdec: 7f07 4883 | c720 4883 | e904 4883 | c104 7e10 | 48ff c9c5 | f9d6 0748 | 83c7 0848 | ffc9 7df3 
  0x00000233a548be0c: e96f c3ff | ff41 8be9 | 895c 2420 | eb07 418b | e989 5c24 | 20ba ccff | ffff 4c8b | 4424 384c 
  0x00000233a548be2c: 8944 2430 | 4c89 6c24 | 4044 8954 | 2448 897c | 244c 4489 | 5c24 5048 | 8974 2458 | 894c 2460 
  0x00000233a548be4c: ;   {runtime_call UncommonTrapBlob}
  0x00000233a548be4c: c5f8 77e8 

  0x00000233a548be50: ; ImmutableOopMap {[48]=Oop [64]=Oop [72]=NarrowOop [88]=Oop [120]=NarrowOop [128]=Oop }
                      ;*newarray {reexecute=1 rethrow=0 return_oop=0}
                      ; - (reexecute) java.util.Arrays::copyOf@15 (line 3541)
                      ; - jdk.internal.loader.Resource::getBytes@94 (line 120)
                      ; - jdk.internal.loader.URLClassPath$JarLoader$2::getBytes@1 (line 862)
                      ; - jdk.internal.loader.BuiltinClassLoader::defineClass@84 (line 859)
  0x00000233a548be50: ac87 6cff 

  0x00000233a548be54: ;   {other}
  0x00000233a548be54: 0f1f 8400 | c463 005a | 4863 f390 | 81fb 0000 | 1000 0f87 | e030 0000 | 4c89 5424 | 2089 5424 
  0x00000233a548be74: 688b c389 | 7c24 5c48 | 894c 2460 | 4489 5c24 | 5849 8be9 | 4489 4424 | 504d 8b97 | b801 0000 
  0x00000233a548be94: 4d8b c24c | 8bd6 4889 | 7424 7049 | 83c2 1749 | 83e2 f84d | 8bd8 4d03 | da4d 3b9f | c801 0000 
  0x00000233a548beb4: 0f83 b830 | 0000 4d89 | 9fb8 0100 | 0041 0f0d | 8bc0 0000 | 0049 c700 | 0100 0000 | 410f 0d8b 
  0x00000233a548bed4: 0001 0000 

  0x00000233a548bed8: ;   {metadata({type array byte})}
  0x00000233a548bed8: 41c7 4008 | 6822 0000 | 4189 580c | 410f 0d8b | 4001 0000 | 410f 0d8b | 8001 0000 | 498b d048 
  0x00000233a548bef8: 83c2 1049 | 8bd8 4c8b | 5424 7049 | 83c2 0749 | c1ea 0348 | 8b4c 2420 | 4d8b c2c5 | f877 49ba 
  0x00000233a548bf18: 6033 b3a4 | 3302 0000 

  0x00000233a548bf20: ;   {other}
  0x00000233a548bf20: 41ff d20f | 1f84 0000 | 0000 004c | 8bd3 e930 | e5ff ff49 | 63c9 6666 | 0f1f 8400 | 0000 0000 
  0x00000233a548bf40: 4181 f900 | 0010 000f | 874b 3000 | 0048 898c | 2488 0000 | 0048 8944 | 2420 418b | e944 8944 
  0x00000233a548bf60: 2464 4889 | 5424 4089 | 5c24 3044 | 895c 2460 | 4889 7424 | 6889 7c24 | 5c44 8954 | 2458 4c89 
  0x00000233a548bf80: 6c24 504d | 8b97 b801 | 0000 4c8d | 5917 4983 | e3f8 4d8b | c24d 03c3 | 0f1f 8400 | 0000 0000 
  0x00000233a548bfa0: 4d3b 87c8 | 0100 000f | 8321 3000 | 004d 8987 | b801 0000 | 410f 0d88 | c000 0000 | 4d8b da49 
  0x00000233a548bfc0: c703 0100 | 0000 410f | 0d88 0001 

  0x00000233a548bfcc: ;   {metadata({type array byte})}
  0x00000233a548bfcc: 0000 41c7 | 4308 6822 | 0000 4589 | 4b0c 410f | 0d88 4001 | 0000 410f | 0d88 8001 | 0000 498b 
  0x00000233a548bfec: d348 83c2 | 1049 8bdb | 4c8b 9424 | 8800 0000 | 4983 c207 | 49c1 ea03 | 488b 4c24 | 204d 8bc2 
  0x00000233a548c00c: c5f8 7749 | ba60 33b3 | a433 0200 | 0041 ffd2 

  0x00000233a548c01c: ;   {other}
  0x00000233a548c01c: 0f1f 8400 | 0000 0000 | 4c8b d3e9 | 9fe8 ffff | 0f1f 4000 | 448b 4424 | 5089 7424 | 544c 8b8c 
  0x00000233a548c03c: 2488 0000 | 0044 8b5c | 2458 488b | dd41 8bfa 

  0x00000233a548c04c: ;   {metadata('java/io/FileInputStream')}
  0x00000233a548c04c: eb12 4181 | faf8 1701 | 000f 854a | 3200 0048 | 8bd9 33ff | 418b 490c | 3bf9 0f8c | d422 0000 
  0x00000233a548c06c: 418b d32b | d744 8d91 | 0004 0000 | 413b d241 | 0f4f d290 | 85d2 0f8c | 0d32 0000 | 8d34 174d 
  0x00000233a548c08c: 8bd1 4983 | c210 3bf1 | 0f84 6b27 | 0000 660f | 1f44 0000 | 81fe 0000 | 1000 0f87 | ff30 0000 
  0x00000233a548c0ac: 4863 c63b | ce8b e90f | 4fee 3bcd | 0f82 6131 | 0000 6690 | 3bf5 0f82 | 5e31 0000 | 4883 c017 
  0x00000233a548c0cc: 488b c848 | 83e1 f881 | fe00 0010 | 000f 87f9 | 2c00 0048 | 898c 2490 | 0000 0048 | 8984 2488 
  0x00000233a548c0ec: 0000 004c | 8954 2470 | 897c 2464 | 4889 5c24 | 6889 7424 | 6089 5424 | 5c44 895c | 2458 4c89 
  0x00000233a548c10c: 4c24 2044 | 8944 2450 | 4d8b 97b8 | 0100 004d | 8bc2 4d8b | da4c 03d9 | 4d3b 9fc8 | 0100 000f 
  0x00000233a548c12c: 83dc 2c00 | 004d 899f | b801 0000 | 410f 0d8b | c000 0000 | 4d8b d049 | c702 0100 | 0000 410f 
  0x00000233a548c14c: ;   {no_reloc}
  0x00000233a548c14c: 0d8b 0001 

  0x00000233a548c150: ;   {metadata({type array byte})}
  0x00000233a548c150: 0000 41c7 | 4208 6822 | 0000 4189 | 700c 410f | 0d8b 4001 | 0000 410f | 0d8b 8001 | 0000 4d8b 
  0x00000233a548c170: d04d 8bda | 4983 c310 | 4c8b 8424 | 8800 0000 | 49c1 e803 | 85ed 0f84 | 2730 0000 | 3b6c 2460 
  0x00000233a548c190: 0f8c 0222 | 0000 498b | da4c 8b94 | 2490 0000 | 0049 83c2 | f049 c1ea | 0348 8b4c | 2470 498b 
  0x00000233a548c1b0: d34d 8bc2 | c5f8 7749 | ba60 33b3 | a433 0200 | 0041 ffd2 

  0x00000233a548c1c4: ;   {other}
  0x00000233a548c1c4: 0f1f 8400 | 0000 0000 | 4c8b d344 | 8b5c 245c | 4489 5c24 | 7c4c 8994 | 2488 0000 | 0044 8b5c 
  0x00000233a548c1e4: 2458 488b | 5c24 688b | 7c24 6489 | 7c24 2048 | 8beb 4489 | 5c24 5890 

  0x00000233a548c1fc: ;   {static_call}
  0x00000233a548c1fc: c5f8 77e8 

  0x00000233a548c200: ; ImmutableOopMap {rbp=Oop [48]=Oop [56]=Oop [64]=Oop [72]=Oop [80]=NarrowOop [120]=NarrowOop [128]=Oop [136]=Oop }
                      ;*invokestatic begin {reexecute=0 rethrow=0 return_oop=0}
                      ; - java.io.FileInputStream::read@0 (line 285)
                      ; - jdk.internal.loader.Resource::getBytes@117 (line 126)
                      ; - jdk.internal.loader.BuiltinClassLoader::defineClass@84 (line 859)
  0x00000233a548c200: 7c2e 6cff 

  0x00000233a548c204: ;   {other}
  0x00000233a548c204: 0f1f 8400 | 7467 005b | 4889 4424 | 6048 8bd5 | 4c8b 8424 | 8800 0000 | 448b 4c24 | 208b 7c24 
  0x00000233a548c224: 7c66 6690 

  0x00000233a548c228: ;   {optimized virtual_call}
  0x00000233a548c228: c5f8 77e8 

  0x00000233a548c22c: ; ImmutableOopMap {rbp=Oop [48]=Oop [56]=Oop [64]=Oop [72]=Oop [80]=NarrowOop [120]=NarrowOop [128]=Oop [136]=Oop }
                      ;*invokevirtual readBytes {reexecute=0 rethrow=0 return_oop=0}
                      ; - java.io.FileInputStream::read@9 (line 287)
                      ; - jdk.internal.loader.Resource::getBytes@117 (line 126)
                      ; - jdk.internal.loader.BuiltinClassLoader::defineClass@84 (line 859)
  0x00000233a548c22c: 5028 6cff 

  0x00000233a548c230: ;   {other}
  0x00000233a548c230: 0f1f 8400 | a067 005c | 8944 2424 | 488b 5424 | 6066 6690 

  0x00000233a548c244: ;   {static_call}
  0x00000233a548c244: c5f8 77e8 

  0x00000233a548c248: ; ImmutableOopMap {rbp=Oop [48]=Oop [56]=Oop [64]=Oop [72]=Oop [80]=NarrowOop [120]=NarrowOop [128]=Oop [136]=Oop }
                      ;*invokestatic end {reexecute=0 rethrow=0 return_oop=0}
                      ; - java.io.FileInputStream::read@16 (line 289)
                      ; - jdk.internal.loader.Resource::getBytes@117 (line 126)
                      ; - jdk.internal.loader.BuiltinClassLoader::defineClass@84 (line 859)
  0x00000233a548c248: 342e 6cff 

  0x00000233a548c24c: ;   {other}
  0x00000233a548c24c: 0f1f 8400 | bc67 005d | 448b 4424 | 2445 85c0 | 0f1f 4000 | 0f8c 2230 | 0000 448b | 5424 2045 
  0x00000233a548c26c: 03d0 8b74 | 2454 4d8b | 8750 0400 

  0x00000233a548c278: ; ImmutableOopMap {rbp=Oop [48]=Oop [56]=Oop [64]=Oop [72]=Oop [80]=NarrowOop [120]=NarrowOop [128]=Oop [136]=Oop }
                      ;*goto {reexecute=1 rethrow=0 return_oop=0}
                      ; - (reexecute) jdk.internal.loader.Resource::getBytes@179 (line 142)
                      ; - jdk.internal.loader.BuiltinClassLoader::defineClass@84 (line 859)
                      ;   {poll}
  0x00000233a548c278: 0041 8500 | 0f1f 4000 | 443b 5424 | 580f 8ca5 | fdff ff4c | 8b94 2488 | 0000 004c | 8954 2420 
  0x00000233a548c298: e939 e2ff | ff89 4424 | 2444 8b5c | 2430 4489 | 5c24 2048 | 8b6c 2468 | ba45 ffff | ff4c 8b54 
  0x00000233a548c2b8: 2438 4c89 | 5424 304c | 8b54 2450 | 4c89 5424 | 4866 6690 

  0x00000233a548c2cc: ;   {runtime_call UncommonTrapBlob}
  0x00000233a548c2cc: c5f8 77e8 

  0x00000233a548c2d0: ; ImmutableOopMap {rbp=Oop [48]=Oop [72]=Oop [88]=NarrowOop [120]=NarrowOop [128]=Oop }
                      ;*ifge {reexecute=1 rethrow=0 return_oop=0}
                      ; - (reexecute) jdk.internal.loader.Resource::getBytes@135 (line 131)
                      ; - jdk.internal.loader.URLClassPath$JarLoader$2::getBytes@1 (line 862)
                      ; - jdk.internal.loader.BuiltinClassLoader::defineClass@84 (line 859)
  0x00000233a548c2d0: 2c83 6cff 

  0x00000233a548c2d4: ;   {other}
  0x00000233a548c2d4: 0f1f 8400 | 4468 005f | 895c 2420 | 418b e9ba | 45ff ffff | 4c8b 4424 | 384c 8944 | 2430 4c89 
  0x00000233a548c2f4: 6c24 4048 | 8974 2448 | 4489 5424 | 5089 7c24 | 5444 895c | 2458 6690 

  0x00000233a548c30c: ;   {runtime_call UncommonTrapBlob}
  0x00000233a548c30c: c5f8 77e8 

  0x00000233a548c310: ; ImmutableOopMap {[48]=Oop [64]=Oop [72]=Oop [80]=NarrowOop [120]=NarrowOop [128]=Oop }
                      ;*ifge {reexecute=1 rethrow=0 return_oop=0}
                      ; - (reexecute) jdk.internal.loader.Resource::getBytes@78 (line 116)
                      ; - jdk.internal.loader.URLClassPath$JarLoader$2::getBytes@1 (line 862)
                      ; - jdk.internal.loader.BuiltinClassLoader::defineClass@84 (line 859)
  0x00000233a548c310: ec82 6cff 

  0x00000233a548c314: ;   {other}
  0x00000233a548c314: 0f1f 8400 | 8468 0060 | baf6 ffff | ff66 6690 

  0x00000233a548c324: ;   {runtime_call UncommonTrapBlob}
  0x00000233a548c324: c5f8 77e8 

  0x00000233a548c328: ; ImmutableOopMap {}
                      ;*invokevirtual ensureInitialization {reexecute=0 rethrow=0 return_oop=0}
                      ; - java.util.jar.JavaUtilJarAccessImpl::ensureInitialization@1 (line 42)
                      ; - jdk.internal.loader.URLClassPath$JarLoader$2::getManifest@10 (line 852)
                      ; - jdk.internal.loader.BuiltinClassLoader::defineClass@29 (line 848)
  0x00000233a548c328: d482 6cff 

  0x00000233a548c32c: ;   {other}
  0x00000233a548c32c: 0f1f 8400 | 9c68 0061 | ba45 ffff | ff4c 8b54 | 2438 4c89 | 5424 2890 

  0x00000233a548c344: ;   {runtime_call UncommonTrapBlob}
  0x00000233a548c344: c5f8 77e8 

  0x00000233a548c348: ; ImmutableOopMap {rbp=NarrowOop [40]=Oop [112]=Oop [120]=NarrowOop [128]=Oop }
                      ;*ifeq {reexecute=1 rethrow=0 return_oop=0}
                      ; - (reexecute) jdk.internal.loader.Resource::getByteBuffer@9 (line 164)
                      ; - jdk.internal.loader.BuiltinClassLoader::defineClass@45 (line 853)
  0x00000233a548c348: b482 6cff 

  0x00000233a548c34c: ;   {other}
  0x00000233a548c34c: 0f1f 8400 | bc68 0062 | ba76 ffff | ff48 8b6c | 2438 4489 | 7424 2889 | 7c24 2c89 | 5c24 3490 
  0x00000233a548c36c: ;   {runtime_call UncommonTrapBlob}
  0x00000233a548c36c: c5f8 77e8 

  0x00000233a548c370: ; ImmutableOopMap {rbp=Oop [40]=NarrowOop [44]=NarrowOop [64]=Oop [112]=Oop }
                      ;*iflt {reexecute=1 rethrow=0 return_oop=0}
                      ; - (reexecute) java.lang.StringLatin1::lastIndexOf@19 (line 285)
                      ; - java.lang.String::lastIndexOf@13 (line 2573)
                      ; - java.lang.String::lastIndexOf@8 (line 2535)
                      ; - jdk.internal.loader.BuiltinClassLoader::defineClass@8 (line 845)
  0x00000233a548c370: 8c82 6cff 

  0x00000233a548c374: ;   {other}
  0x00000233a548c374: 0f1f 8400 | e468 0063 | bae4 ffff | ff4c 8b54 | 2438 4c89 | 5424 284c | 896c 2440 | 4889 7424 
  0x00000233a548c394: 5044 8944 | 2458 6690 

  0x00000233a548c39c: ;   {runtime_call UncommonTrapBlob}
  0x00000233a548c39c: c5f8 77e8 

  0x00000233a548c3a0: ; ImmutableOopMap {[40]=Oop [64]=Oop [80]=Oop [120]=NarrowOop [128]=Oop }
                      ;*invokestatic checkIndex {reexecute=0 rethrow=0 return_oop=0}
                      ; - java.util.zip.CRC32::updateBytesCheck@30 (line 153)
                      ; - java.util.zip.CRC32::updateBytes@3 (line 139)
                      ; - java.util.zip.CRC32::update@31 (line 79)
                      ; - java.util.zip.Checksum::update@5 (line 58)
                      ; - jdk.internal.loader.URLClassPath$JarLoader$2::getBytes@15 (line 864)
                      ; - jdk.internal.loader.BuiltinClassLoader::defineClass@84 (line 859)
  0x00000233a548c3a0: 5c82 6cff 

  0x00000233a548c3a4: ;   {other}
  0x00000233a548c3a4: 0f1f 8400 | 1469 0064 | baf6 ffff | ff4c 8b5c | 2438 4c89 | 5c24 204c | 8954 2438 

  0x00000233a548c3c0: ;   {runtime_call UncommonTrapBlob}
  0x00000233a548c3c0: c5f8 77e8 

  0x00000233a548c3c4: ; ImmutableOopMap {[32]=Oop [56]=Oop [80]=Oop [120]=NarrowOop [128]=Oop }
                      ;*invokevirtual maybeInstantiateVerifier {reexecute=0 rethrow=0 return_oop=0}
                      ; - java.util.jar.JarFile$JarFileEntry::getCodeSigners@4 (line 670)
                      ; - jdk.internal.loader.URLClassPath$JarLoader$2::getCodeSigners@4 (line 858)
                      ; - jdk.internal.loader.BuiltinClassLoader::defineClass@90 (line 860)
  0x00000233a548c3c4: 3882 6cff 

  0x00000233a548c3c8: ;   {other}
  0x00000233a548c3c8: 0f1f 8400 | 3869 0065 | bade ffff | ff48 8b6c | 2438 4889 | 7424 3844 | 8974 242c 

  0x00000233a548c3e4: ;   {runtime_call UncommonTrapBlob}
  0x00000233a548c3e4: c5f8 77e8 

  0x00000233a548c3e8: ; ImmutableOopMap {rbp=Oop [44]=NarrowOop [56]=Oop [64]=Oop [104]=Oop [112]=Oop }
                      ;*invokevirtual defineOrCheckPackage {reexecute=0 rethrow=0 return_oop=0}
                      ; - jdk.internal.loader.BuiltinClassLoader::defineClass@40 (line 849)
  0x00000233a548c3e8: 1482 6cff 

  0x00000233a548c3ec: ;   {other}
  0x00000233a548c3ec: 0f1f 8400 | 5c69 0066 | bade ffff | ff48 8b6c | 2438 4489 | 7424 204c | 8b4c 2440 | 4c89 4c24 
  0x00000233a548c40c: 304c 8944 | 2440 4489 | 5424 2444 | 895c 2448 

  0x00000233a548c41c: ;   {runtime_call UncommonTrapBlob}
  0x00000233a548c41c: c5f8 77e8 

  0x00000233a548c420: ; ImmutableOopMap {rbp=Oop [32]=NarrowOop [36]=NarrowOop [48]=Oop [64]=Oop [72]=NarrowOop [104]=Oop }
                      ;*invokeinterface ensureInitialization {reexecute=0 rethrow=0 return_oop=0}
                      ; - jdk.internal.loader.URLClassPath$JarLoader$2::getManifest@10 (line 852)
                      ; - jdk.internal.loader.BuiltinClassLoader::defineClass@29 (line 848)
  0x00000233a548c420: dc81 6cff 

  0x00000233a548c424: ;   {other}
  0x00000233a548c424: 0f1f 8400 | 9469 0067 | 4c89 5424 | 4844 895c | 2424 4c89 | 4424 304c | 896c 2428 | 4489 7424 
  0x00000233a548c444: 2048 8b6c | 2438 498b | d24c 8d84 | 24d0 0000 | 0066 6690 

  0x00000233a548c458: ;   {runtime_call _complete_monitor_locking_Java}
  0x00000233a548c458: c5f8 77e8 

  0x00000233a548c45c: ; ImmutableOopMap {rbp=Oop [32]=NarrowOop [36]=NarrowOop [40]=Oop [48]=Oop [64]=Oop [72]=Oop [104]=Oop [112]=Oop }
                      ;*synchronization entry
                      ; - java.util.jar.JarFile::ensureInitialization@-1 (line 1064)
                      ; - java.util.jar.JavaUtilJarAccessImpl::ensureInitialization@1 (line 42)
                      ; - jdk.internal.loader.URLClassPath$JarLoader$2::getManifest@10 (line 852)
                      ; - jdk.internal.loader.BuiltinClassLoader::defineClass@29 (line 848)
  0x00000233a548c45c: 209e 78ff 

  0x00000233a548c460: ;   {other}
  0x00000233a548c460: 0f1f 8400 | d069 0068 | 4889 6c24 | 3844 8b74 | 2420 4c8b | 4424 304c | 8b54 2448 | 0f1f 4000 
  0x00000233a548c480: e95c a7ff | ff4d 8bd3 | 498b ca48 | 8d94 24d0 | 0000 004d | 8bc7 c5f8 | 7749 ba70 | 39f5 6cfe 
  0x00000233a548c4a0: 7f00 0041 

  0x00000233a548c4a4: ;   {other}
  0x00000233a548c4a4: ffd2 0f1f | 8400 0000 | 0000 e906 | a8ff ffba | deff ffff | 4c8b 5424 | 384c 8954 | 2420 448b 
  0x00000233a548c4c4: 5424 3044 | 8954 2428 | 4c8b 5424 | 404c 8954 | 2438 6690 

  0x00000233a548c4d8: ;   {runtime_call UncommonTrapBlob}
  0x00000233a548c4d8: c5f8 77e8 

  0x00000233a548c4dc: ; ImmutableOopMap {rbp=NarrowOop [32]=Oop [40]=NarrowOop [56]=Oop [72]=Oop [104]=Oop }
                      ;*invokevirtual getManifest {reexecute=0 rethrow=0 return_oop=0}
                      ; - jdk.internal.loader.URLClassPath$JarLoader$2::getManifest@22 (line 853)
                      ; - jdk.internal.loader.BuiltinClassLoader::defineClass@29 (line 848)
  0x00000233a548c4dc: 2081 6cff 

  0x00000233a548c4e0: ;   {other}
  0x00000233a548c4e0: 0f1f 8400 | 506a 0069 | 488b 5424 | 704c 8d84 | 24d0 0000 | 0066 6690 

  0x00000233a548c4f8: ;   {runtime_call _complete_monitor_locking_Java}
  0x00000233a548c4f8: c5f8 77e8 

  0x00000233a548c4fc: ; ImmutableOopMap {[56]=Oop [72]=Oop [112]=Oop [120]=NarrowOop [128]=Oop }
                      ;*synchronization entry
                      ; - jdk.internal.loader.Resource::cachedInputStream@-1 (line 76)
                      ; - jdk.internal.loader.Resource::getByteBuffer@1 (line 163)
                      ; - jdk.internal.loader.BuiltinClassLoader::defineClass@45 (line 853)
  0x00000233a548c4fc: 809d 78ff 

  0x00000233a548c500: ;   {other}
  0x00000233a548c500: 0f1f 8400 | 706a 006a | e9a3 b3ff | ff41 8bf3 | 488b 4c24 | 7048 8d94 | 24d0 0000 | 004d 8bc7 
  0x00000233a548c520: c5f8 7749 | ba70 39f5 | 6cfe 7f00 | 0041 ffd2 

  0x00000233a548c530: ;   {other}
  0x00000233a548c530: 0f1f 8400 | 0000 0000 | 448b de0f | 1f44 0000 | e928 b6ff | ffba deff | ffff 4c8b | 5424 384c 
  0x00000233a548c550: 8954 2428 | 8974 2438 | 4c89 4c24 | 4048 894c | 2448 6690 

  0x00000233a548c564: ;   {runtime_call UncommonTrapBlob}
  0x00000233a548c564: c5f8 77e8 

  0x00000233a548c568: ; ImmutableOopMap {rbp=NarrowOop [40]=Oop [64]=Oop [72]=Oop [80]=Oop [128]=Oop }
                      ;*invokeinterface computeIfAbsent {reexecute=0 rethrow=0 return_oop=0}
                      ; - java.security.SecureClassLoader::getProtectionDomain@28 (line 222)
                      ; - java.security.SecureClassLoader::defineClass@9 (line 150)
                      ; - jdk.internal.loader.BuiltinClassLoader::defineClass@117 (line 862)
  0x00000233a548c568: 9480 6cff 

  0x00000233a548c56c: ;   {other}
  0x00000233a548c56c: 0f1f 8400 | dc6a 006b | ba45 ffff | ff48 ff74 | 2438 488f | 4424 304c | 8944 2448 

  0x00000233a548c588: ;   {runtime_call UncommonTrapBlob}
  0x00000233a548c588: c5f8 77e8 

  0x00000233a548c58c: ; ImmutableOopMap {[48]=Oop [72]=Oop [80]=Oop [128]=Oop }
                      ;*ifeq {reexecute=1 rethrow=0 return_oop=0}
                      ; - (reexecute) java.lang.ClassLoader::checkName@8 (line 1155)
                      ; - java.lang.ClassLoader::preDefineClass@1 (line 900)
                      ; - java.lang.ClassLoader::defineClass@4 (line 1025)
                      ; - java.security.SecureClassLoader::defineClass@12 (line 150)
                      ; - jdk.internal.loader.BuiltinClassLoader::defineClass@117 (line 862)
  0x00000233a548c58c: 7080 6cff 

  0x00000233a548c590: ;   {other}
  0x00000233a548c590: 0f1f 8400 | 006b 006c | ba6e ffff | ff48 8b6c | 2438 4489 | 7424 2889 | 7c24 2c89 | 5c24 3490 
  0x00000233a548c5b0: ;   {runtime_call UncommonTrapBlob}
  0x00000233a548c5b0: c5f8 77e8 

  0x00000233a548c5b4: ; ImmutableOopMap {rbp=Oop [40]=NarrowOop [44]=NarrowOop [64]=Oop [112]=Oop }
                      ;*iflt {reexecute=1 rethrow=0 return_oop=0}
                      ; - (reexecute) java.lang.StringLatin1::lastIndexOf@19 (line 285)
                      ; - java.lang.String::lastIndexOf@13 (line 2573)
                      ; - java.lang.String::lastIndexOf@8 (line 2535)
                      ; - jdk.internal.loader.BuiltinClassLoader::defineClass@8 (line 845)
  0x00000233a548c5b4: 4880 6cff 

  0x00000233a548c5b8: ;   {other}
  0x00000233a548c5b8: 0f1f 8400 | 286b 006d | 4c89 6c24 | 2049 8bd5 | 4c8d 8424 | d000 0000 

  0x00000233a548c5d0: ;   {runtime_call _complete_monitor_locking_Java}
  0x00000233a548c5d0: c5f8 77e8 

  0x00000233a548c5d4: ; ImmutableOopMap {[32]=Oop [56]=Oop [72]=Oop [112]=Oop [120]=NarrowOop [128]=Oop }
                      ;*synchronization entry
                      ; - jdk.internal.loader.Resource::cachedInputStream@-1 (line 76)
                      ; - jdk.internal.loader.Resource::getBytes@1 (line 89)
                      ; - jdk.internal.loader.URLClassPath$JarLoader$2::getBytes@1 (line 862)
                      ; - jdk.internal.loader.BuiltinClassLoader::defineClass@84 (line 859)
  0x00000233a548c5d4: a89c 78ff 

  0x00000233a548c5d8: ;   {other}
  0x00000233a548c5d8: 0f1f 8400 | 486b 006e | 4c8b 6c24 | 20e9 55b6 | ffff 418b | ea49 8bcd | 488d 9424 | d000 0000 
  0x00000233a548c5f8: 4d8b c7c5 | f877 49ba | 7039 f56c | fe7f 0000 

  0x00000233a548c608: ;   {other}
  0x00000233a548c608: 41ff d20f | 1f84 0000 | 0000 0044 | 8bd5 e9ff | b8ff ffba | deff ffff | 4c8b 5424 | 384c 8954 
  0x00000233a548c628: 2428 6690 

  0x00000233a548c62c: ;   {runtime_call UncommonTrapBlob}
  0x00000233a548c62c: c5f8 77e8 

  0x00000233a548c630: ; ImmutableOopMap {rbp=NarrowOop [40]=Oop [80]=Oop [120]=NarrowOop [128]=Oop }
                      ;*invokevirtual getCodeSigners {reexecute=0 rethrow=0 return_oop=0}
                      ; - jdk.internal.loader.URLClassPath$JarLoader$2::getCodeSigners@4 (line 858)
                      ; - jdk.internal.loader.BuiltinClassLoader::defineClass@90 (line 860)
  0x00000233a548c630: cc7f 6cff 

  0x00000233a548c634: ;   {other}
  0x00000233a548c634: 0f1f 8400 | a46b 006f | bace ffff | ff4c 8b4c | 2450 4c89 | 4c24 4044 | 8b4c 2458 | 4489 4c24 
  0x00000233a548c654: 484c 8944 | 2450 4489 | 5c24 4c44 | 8954 2458 

  0x00000233a548c664: ;   {runtime_call UncommonTrapBlob}
  0x00000233a548c664: c5f8 77e8 

  0x00000233a548c668: ; ImmutableOopMap {[56]=Oop [64]=Oop [76]=NarrowOop [80]=Oop [128]=Oop }
                      ;*invokestatic indexOfChar {reexecute=0 rethrow=0 return_oop=0}
                      ; - java.lang.StringLatin1::indexOf@33 (line 204)
                      ; - java.lang.String::indexOf@17 (line 2461)
                      ; - java.lang.String::indexOf@3 (line 2405)
                      ; - java.lang.ClassLoader::checkName@16 (line 1157)
                      ; - java.lang.ClassLoader::preDefineClass@1 (line 900)
                      ; - java.lang.ClassLoader::defineClass@4 (line 1025)
                      ; - java.security.SecureClassLoader::defineClass@12 (line 150)
                      ; - jdk.internal.loader.BuiltinClassLoader::defineClass@117 (line 862)
  0x00000233a548c668: 947f 6cff 

  0x00000233a548c66c: ;   {other}
  0x00000233a548c66c: 0f1f 8400 | dc6b 0070 | ba37 0100 | 0066 6690 

  0x00000233a548c67c: ;   {runtime_call UncommonTrapBlob}
  0x00000233a548c67c: c5f8 77e8 

  0x00000233a548c680: ; ImmutableOopMap {[40]=Oop [80]=Oop [128]=Oop }
                      ;*new {reexecute=0 rethrow=0 return_oop=0}
                      ; - java.lang.ClassLoader::preDefineClass@56 (line 908)
                      ; - java.lang.ClassLoader::defineClass@4 (line 1025)
                      ; - java.security.SecureClassLoader::defineClass@12 (line 150)
                      ; - jdk.internal.loader.BuiltinClassLoader::defineClass@117 (line 862)
  0x00000233a548c680: 7c7f 6cff 

  0x00000233a548c684: ;   {other}
  0x00000233a548c684: 0f1f 8400 | f46b 0071 | 4889 5c24 | 5844 8954 | 2434 4889 | 4c24 2049 

  0x00000233a548c69c: ;   {metadata('java/util/LinkedHashMap')}
  0x00000233a548c69c: 8be9 48ba | 18cb 0fb2 | 3302 0000 

  0x00000233a548c6a8: ;   {runtime_call _new_instance_Java}
  0x00000233a548c6a8: c5f8 77e8 

  0x00000233a548c6ac: ; ImmutableOopMap {rbp=Oop [32]=Oop [40]=Oop [48]=NarrowOop [52]=NarrowOop [56]=Oop [64]=Oop [72]=Oop [80]=Oop [88]=Oop [104]=Oop [112]=Oop }
                      ;*new {reexecute=0 rethrow=0 return_oop=1}
                      ; - java.util.LinkedHashMap::newLinkedHashMap@31 (line 1078)
                      ; - java.util.jar.Attributes::<init>@6 (line 83)
                      ; - java.util.jar.Attributes::<init>@3 (line 73)
                      ; - java.util.jar.Manifest::<init>@9 (line 55)
                      ; - java.util.jar.Manifest::<init>@4 (line 88)
                      ; - java.util.jar.JarFile::getManifestFromReference@143 (line 432)
                      ; - java.util.jar.JarFile::getManifest@1 (line 405)
                      ; - jdk.internal.loader.URLClassPath$JarLoader$2::getManifest@22 (line 853)
                      ; - jdk.internal.loader.BuiltinClassLoader::defineClass@29 (line 848)
  0x00000233a548c6ac: d095 78ff 

  0x00000233a548c6b0: ;   {other}
  0x00000233a548c6b0: 0f1f 8400 | 206c 0072 | 4c8b cd48 | 8b4c 2420 | 448b 5424 | 3448 8b5c | 2458 488b | f8e9 5acf 
  0x00000233a548c6d0: ;   {metadata('java/util/jar/Manifest')}
  0x00000233a548c6d0: ffff 48ba | e0f0 04b2 | 3302 0000 

  0x00000233a548c6dc: ;   {runtime_call _new_instance_Java}
  0x00000233a548c6dc: c5f8 77e8 

  0x00000233a548c6e0: ; ImmutableOopMap {rbp=Oop [40]=Oop [48]=NarrowOop [56]=Oop [64]=Oop [72]=Oop [80]=Oop [104]=Oop [112]=Oop }
                      ;*new {reexecute=0 rethrow=0 return_oop=1}
                      ; - java.util.jar.JarFile::getManifestFromReference@134 (line 432)
                      ; - java.util.jar.JarFile::getManifest@1 (line 405)
                      ; - jdk.internal.loader.URLClassPath$JarLoader$2::getManifest@22 (line 853)
                      ; - jdk.internal.loader.BuiltinClassLoader::defineClass@29 (line 848)
  0x00000233a548c6e0: 9c95 78ff 

  0x00000233a548c6e4: ;   {other}
  0x00000233a548c6e4: 0f1f 8400 | 546c 0073 | e9a1 ceff | ff44 8954 | 2434 4889 

  0x00000233a548c6f8: ;   {metadata('java/util/jar/Attributes')}
  0x00000233a548c6f8: 4c24 2048 | ba18 d116 | b233 0200 | 0066 6690 

  0x00000233a548c708: ;   {runtime_call _new_instance_Java}
  0x00000233a548c708: c5f8 77e8 

  0x00000233a548c70c: ; ImmutableOopMap {rbp=Oop [32]=Oop [40]=Oop [48]=NarrowOop [52]=NarrowOop [56]=Oop [64]=Oop [72]=Oop [80]=Oop [104]=Oop [112]=Oop }
                      ;*new {reexecute=0 rethrow=0 return_oop=1}
                      ; - java.util.jar.Manifest::<init>@5 (line 55)
                      ; - java.util.jar.Manifest::<init>@4 (line 88)
                      ; - java.util.jar.JarFile::getManifestFromReference@143 (line 432)
                      ; - java.util.jar.JarFile::getManifest@1 (line 405)
                      ; - jdk.internal.loader.URLClassPath$JarLoader$2::getManifest@22 (line 853)
                      ; - jdk.internal.loader.BuiltinClassLoader::defineClass@29 (line 848)
  0x00000233a548c70c: 7095 78ff 

  0x00000233a548c710: ;   {other}
  0x00000233a548c710: 0f1f 8400 | 806c 0074 | 4c8b cd48 | 8b4c 2420 | 448b 5424 | 3448 8bd8 | e9ab ceff | ff49 8be8 
  0x00000233a548c730: ;   {metadata('java/util/HashMap')}
  0x00000233a548c730: 48ba 80c6 | 08b2 3302 | 0000 897c | 2434 6690 

  0x00000233a548c740: ;   {runtime_call _new_instance_Java}
  0x00000233a548c740: c5f8 77e8 

  0x00000233a548c744: ; ImmutableOopMap {rbp=Oop [32]=Oop [40]=Oop [48]=NarrowOop [52]=NarrowOop [56]=Oop [64]=Oop [72]=Oop [80]=Oop [88]=Oop [104]=Oop [112]=Oop }
                      ;*new {reexecute=0 rethrow=0 return_oop=1}
                      ; - java.util.jar.Manifest::<init>@16 (line 58)
                      ; - java.util.jar.Manifest::<init>@4 (line 88)
                      ; - java.util.jar.JarFile::getManifestFromReference@143 (line 432)
                      ; - java.util.jar.JarFile::getManifest@1 (line 405)
                      ; - jdk.internal.loader.URLClassPath$JarLoader$2::getManifest@22 (line 853)
                      ; - jdk.internal.loader.BuiltinClassLoader::defineClass@29 (line 848)
  0x00000233a548c744: 3895 78ff 

  0x00000233a548c748: ;   {other}
  0x00000233a548c748: 0f1f 8400 | b86c 0075 | 4c8b c54c | 8bc8 e900 

  0x00000233a548c758: ;   {metadata('java/lang/ref/SoftReference')}
  0x00000233a548c758: d0ff ff48 | ba10 d403 | b233 0200 | 0066 6690 

  0x00000233a548c768: ;   {runtime_call _new_instance_Java}
  0x00000233a548c768: c5f8 77e8 

  0x00000233a548c76c: ; ImmutableOopMap {rbp=Oop [40]=Oop [48]=NarrowOop [56]=Oop [64]=Oop [72]=Oop [88]=Oop [104]=Oop [112]=Oop }
                      ;*new {reexecute=0 rethrow=0 return_oop=1}
                      ; - java.util.jar.JarFile::getManifestFromReference@184 (line 435)
                      ; - java.util.jar.JarFile::getManifest@1 (line 405)
                      ; - jdk.internal.loader.URLClassPath$JarLoader$2::getManifest@22 (line 853)
                      ; - jdk.internal.loader.BuiltinClassLoader::defineClass@29 (line 848)
  0x00000233a548c76c: 1095 78ff 

  0x00000233a548c770: ;   {other}
  0x00000233a548c770: 0f1f 8400 | e06c 0076 | 4c8b c80f | 1f44 0000 | e9d6 d0ff | ff49 8bd1 | e906 e4ff | ff4c 8b44 
  0x00000233a548c790: 2450 458b | 5010 4585 | d20f 84ba | e3ff ff4d | 8b5f 2849 | 8bca 4d85 | db0f 8485 | 2600 004d 
  0x00000233a548c7b0: 8b57 384b | 894c 1af8 | 4983 c3f8 | 4d89 5f28 | e994 e3ff | ff4c 8b4c | 2430 458b | 5114 4585 
  0x00000233a548c7d0: d20f 84e1 | e3ff ff4d | 8b5f 2849 | 8bca 6690 | 4d85 db0f | 847c 2600 | 004d 8b57 | 384b 894c 
  0x00000233a548c7f0: 1af8 4983 | c3f8 4d89 | 5f28 e9b9 | e3ff ff4d | 8b57 584d | 8b47 48f0 | 8344 24c0 | 0080 3900 
  0x00000233a548c810: 0f84 5be2 | ffff 4488 | 214d 85c0 | 7532 4c8b | eb49 8bf9 | 418b f349 | 8bd7 c5f8 | 7749 baa0 
  0x00000233a548c830: 14b4 6cfe | 7f00 0041 

  0x00000233a548c838: ;   {other}
  0x00000233a548c838: ffd2 0f1f | 8400 0000 | 0000 448b | de4c 8bcf | 498b dde9 | 21e2 ffff | 4b89 4c02 | f849 83c0 
  0x00000233a548c858: f84d 8947 | 4866 6690 | e90c e2ff | ff4d 8b57 | 584d 8b5f | 48f0 8344 | 24c0 0080 | 3900 743d 
  0x00000233a548c878: 4488 210f | 1f44 0000 | 4d85 db74 | 0f4b 894c | 1af8 4983 | c3f8 4d89 | 5f48 eb21 | 498b d849 
  0x00000233a548c898: 8bd7 c5f8 | 7749 baa0 | 14b4 6cfe | 7f00 0041 

  0x00000233a548c8a8: ;   {other}
  0x00000233a548c8a8: ffd2 0f1f | 8400 0000 | 0000 4c8b | c345 8b58 | 1045 85db | 0f1f 4000 | 0f84 122a | 0000 4d8b 
  0x00000233a548c8c8: d34d 8bca | e9bf e2ff | ff4d 8b57 | 484d 8b5f | 58f0 8344 | 24c0 0090 | 8039 000f | 8405 e3ff 
  0x00000233a548c8e8: ff44 8821 | 4d85 d275 | 2949 8bd9 | 498b d7c5 | f877 49ba | a014 b46c | fe7f 0000 

  0x00000233a548c904: ;   {other}
  0x00000233a548c904: 41ff d20f | 1f84 0000 | 0000 004c | 8bcb 488b | dde9 d4e2 | ffff 4b89 | 4c13 f849 | 83c2 f84d 
  0x00000233a548c924: 8957 48e9 | c2e2 ffff | 498b d1e9 | ffd6 ffff | 488b 5c24 | 4044 8b53 | 1066 6690 | 4585 d20f 
  0x00000233a548c944: 84b0 d6ff | ff4d 8b5f | 2849 8bca | 4d85 db0f | 8432 2500 | 004d 8b57 | 384b 894c | 1af8 4983 
  0x00000233a548c964: c3f8 4d89 | 5f28 e98a | d6ff ff48 | 8b5c 2440 | 448b 5b14 | 4585 db0f | 1f44 0000 | 0f84 d6d6 
  0x00000233a548c984: ffff 4d8b | 5728 498b | cb4d 85d2 | 0f84 1b25 | 0000 4d8b | 5f38 4b89 | 4c13 f849 | 83c2 f84d 
  0x00000233a548c9a4: 8957 28e9 | b0d6 ffff | 488b 7c24 | 3044 8b5f | 0c45 85db | 0f84 52d7 | ffff 4d8b | 5728 498b 
  0x00000233a548c9c4: cb4d 85d2 | 0f84 0325 | 0000 4d8b | 5f38 4b89 | 4c13 f849 | 83c2 f84d | 8957 2890 | e92b d7ff 
  0x00000233a548c9e4: ff4d 8b57 | 584d 8b5f | 48f0 8344 | 24c0 0080 | 3900 0f84 | 0fd5 ffff | 4488 2190 | 4d85 db75 
  0x00000233a548ca04: ;   {no_reloc}
  0x00000233a548ca04: 2649 8bf0 | 498b d7c5 | f877 49ba | a014 b46c | fe7f 0000 

  0x00000233a548ca18: ;   {other}
  0x00000233a548ca18: 41ff d20f | 1f84 0000 | 0000 004c | 8bc6 e9e0 | d4ff ff4b | 894c 1af8 | 4983 c3f8 | 4d89 5f48 
  0x00000233a548ca38: e9ce d4ff | ff4d 8b57 | 484d 8b5f | 58f0 8344 | 24c0 0080 | 3900 7432 | 4488 214d | 85d2 740f 
  0x00000233a548ca58: 4b89 4c13 | f849 83c2 | f84d 8957 | 48eb 1b49 | 8bd7 c5f8 | 7749 baa0 | 14b4 6cfe | 7f00 0041 
  0x00000233a548ca78: ;   {other}
  0x00000233a548ca78: ffd2 0f1f | 8400 0000 | 0000 448b | 5b10 4585 | db0f 8469 | 2800 004d | 8bd3 4d8b | cae9 96d5 
  0x00000233a548ca98: ffff 4d8b | 5748 4d8b | 5f58 f083 | 4424 c000 | 8039 000f | 84e3 d5ff | ff44 8821 | 4d85 d275 
  0x00000233a548cab8: 2049 8bd7 | c5f8 7749 | baa0 14b4 | 6cfe 7f00 | 0041 ffd2 

  0x00000233a548cacc: ;   {other}
  0x00000233a548cacc: 0f1f 8400 | 0000 0000 | e9bb d5ff | ff4b 894c | 13f8 4983 | c2f8 4d89 | 5748 e9a9 | d5ff ff4d 
  0x00000233a548caec: 8b57 484d | 8b5f 58f0 | 8344 24c0 | 0080 3900 | 7432 4488 | 214d 85d2 | 740f 4b89 | 4c13 f849 
  0x00000233a548cb0c: 83c2 f84d | 8957 48eb | 1b49 8bd7 | c5f8 7749 | baa0 14b4 | 6cfe 7f00 | 0041 ffd2 

  0x00000233a548cb28: ;   {other}
  0x00000233a548cb28: 0f1f 8400 | 0000 0000 | 448b 5f0c | e910 d6ff | ffba f6ff | ffff 498b | e944 8944 | 2420 6690 
  0x00000233a548cb48: ;   {runtime_call UncommonTrapBlob}
  0x00000233a548cb48: c5f8 77e8 

  0x00000233a548cb4c: ; ImmutableOopMap {rbp=Oop [32]=NarrowOop }
                      ;*invokevirtual getInputStream {reexecute=0 rethrow=0 return_oop=0}
                      ; - jdk.internal.loader.URLClassPath$JarLoader$2::getInputStream@11 (line 848)
                      ; - jdk.internal.loader.Resource::cachedInputStream@9 (line 77)
                      ; - jdk.internal.loader.Resource::getByteBuffer@1 (line 163)
                      ; - jdk.internal.loader.BuiltinClassLoader::defineClass@45 (line 853)
  0x00000233a548cb4c: b07a 6cff 

  0x00000233a548cb50: ;   {other}
  0x00000233a548cb50: 0f1f 8400 | c070 0077 | baf6 ffff | ff4c 8b54 | 2438 4c89 | 5424 204c | 896c 2438 | 4c89 6c24 
  0x00000233a548cb70: 4044 895c | 2434 6690 

  0x00000233a548cb78: ;   {runtime_call UncommonTrapBlob}
  0x00000233a548cb78: c5f8 77e8 

  0x00000233a548cb7c: ; ImmutableOopMap {[32]=Oop [52]=NarrowOop [56]=Oop [64]=Oop [120]=NarrowOop [128]=Oop }
                      ;*invokevirtual getInputStream {reexecute=0 rethrow=0 return_oop=0}
                      ; - jdk.internal.loader.URLClassPath$JarLoader$2::getInputStream@11 (line 848)
                      ; - jdk.internal.loader.Resource::cachedInputStream@9 (line 77)
                      ; - jdk.internal.loader.Resource::getBytes@1 (line 89)
                      ; - jdk.internal.loader.URLClassPath$JarLoader$2::getBytes@1 (line 862)
                      ; - jdk.internal.loader.BuiltinClassLoader::defineClass@84 (line 859)
  0x00000233a548cb7c: 807a 6cff 

  0x00000233a548cb80: ;   {other}
  0x00000233a548cb80: 0f1f 8400 | f070 0078 | 33ed 4585 | c040 0f94 | c5ba 45ff | ffff 4489 | 7424 3044 | 8954 2434 
  0x00000233a548cba0: ;   {runtime_call UncommonTrapBlob}
  0x00000233a548cba0: c5f8 77e8 

  0x00000233a548cba4: ; ImmutableOopMap {[48]=NarrowOop [56]=Oop [64]=Oop [112]=Oop }
                      ;*ifeq {reexecute=1 rethrow=0 return_oop=0}
                      ; - (reexecute) java.lang.String::lastIndexOf@4 (line 2573)
                      ; - java.lang.String::lastIndexOf@8 (line 2535)
                      ; - jdk.internal.loader.BuiltinClassLoader::defineClass@8 (line 845)
  0x00000233a548cba4: 587a 6cff 

  0x00000233a548cba8: ;   {other}
  0x00000233a548cba8: 0f1f 8400 | 1871 0079 | ba45 ffff | ff48 8b6c | 2438 4489 | 7424 2844 | 8954 2438 | 4489 5424 
  0x00000233a548cbc8: 3c89 4c24 | 4c66 6690 

  0x00000233a548cbd0: ;   {runtime_call UncommonTrapBlob}
  0x00000233a548cbd0: c5f8 77e8 

  0x00000233a548cbd4: ; ImmutableOopMap {rbp=Oop [40]=NarrowOop [64]=Oop [112]=Oop }
                      ;*if_icmpgt {reexecute=1 rethrow=0 return_oop=0}
                      ; - (reexecute) jdk.internal.util.Preconditions::checkFromToIndex@6 (line 348)
                      ; - java.lang.String::checkBoundsBeginEnd@6 (line 4865)
                      ; - java.lang.String::substring@8 (line 2834)
                      ; - jdk.internal.loader.BuiltinClassLoader::defineClass@23 (line 847)
  0x00000233a548cbd4: 287a 6cff 

  0x00000233a548cbd8: ;   {other}
  0x00000233a548cbd8: 0f1f 8400 | 4871 007a | 33ed 4585 | d240 0f94 | c5ba 45ff | ffff 4c89 | 4424 6090 

  0x00000233a548cbf4: ;   {runtime_call UncommonTrapBlob}
  0x00000233a548cbf4: c5f8 77e8 

  0x00000233a548cbf8: ; ImmutableOopMap {[56]=Oop [80]=Oop [96]=Oop [128]=Oop }
                      ;*ifeq {reexecute=1 rethrow=0 return_oop=0}
                      ; - (reexecute) java.lang.String::indexOf@4 (line 2461)
                      ; - java.lang.String::indexOf@3 (line 2405)
                      ; - java.lang.ClassLoader::checkName@16 (line 1157)
                      ; - java.lang.ClassLoader::preDefineClass@1 (line 900)
                      ; - java.lang.ClassLoader::defineClass@4 (line 1025)
                      ; - java.security.SecureClassLoader::defineClass@12 (line 150)
                      ; - jdk.internal.loader.BuiltinClassLoader::defineClass@117 (line 862)
  0x00000233a548cbf8: 047a 6cff 

  0x00000233a548cbfc: ;   {other}
  0x00000233a548cbfc: 0f1f 8400 | 6c71 007b | 498b d7c5 | f877 49ba | c014 b46c | fe7f 0000 

  0x00000233a548cc14: ;   {other}
  0x00000233a548cc14: 41ff d20f | 1f84 0000 | 0000 0090 | e98d b7ff | ffba 45ff | ffff 4c8b | 5424 384c | 8954 2428 
  0x00000233a548cc34: 4c89 4424 | 4066 6690 

  0x00000233a548cc3c: ;   {runtime_call UncommonTrapBlob}
  0x00000233a548cc3c: c5f8 77e8 

  0x00000233a548cc40: ; ImmutableOopMap {rbp=NarrowOop [40]=Oop [64]=Oop [80]=Oop [120]=NarrowOop [128]=Oop }
                      ;*ifnonnull {reexecute=1 rethrow=0 return_oop=0}
                      ; - (reexecute) java.util.jar.JarFile$JarFileEntry::getCodeSigners@24 (line 674)
                      ; - jdk.internal.loader.URLClassPath$JarLoader$2::getCodeSigners@4 (line 858)
                      ; - jdk.internal.loader.BuiltinClassLoader::defineClass@90 (line 860)
  0x00000233a548cc40: bc79 6cff 

  0x00000233a548cc44: ;   {other}
  0x00000233a548cc44: 0f1f 8400 | b471 007c | 4889 7c24 | 5044 8944 | 2440 4489 | 5424 244c | 894c 2430 | 4489 5c24 
  0x00000233a548cc64: 2048 8b6c | 2470 488b | d74c 8d84 | 24d8 0000 | 0066 6690 

  0x00000233a548cc78: ;   {runtime_call _complete_monitor_locking_Java}
  0x00000233a548cc78: c5f8 77e8 

  0x00000233a548cc7c: ; ImmutableOopMap {rbp=Oop [36]=NarrowOop [48]=Oop [56]=Oop [64]=NarrowOop [72]=Oop [80]=Oop [120]=NarrowOop [128]=Oop }
                      ;*synchronization entry
                      ; - java.util.jar.JarFile::getInputStream@-1 (line 852)
                      ; - jdk.internal.loader.URLClassPath$JarLoader$2::getInputStream@11 (line 848)
                      ; - jdk.internal.loader.Resource::cachedInputStream@9 (line 77)
                      ; - jdk.internal.loader.Resource::getByteBuffer@1 (line 163)
                      ; - jdk.internal.loader.BuiltinClassLoader::defineClass@45 (line 853)
  0x00000233a548cc7c: 0096 78ff 

  0x00000233a548cc80: ;   {other}
  0x00000233a548cc80: 0f1f 8400 | f071 007d | 4889 6c24 | 7044 8b5c | 2420 4c8b | 4c24 3044 | 8b54 2424 | 448b 4424 
  0x00000233a548cca0: 4048 8b7c | 2450 e9b4 | acff ff4c | 894c 2440 | 4489 5c24 | 3444 8954 | 2430 4c89 | 6c24 2048 
  0x00000233a548ccc0: 8b6c 2470 | 498b d14c | 8d84 24d8 | 0000 0090 

  0x00000233a548ccd0: ;   {runtime_call _complete_monitor_locking_Java}
  0x00000233a548ccd0: c5f8 77e8 

  0x00000233a548ccd4: ; ImmutableOopMap {rbp=Oop [32]=Oop [48]=NarrowOop [52]=NarrowOop [56]=Oop [64]=Oop [72]=Oop [120]=NarrowOop [128]=Oop }
                      ;*synchronization entry
                      ; - java.util.jar.JarFile::getInputStream@-1 (line 852)
                      ; - jdk.internal.loader.URLClassPath$JarLoader$2::getInputStream@11 (line 848)
                      ; - jdk.internal.loader.Resource::cachedInputStream@9 (line 77)
                      ; - jdk.internal.loader.Resource::getBytes@1 (line 89)
                      ; - jdk.internal.loader.URLClassPath$JarLoader$2::getBytes@1 (line 862)
                      ; - jdk.internal.loader.BuiltinClassLoader::defineClass@84 (line 859)
  0x00000233a548ccd4: a895 78ff 

  0x00000233a548ccd8: ;   {other}
  0x00000233a548ccd8: 0f1f 8400 | 4872 007e | 4889 6c24 | 704c 8b6c | 2420 448b | 5424 3044 | 8b5c 2434 | 4c8b 4c24 
  0x00000233a548ccf8: 40e9 d6af | ffff 498b | cb48 8d94 | 24d8 0000 | 004d 8bc7 | c5f8 7749 | ba70 39f5 | 6cfe 7f00 
  0x00000233a548cd18: 0041 ffd2 

  0x00000233a548cd1c: ;   {other}
  0x00000233a548cd1c: 0f1f 8400 | 0000 0000 | e946 adff | ff49 8bcb | 488d 9424 | d800 0000 | 4d8b c7c5 | f877 49ba 
  0x00000233a548cd3c: 7039 f56c | fe7f 0000 

  0x00000233a548cd44: ;   {other}
  0x00000233a548cd44: 41ff d20f | 1f84 0000 | 0000 00e9 | 92b0 ffff | 488b fb49 | 8bd8 498b | d7c5 f877 | 49ba c014 
  0x00000233a548cd64: b46c fe7f | 0000 41ff 

  0x00000233a548cd6c: ;   {other}
  0x00000233a548cd6c: d20f 1f84 | 0000 0000 | 00e9 93d9 | ffff ba45 | ffff ff4c | 8b54 2438 | 4c89 5424 | 204c 8b54 
  0x00000233a548cd8c: 2470 4c89 | 5424 284c | 8944 2438 | 4489 7424 | 344c 8944 | 2450 4c89 | 4c24 5848 | 8974 2460 
  0x00000233a548cdac: 4489 7424 | 684c 894c | 2478 4489 | 5c24 6c90 

  0x00000233a548cdbc: ;   {runtime_call UncommonTrapBlob}
  0x00000233a548cdbc: c5f8 77e8 

  0x00000233a548cdc0: ; ImmutableOopMap {[32]=Oop [40]=Oop [52]=NarrowOop [56]=Oop [80]=Oop [88]=Oop [96]=Oop [104]=NarrowOop [108]=NarrowOop [120]=Oop }
                      ;*ifeq {reexecute=1 rethrow=0 return_oop=0}
                      ; - (reexecute) java.lang.ClassLoader::definePackage@4 (line 2120)
                      ; - java.lang.ClassLoader::getDefinedPackage@32 (line 2267)
                      ; - jdk.internal.loader.BuiltinClassLoader::getAndVerifyPackage@2 (line 902)
                      ; - jdk.internal.loader.BuiltinClassLoader::defineOrCheckPackage@4 (line 877)
                      ; - jdk.internal.loader.ClassLoaders$AppClassLoader::defineOrCheckPackage@4 (line 211)
                      ; - jdk.internal.loader.BuiltinClassLoader::defineClass@40 (line 849)
  0x00000233a548cdc0: 3c78 6cff 

  0x00000233a548cdc4: ;   {other}
  0x00000233a548cdc4: 0f1f 8400 | 3473 007f | bade ffff | ff48 8bac | 2480 0000 | 004c 8b5c | 2438 4c89 | 5c24 204c 
  0x00000233a548cde4: 8b5c 2470 | 4c89 5c24 | 2844 8b44 | 2478 4489 | 4424 3448 | 8974 2450 | 4c89 4c24 | 5848 894c 
  0x00000233a548ce04: 2460 4889 | 4c24 6844 | 8954 2470 | 4889 4424 | 7866 6690 

  0x00000233a548ce18: ;   {runtime_call UncommonTrapBlob}
  0x00000233a548ce18: c5f8 77e8 

  0x00000233a548ce1c: ; ImmutableOopMap {rbp=Oop [32]=Oop [40]=Oop [52]=NarrowOop [80]=Oop [88]=Oop [96]=Oop [104]=Oop [112]=NarrowOop [120]=Oop }
                      ;*invokeinterface getTrustedAttributes {reexecute=0 rethrow=0 return_oop=0}
                      ; - jdk.internal.loader.BuiltinClassLoader::isSealed@17 (line 992)
                      ; - jdk.internal.loader.BuiltinClassLoader::getAndVerifyPackage@70 (line 911)
                      ; - jdk.internal.loader.BuiltinClassLoader::defineOrCheckPackage@4 (line 877)
                      ; - jdk.internal.loader.ClassLoaders$AppClassLoader::defineOrCheckPackage@4 (line 211)
                      ; - jdk.internal.loader.BuiltinClassLoader::defineClass@40 (line 849)
  0x00000233a548ce1c: e077 6cff 

  0x00000233a548ce20: ;   {other}
  0x00000233a548ce20: 0f1f 8400 | 9073 0080 | bade ffff | ff4c 8b94 | 2480 0000 | 004c 8954 | 2420 4c8b | 5424 384c 
  0x00000233a548ce40: 8954 2428 | 4c8b 5424 | 704c 8954 | 2430 448b | 5424 7844 | 8954 2438 | 4889 7424 | 584c 894c 
  0x00000233a548ce60: 2460 4889 | 4c24 6848 | 894c 2470 | 4889 8424 | 8000 0000 

  0x00000233a548ce74: ;   {runtime_call UncommonTrapBlob}
  0x00000233a548ce74: c5f8 77e8 

  0x00000233a548ce78: ; ImmutableOopMap {rbp=NarrowOop [32]=Oop [40]=Oop [48]=Oop [56]=NarrowOop [88]=Oop [96]=Oop [104]=Oop [112]=Oop [128]=Oop }
                      ;*invokeinterface get {reexecute=0 rethrow=0 return_oop=0}
                      ; - java.util.jar.Manifest::getAttributes@5 (line 160)
                      ; - java.util.jar.Manifest::getTrustedAttributes@2 (line 177)
                      ; - java.util.jar.JavaUtilJarAccessImpl::getTrustedAttributes@2 (line 38)
                      ; - jdk.internal.loader.BuiltinClassLoader::isSealed@17 (line 992)
                      ; - jdk.internal.loader.BuiltinClassLoader::getAndVerifyPackage@70 (line 911)
                      ; - jdk.internal.loader.BuiltinClassLoader::defineOrCheckPackage@4 (line 877)
                      ; - jdk.internal.loader.ClassLoaders$AppClassLoader::defineOrCheckPackage@4 (line 211)
                      ; - jdk.internal.loader.BuiltinClassLoader::defineClass@40 (line 849)
  0x00000233a548ce78: 8477 6cff 

  0x00000233a548ce7c: ;   {other}
  0x00000233a548ce7c: 0f1f 8400 | ec73 0081 | ba76 ffff | ff48 8bac | 2480 0000 | 004c 8b5c | 2438 4c89 | 5c24 204c 
  0x00000233a548ce9c: 8b5c 2470 | 4c89 5c24 | 288b 7c24 | 7889 7c24 | 3448 8974 | 2450 4c89 | 4c24 5848 | 894c 2460 
  0x00000233a548cebc: 4889 7424 | 7044 8944 | 2478 899c | 2480 0000 | 0044 8994 | 2484 0000 | 0066 6690 

  0x00000233a548ced8: ;   {runtime_call UncommonTrapBlob}
  0x00000233a548ced8: c5f8 77e8 

  0x00000233a548cedc: ; ImmutableOopMap {rbp=Oop [32]=Oop [40]=Oop [52]=NarrowOop [80]=Oop [88]=Oop [96]=Oop [104]=Oop [112]=Oop [120]=NarrowOop [132]=NarrowOop }
                      ;*if_icmpge {reexecute=1 rethrow=0 return_oop=0}
                      ; - (reexecute) java.lang.StringLatin1::replace@19 (line 297)
                      ; - java.lang.String::replace@18 (line 2933)
                      ; - jdk.internal.loader.BuiltinClassLoader::isSealed@9 (line 992)
                      ; - jdk.internal.loader.BuiltinClassLoader::getAndVerifyPackage@70 (line 911)
                      ; - jdk.internal.loader.BuiltinClassLoader::defineOrCheckPackage@4 (line 877)
                      ; - jdk.internal.loader.ClassLoaders$AppClassLoader::defineOrCheckPackage@4 (line 211)
                      ; - jdk.internal.loader.BuiltinClassLoader::defineClass@40 (line 849)
  0x00000233a548cedc: 2077 6cff 

  0x00000233a548cee0: ;   {other}
  0x00000233a548cee0: 0f1f 8400 | 5074 0082 | bade ffff | ff4c 8b94 | 2480 0000 | 004c 8954 | 2420 4c8b | 5424 384c 
  0x00000233a548cf00: 8954 2428 | 448b 5c24 | 7848 894c | 2450 4489 | 5c24 3c48 | 8974 2458 | 4c89 4c24 | 6066 6690 
  0x00000233a548cf20: ;   {runtime_call UncommonTrapBlob}
  0x00000233a548cf20: c5f8 77e8 

  0x00000233a548cf24: ; ImmutableOopMap {rbp=NarrowOop [32]=Oop [40]=Oop [60]=NarrowOop [80]=Oop [88]=Oop [96]=Oop [112]=Oop [120]=NarrowOop }
                      ;*invokeinterface get {reexecute=0 rethrow=0 return_oop=0}
                      ; - java.util.jar.Attributes::get@5 (line 106)
                      ; - java.util.jar.Attributes::getValue@2 (line 142)
                      ; - jdk.internal.loader.BuiltinClassLoader::isSealed@57 (line 997)
                      ; - jdk.internal.loader.BuiltinClassLoader::getAndVerifyPackage@70 (line 911)
                      ; - jdk.internal.loader.BuiltinClassLoader::defineOrCheckPackage@4 (line 877)
                      ; - jdk.internal.loader.ClassLoaders$AppClassLoader::defineOrCheckPackage@4 (line 211)
                      ; - jdk.internal.loader.BuiltinClassLoader::defineClass@40 (line 849)
  0x00000233a548cf24: d876 6cff 

  0x00000233a548cf28: ;   {other}
  0x00000233a548cf28: 0f1f 8400 | 9874 0083 | ba45 ffff | ff48 ff74 | 2438 488f | 4424 304c | 8944 2448 | 895c 2444 
  0x00000233a548cf48: ;   {runtime_call UncommonTrapBlob}
  0x00000233a548cf48: c5f8 77e8 

  0x00000233a548cf4c: ; ImmutableOopMap {[48]=Oop [72]=Oop [80]=Oop [128]=Oop }
                      ;*if_icmpne {reexecute=1 rethrow=0 return_oop=0}
                      ; - (reexecute) java.lang.ClassLoader::checkName@20 (line 1157)
                      ; - java.lang.ClassLoader::preDefineClass@1 (line 900)
                      ; - java.lang.ClassLoader::defineClass@4 (line 1025)
                      ; - java.security.SecureClassLoader::defineClass@12 (line 150)
                      ; - jdk.internal.loader.BuiltinClassLoader::defineClass@117 (line 862)
  0x00000233a548cf4c: b076 6cff 

  0x00000233a548cf50: ;   {other}
  0x00000233a548cf50: 0f1f 8400 | c074 0084 | ba45 ffff | ff4c 8b54 | 2450 4c89 | 5424 4844 | 8b5c 2458 | 4489 5c24 
  0x00000233a548cf70: 5044 8944 | 2458 8944 | 245c 6690 

  0x00000233a548cf7c: ;   {runtime_call UncommonTrapBlob}
  0x00000233a548cf7c: c5f8 77e8 

  0x00000233a548cf80: ; ImmutableOopMap {rbp=NarrowOop [56]=Oop [64]=Oop [72]=Oop [128]=Oop }
                      ;*if_icmpne {reexecute=1 rethrow=0 return_oop=0}
                      ; - (reexecute) java.lang.String::startsWith@50 (line 2293)
                      ; - java.lang.String::startsWith@3 (line 2327)
                      ; - java.lang.ClassLoader::preDefineClass@43 (line 906)
                      ; - java.lang.ClassLoader::defineClass@4 (line 1025)
                      ; - java.security.SecureClassLoader::defineClass@12 (line 150)
                      ; - jdk.internal.loader.BuiltinClassLoader::defineClass@117 (line 862)
  0x00000233a548cf80: 7c76 6cff 

  0x00000233a548cf84: ;   {other}
  0x00000233a548cf84: 0f1f 8400 | f474 0085 | ba45 ffff | ff48 8b6c | 2438 4489 | 7424 2844 | 8954 242c 

  0x00000233a548cfa0: ;   {runtime_call UncommonTrapBlob}
  0x00000233a548cfa0: c5f8 77e8 

  0x00000233a548cfa4: ; ImmutableOopMap {rbp=Oop [40]=NarrowOop [64]=Oop [112]=Oop }
                      ;*if_icmpeq {reexecute=1 rethrow=0 return_oop=0}
                      ; - (reexecute) jdk.internal.loader.BuiltinClassLoader::defineClass@16 (line 846)
  0x00000233a548cfa4: 5876 6cff 

  0x00000233a548cfa8: ;   {other}
  0x00000233a548cfa8: 0f1f 8400 | 1875 0086 | ba45 ffff | ff48 8b6c | 2438 4489 | 7424 2844 | 8954 2438 | 4489 5424 
  0x00000233a548cfc8: 3c89 4c24 | 4c89 4c24 | 5066 6690 

  0x00000233a548cfd4: ;   {runtime_call UncommonTrapBlob}
  0x00000233a548cfd4: c5f8 77e8 

  0x00000233a548cfd8: ; ImmutableOopMap {rbp=Oop [40]=NarrowOop [64]=Oop [112]=Oop }
                      ;*if_icmple {reexecute=1 rethrow=0 return_oop=0}
                      ; - (reexecute) jdk.internal.util.Preconditions::checkFromToIndex@11 (line 348)
                      ; - java.lang.String::checkBoundsBeginEnd@6 (line 4865)
                      ; - java.lang.String::substring@8 (line 2834)
                      ; - jdk.internal.loader.BuiltinClassLoader::defineClass@23 (line 847)
  0x00000233a548cfd8: 2476 6cff 

  0x00000233a548cfdc: ;   {other}
  0x00000233a548cfdc: 0f1f 8400 | 4c75 0087 | ba45 ffff | ff4c 8b54 | 2438 4c89 | 5424 2044 | 8b44 2430 | 4489 4424 
  0x00000233a548cffc: 284c 8b54 | 2440 4c89 | 5424 3844 | 895c 2450 

  0x00000233a548d00c: ;   {runtime_call UncommonTrapBlob}
  0x00000233a548d00c: c5f8 77e8 

  0x00000233a548d010: ; ImmutableOopMap {rbp=NarrowOop [32]=Oop [40]=NarrowOop [56]=Oop [72]=Oop [80]=NarrowOop [104]=Oop }
                      ;*ifnull {reexecute=1 rethrow=0 return_oop=0}
                      ; - (reexecute) java.util.jar.JarFile::ensureInitialization@21 (line 1068)
                      ; - java.util.jar.JavaUtilJarAccessImpl::ensureInitialization@1 (line 42)
                      ; - jdk.internal.loader.URLClassPath$JarLoader$2::getManifest@10 (line 852)
                      ; - jdk.internal.loader.BuiltinClassLoader::defineClass@29 (line 848)
  0x00000233a548d010: ec75 6cff 

  0x00000233a548d014: ;   {other}
  0x00000233a548d014: 0f1f 8400 | 8475 0088 | ba45 ffff | ff4c 8b54 | 2438 4c89 | 5424 2890 

  0x00000233a548d02c: ;   {runtime_call UncommonTrapBlob}
  0x00000233a548d02c: c5f8 77e8 

  0x00000233a548d030: ; ImmutableOopMap {rbp=Oop [40]=Oop [80]=Oop [120]=NarrowOop [128]=Oop }
                      ;*ifnull {reexecute=1 rethrow=0 return_oop=0}
                      ; - (reexecute) java.security.CodeSource::<init>@25 (line 122)
                      ; - jdk.internal.loader.BuiltinClassLoader::defineClass@102 (line 861)
  0x00000233a548d030: cc75 6cff 

  0x00000233a548d034: ;   {other}
  0x00000233a548d034: 0f1f 8400 | a475 0089 | ba45 ffff | ff4c 8b54 | 2450 4c89 | 5424 404c | 8944 2450 

  0x00000233a548d050: ;   {runtime_call UncommonTrapBlob}
  0x00000233a548d050: c5f8 77e8 

  0x00000233a548d054: ; ImmutableOopMap {[56]=Oop [64]=Oop [80]=Oop [128]=Oop }
                      ;*if_icmpne {reexecute=1 rethrow=0 return_oop=0}
                      ; - (reexecute) java.lang.ClassLoader::checkName@30 (line 1157)
                      ; - java.lang.ClassLoader::preDefineClass@1 (line 900)
                      ; - java.lang.ClassLoader::defineClass@4 (line 1025)
                      ; - java.security.SecureClassLoader::defineClass@12 (line 150)
                      ; - jdk.internal.loader.BuiltinClassLoader::defineClass@117 (line 862)
  0x00000233a548d054: a875 6cff 

  0x00000233a548d058: ;   {other}
  0x00000233a548d058: 0f1f 8400 | c875 008a | ba45 ffff | ff4c 8b44 | 2438 4c89 | 4424 204c | 896c 2438 | 4889 7424 
  0x00000233a548d078: 4044 8954 | 2434 897c | 2448 4489 | 5c24 4c90 

  0x00000233a548d088: ;   {runtime_call UncommonTrapBlob}
  0x00000233a548d088: c5f8 77e8 

  0x00000233a548d08c: ; ImmutableOopMap {[32]=Oop [52]=NarrowOop [56]=Oop [64]=Oop [120]=NarrowOop [128]=Oop }
                      ;*if_icmpne {reexecute=1 rethrow=0 return_oop=0}
                      ; - (reexecute) jdk.internal.loader.Resource::getBytes@36 (line 110)
                      ; - jdk.internal.loader.URLClassPath$JarLoader$2::getBytes@1 (line 862)
                      ; - jdk.internal.loader.BuiltinClassLoader::defineClass@84 (line 859)
  0x00000233a548d08c: 7075 6cff 

  0x00000233a548d090: ;   {other}
  0x00000233a548d090: 0f1f 8400 | 0076 008b | ba45 ffff | ff4c 8b54 | 2438 4c89 | 5424 204c | 896c 2438 | 4889 7424 
  0x00000233a548d0b0: 4844 8944 | 2450 6690 

  0x00000233a548d0b8: ;   {runtime_call UncommonTrapBlob}
  0x00000233a548d0b8: c5f8 77e8 

  0x00000233a548d0bc: ; ImmutableOopMap {[32]=Oop [56]=Oop [72]=Oop [120]=NarrowOop [128]=Oop }
                      ;*ifgt {reexecute=1 rethrow=0 return_oop=0}
                      ; - (reexecute) java.util.zip.CRC32::updateBytesCheck@1 (line 147)
                      ; - java.util.zip.CRC32::updateBytes@3 (line 139)
                      ; - java.util.zip.CRC32::update@31 (line 79)
                      ; - java.util.zip.Checksum::update@5 (line 58)
                      ; - jdk.internal.loader.URLClassPath$JarLoader$2::getBytes@15 (line 864)
                      ; - jdk.internal.loader.BuiltinClassLoader::defineClass@84 (line 859)
  0x00000233a548d0bc: 4075 6cff 

  0x00000233a548d0c0: ;   {other}
  0x00000233a548d0c0: 0f1f 8400 | 3076 008c | 4d3b dabd | ffff ffff | 7c08 400f | 95c5 400f | b6ed ba45 | ffff ff4c 
  0x00000233a548d0e0: 8b54 2438 | 4c89 5424 | 284c 896c | 2440 4889 | 7424 4890 

  0x00000233a548d0f4: ;   {runtime_call UncommonTrapBlob}
  0x00000233a548d0f4: c5f8 77e8 

  0x00000233a548d0f8: ; ImmutableOopMap {[40]=Oop [64]=Oop [72]=Oop [120]=NarrowOop [128]=Oop }
                      ;*ifeq {reexecute=1 rethrow=0 return_oop=0}
                      ; - (reexecute) jdk.internal.loader.URLClassPath$JarLoader$2::getBytes@30 (line 865)
                      ; - jdk.internal.loader.BuiltinClassLoader::defineClass@84 (line 859)
  0x00000233a548d0f8: 0475 6cff 

  0x00000233a548d0fc: ;   {other}
  0x00000233a548d0fc: 0f1f 8400 | 6c76 008d | bf01 0000 | 004c 8b6c | 2420 488b | 7424 40ba | 45ff ffff | 4c8b 5424 
  0x00000233a548d11c: 384c 8954 | 2420 4c89 | 6c24 3848 | 8974 2440 | 897c 2434 

  0x00000233a548d130: ;   {runtime_call UncommonTrapBlob}
  0x00000233a548d130: c5f8 77e8 

  0x00000233a548d134: ; ImmutableOopMap {[32]=Oop [56]=Oop [64]=Oop [120]=NarrowOop [128]=Oop }
                      ;*ifeq {reexecute=1 rethrow=0 return_oop=0}
                      ; - (reexecute) jdk.internal.loader.Resource::getBytes@199 (line 150)
                      ; - jdk.internal.loader.URLClassPath$JarLoader$2::getBytes@1 (line 862)
                      ; - jdk.internal.loader.BuiltinClassLoader::defineClass@84 (line 859)
  0x00000233a548d134: c874 6cff 

  0x00000233a548d138: ;   {other}
  0x00000233a548d138: 0f1f 8400 | a876 008e | ba45 ffff | ff4c 8b54 | 2438 4c89 | 5424 284c | 8944 2440 

  0x00000233a548d154: ;   {runtime_call UncommonTrapBlob}
  0x00000233a548d154: c5f8 77e8 

  0x00000233a548d158: ; ImmutableOopMap {rbp=NarrowOop [40]=Oop [64]=Oop [80]=Oop [120]=NarrowOop [128]=Oop }
                      ;*ifnull {reexecute=1 rethrow=0 return_oop=0}
                      ; - (reexecute) java.util.jar.JarFile$JarFileEntry::getCodeSigners@34 (line 674)
                      ; - jdk.internal.loader.URLClassPath$JarLoader$2::getCodeSigners@4 (line 858)
                      ; - jdk.internal.loader.BuiltinClassLoader::defineClass@90 (line 860)
  0x00000233a548d158: a474 6cff 

  0x00000233a548d15c: ;   {other}
  0x00000233a548d15c: 0f1f 8400 | cc76 008f | ba45 ffff | ff4c 8b54 | 2450 4c89 | 5424 4844 | 8944 2454 

  0x00000233a548d178: ;   {runtime_call UncommonTrapBlob}
  0x00000233a548d178: c5f8 77e8 

  0x00000233a548d17c: ; ImmutableOopMap {rbp=NarrowOop [56]=Oop [64]=Oop [72]=Oop [128]=Oop }
                      ;*if_icmpne {reexecute=1 rethrow=0 return_oop=0}
                      ; - (reexecute) java.lang.String::startsWith@56 (line 2294)
                      ; - java.lang.String::startsWith@3 (line 2327)
                      ; - java.lang.ClassLoader::preDefineClass@43 (line 906)
                      ; - java.lang.ClassLoader::defineClass@4 (line 1025)
                      ; - java.security.SecureClassLoader::defineClass@12 (line 150)
                      ; - jdk.internal.loader.BuiltinClassLoader::defineClass@117 (line 862)
  0x00000233a548d17c: 8074 6cff 

  0x00000233a548d180: ;   {other}
  0x00000233a548d180: 0f1f 8400 | f076 0090 | ba45 ffff | ff4c 8b54 | 2438 4c89 | 5424 284c | 8b54 2470 | 4c89 5424 
  0x00000233a548d1a0: 304c 8944 | 2440 4489 | 7424 3c4c | 8944 2458 | 48ff 7424 | 6848 8f44 | 2460 4889 | 7424 6844 
  0x00000233a548d1c0: 8974 2470 | 4c89 8c24 | 8000 0000 

  0x00000233a548d1cc: ;   {runtime_call UncommonTrapBlob}
  0x00000233a548d1cc: c5f8 77e8 

  0x00000233a548d1d0: ; ImmutableOopMap {[40]=Oop [48]=Oop [60]=NarrowOop [64]=Oop [88]=Oop [96]=Oop [104]=Oop [112]=NarrowOop [128]=Oop }
                      ;*ifle {reexecute=1 rethrow=0 return_oop=0}
                      ; - (reexecute) java.util.concurrent.ConcurrentHashMap::get@23 (line 937)
                      ; - java.lang.ClassLoader::getDefinedPackage@13 (line 2263)
                      ; - jdk.internal.loader.BuiltinClassLoader::getAndVerifyPackage@2 (line 902)
                      ; - jdk.internal.loader.BuiltinClassLoader::defineOrCheckPackage@4 (line 877)
                      ; - jdk.internal.loader.ClassLoaders$AppClassLoader::defineOrCheckPackage@4 (line 211)
                      ; - jdk.internal.loader.BuiltinClassLoader::defineClass@40 (line 849)
  0x00000233a548d1d0: 2c74 6cff 

  0x00000233a548d1d4: ;   {other}
  0x00000233a548d1d4: 0f1f 8400 | 4477 0091 | 4c63 d590 | e9b5 baff | ffba ccff | ffff 488b | ac24 8000 | 0000 4c8b 
  0x00000233a548d1f4: 5424 384c | 8954 2420 | 4c8b 5424 | 704c 8954 | 2428 448b | 5c24 784c | 8b54 2458 | 4c89 5424 
  0x00000233a548d214: 404c 8b54 | 2468 4c89 | 5424 4844 | 895c 2434 | 4c8b 5424 | 604c 8954 | 2458 448b | 5424 7c44 
  0x00000233a548d234: 8954 2470 | 4c8b 9424 | 9000 0000 | 4c89 5424 | 784c 8984 | 2490 0000 | 0066 6690 

  0x00000233a548d250: ;   {runtime_call UncommonTrapBlob}
  0x00000233a548d250: c5f8 77e8 

  0x00000233a548d254: ; ImmutableOopMap {rbp=Oop [32]=Oop [40]=Oop [52]=NarrowOop [64]=Oop [72]=Oop [88]=Oop [112]=NarrowOop [120]=Oop [144]=Oop }
                      ;*invokestatic arraycopy {reexecute=0 rethrow=0 return_oop=0}
                      ; - java.lang.String::getBytes@22 (line 4726)
                      ; - java.lang.StringConcatHelper::prepend@21 (line 324)
                      ; - java.lang.StringConcatHelper::simpleConcat@71 (line 438)
                      ; - java.lang.String::concat@11 (line 2899)
                      ; - jdk.internal.loader.BuiltinClassLoader::isSealed@14 (line 992)
                      ; - jdk.internal.loader.BuiltinClassLoader::getAndVerifyPackage@70 (line 911)
                      ; - jdk.internal.loader.BuiltinClassLoader::defineOrCheckPackage@4 (line 877)
                      ; - jdk.internal.loader.ClassLoaders$AppClassLoader::defineOrCheckPackage@4 (line 211)
                      ; - jdk.internal.loader.BuiltinClassLoader::defineClass@40 (line 849)
  0x00000233a548d254: a873 6cff 

  0x00000233a548d258: ;   {other}
  0x00000233a548d258: 0f1f 8400 | c877 0092 | bacc ffff | ff48 8bac | 2480 0000 | 004c 8b54 | 2438 4c89 | 5424 204c 
  0x00000233a548d278: 8b54 2470 | 4c89 5424 | 2844 8b5c | 2478 4c8b | 5424 584c | 8954 2440 | 4c8b 5424 | 684c 8954 
  0x00000233a548d298: 2448 4489 | 5c24 344c | 8b54 2460 | 4c89 5424 | 584c 8b94 | 2488 0000 | 004c 8954 | 2470 448b 
  0x00000233a548d2b8: 5c24 7c44 | 895c 2478 | 4c89 8424 | 8800 0000 

  0x00000233a548d2c8: ;   {runtime_call UncommonTrapBlob}
  0x00000233a548d2c8: c5f8 77e8 

  0x00000233a548d2cc: ; ImmutableOopMap {rbp=Oop [32]=Oop [40]=Oop [52]=NarrowOop [64]=Oop [72]=Oop [88]=Oop [112]=Oop [120]=NarrowOop [136]=Oop }
                      ;*invokestatic arraycopy {reexecute=0 rethrow=0 return_oop=0}
                      ; - java.lang.String::getBytes@22 (line 4726)
                      ; - java.lang.StringConcatHelper::prepend@21 (line 324)
                      ; - java.lang.StringConcatHelper::simpleConcat@81 (line 439)
                      ; - java.lang.String::concat@11 (line 2899)
                      ; - jdk.internal.loader.BuiltinClassLoader::isSealed@14 (line 992)
                      ; - jdk.internal.loader.BuiltinClassLoader::getAndVerifyPackage@70 (line 911)
                      ; - jdk.internal.loader.BuiltinClassLoader::defineOrCheckPackage@4 (line 877)
                      ; - jdk.internal.loader.ClassLoaders$AppClassLoader::defineOrCheckPackage@4 (line 211)
                      ; - jdk.internal.loader.BuiltinClassLoader::defineClass@40 (line 849)
  0x00000233a548d2cc: 3073 6cff 

  0x00000233a548d2d0: ;   {other}
  0x00000233a548d2d0: 0f1f 8400 | 4078 0093 | 4963 ca0f | 1f44 0000 | e90b 97ff | ff48 83c1 | fe49 8bfb | 4833 c048 
  0x00000233a548d2f0: 83f9 087f | 1048 ffc9 | 784f 4889 | 04cf 48ff | c97d f7eb | 44c5 fdef | c0e9 0d00 | 0000 c5fe 
  0x00000233a548d310: 7f07 c5fe | 7f47 2048 | 83c7 4048 | 83e9 087d | ed48 83c1 | 047c 0cc5 | fe7f 0748 | 83c7 2048 
  0x00000233a548d330: 83e9 0448 | 83c1 047e | 1048 ffc9 | c5f9 d607 | 4883 c708 | 48ff c97d | f3e9 7e97 | ffff bacc 
  0x00000233a548d350: ffff ff48 | 8b6c 2438 | 4489 7424 | 2889 7c24 | 2c44 8954 | 2434 4c8b | 5424 404c | 8954 2438 
  0x00000233a548d370: 4889 7424 | 4866 6690 

  0x00000233a548d378: ;   {runtime_call UncommonTrapBlob}
  0x00000233a548d378: c5f8 77e8 

  0x00000233a548d37c: ; ImmutableOopMap {rbp=Oop [40]=NarrowOop [44]=NarrowOop [56]=Oop [72]=Oop [112]=Oop }
                      ;*newarray {reexecute=1 rethrow=0 return_oop=0}
                      ; - (reexecute) java.util.Arrays::copyOfRangeByte@10 (line 3863)
                      ; - java.util.Arrays::copyOfRange@13 (line 3854)
                      ; - java.lang.StringLatin1::newString@16 (line 752)
                      ; - java.lang.String::substring@41 (line 2839)
                      ; - jdk.internal.loader.BuiltinClassLoader::defineClass@23 (line 847)
  0x00000233a548d37c: 8072 6cff 

  0x00000233a548d380: ;   {other}
  0x00000233a548d380: 0f1f 8400 | f078 0094 | 4489 4424 | 504c 894c | 2420 4489 | 5c24 5848 | 894c 2460 | 897c 245c 
  0x00000233a548d3a0: 8954 2468 | 8974 246c | 4c89 5424 | 7048 8984 | 2488 0000 | 0048 899c | 2490 0000 

  0x00000233a548d3bc: ;   {metadata({type array byte})}
  0x00000233a548d3bc: 0048 ba68 | 2200 b233 | 0200 0044 | 8b44 246c 

  0x00000233a548d3cc: ;   {runtime_call _new_array_nozero_Java}
  0x00000233a548d3cc: c5f8 77e8 

  0x00000233a548d3d0: ; ImmutableOopMap {[32]=Oop [112]=Derived_oop_[32] [48]=Oop [56]=Oop [64]=Oop [72]=Oop [80]=NarrowOop [96]=Oop [120]=NarrowOop [128]=Oop }
                      ;*newarray {reexecute=0 rethrow=0 return_oop=1}
                      ; - java.util.Arrays::copyOf@15 (line 3541)
                      ; - jdk.internal.loader.Resource::getBytes@94 (line 120)
                      ; - jdk.internal.loader.BuiltinClassLoader::defineClass@84 (line 859)
  0x00000233a548d3d0: 2c82 78ff 

  0x00000233a548d3d4: ;   {other}
  0x00000233a548d3d4: 0f1f 8400 | 4479 0095 | 4c8b c090 | e916 d0ff | ffba 76ff | ffff 4c8b | 9424 8000 | 0000 4c89 
  0x00000233a548d3f4: 5424 204c | 8b54 2438 | 4c89 5424 | 284c 8b54 | 2470 4c89 | 5424 3044 | 8b5c 2478 | 4c8b 9424 
  0x00000233a548d414: 8800 0000 | 4c89 5424 | 4844 895c | 243c 448b | 9424 9000 | 0000 4489 | 9424 8000 | 0000 6690 
  0x00000233a548d434: ;   {runtime_call UncommonTrapBlob}
  0x00000233a548d434: c5f8 77e8 

  0x00000233a548d438: ; ImmutableOopMap {[32]=Oop [40]=Oop [48]=Oop [60]=NarrowOop [72]=Oop [80]=Oop [96]=Oop [128]=NarrowOop [152]=NarrowOop [160]=Oop }
                      ;*if_icmpge {reexecute=1 rethrow=0 return_oop=0}
                      ; - (reexecute) java.lang.StringLatin1::replace@82 (line 308)
                      ; - java.lang.String::replace@18 (line 2933)
                      ; - jdk.internal.loader.BuiltinClassLoader::isSealed@9 (line 992)
                      ; - jdk.internal.loader.BuiltinClassLoader::getAndVerifyPackage@70 (line 911)
                      ; - jdk.internal.loader.BuiltinClassLoader::defineOrCheckPackage@4 (line 877)
                      ; - jdk.internal.loader.ClassLoaders$AppClassLoader::defineOrCheckPackage@4 (line 211)
                      ; - jdk.internal.loader.BuiltinClassLoader::defineClass@40 (line 849)
  0x00000233a548d438: c471 6cff 

  0x00000233a548d43c: ;   {other}
  0x00000233a548d43c: 0f1f 8400 | ac79 0096 | 4c89 6c24 | 5044 8954 | 2458 897c | 245c 4889 | 7424 2044 | 895c 2460 
  0x00000233a548d45c: 895c 2430 | 894c 2434 | 4889 5424 | 4044 8944 | 2464 4889 | 4424 684c | 89b4 2488 | 0000 004c 
  0x00000233a548d47c: 898c 2490 

  0x00000233a548d480: ;   {metadata({type array byte})}
  0x00000233a548d480: 0000 0048 | ba68 2200 | b233 0200 | 0044 8b44 | 2434 6690 

  0x00000233a548d494: ;   {runtime_call _new_array_nozero_Java}
  0x00000233a548d494: c5f8 77e8 

  0x00000233a548d498: ; ImmutableOopMap {[32]=Oop [104]=Derived_oop_[32] [56]=Oop [64]=Oop [72]=Oop [80]=Oop [88]=NarrowOop [112]=Oop [120]=NarrowOop [128]=Oop }
                      ;*newarray {reexecute=0 rethrow=0 return_oop=1}
                      ; - java.util.Arrays::copyOf@15 (line 3541)
                      ; - jdk.internal.loader.Resource::getBytes@94 (line 120)
                      ; - jdk.internal.loader.URLClassPath$JarLoader$2::getBytes@1 (line 862)
                      ; - jdk.internal.loader.BuiltinClassLoader::defineClass@84 (line 859)
  0x00000233a548d498: 6481 78ff 

  0x00000233a548d49c: ;   {other}
  0x00000233a548d49c: 0f1f 8400 | 0c7a 0097 | 4c8b c0e9 | bbd3 ffff | 4489 5424 | 4444 895c | 2440 4889 | 7c24 3048 
  0x00000233a548d4bc: ff74 2448 | 488f 4424 | 2045 8861 | 3af0 8344 | 24c0 0090 

  0x00000233a548d4d0: ;   {static_call}
  0x00000233a548d4d0: c5f8 77e8 

  0x00000233a548d4d4: ; ImmutableOopMap {[32]=Oop [48]=Oop [56]=Oop [64]=NarrowOop [112]=Oop [120]=NarrowOop [128]=Oop }
                      ;*invokestatic clearInterruptEvent {reexecute=0 rethrow=0 return_oop=0}
                      ; - java.lang.Thread::getAndClearInterrupt@14 (line 1785)
                      ; - java.lang.Thread::interrupted@3 (line 1746)
                      ; - jdk.internal.loader.Resource::getBytes@5 (line 96)
                      ; - jdk.internal.loader.BuiltinClassLoader::defineClass@84 (line 859)
  0x00000233a548d4d4: a81b 6cff 

  0x00000233a548d4d8: ;   {other}
  0x00000233a548d4d8: 0f1f 8400 | 487a 0098 | 4c8b 4c24 | 2048 8b7c | 2430 448b | 5c24 4044 | 8b54 2444 | e906 cdff 
  0x00000233a548d4f8: ff49 8bd7 | c5f8 7749 | bac0 14b4 | 6cfe 7f00 | 0041 ffd2 

  0x00000233a548d50c: ;   {other}
  0x00000233a548d50c: 0f1f 8400 | 0000 0000 | e9be 95ff | ff49 8bd7 | c5f8 7749 | bac0 14b4 | 6cfe 7f00 | 0041 ffd2 
  0x00000233a548d52c: ;   {other}
  0x00000233a548d52c: 0f1f 8400 | 0000 0000 | e941 a5ff | ffba 45ff | ffff 4c8b | 5424 384c | 8954 2428 | 4489 4424 
  0x00000233a548d54c: 5466 6690 

  0x00000233a548d550: ;   {runtime_call UncommonTrapBlob}
  0x00000233a548d550: c5f8 77e8 

  0x00000233a548d554: ; ImmutableOopMap {rbp=NarrowOop [40]=Oop [64]=Oop [80]=NarrowOop [84]=NarrowOop [112]=Oop [120]=NarrowOop [128]=Oop }
                      ;*ifnonnull {reexecute=1 rethrow=0 return_oop=0}
                      ; - (reexecute) java.util.jar.JarFile::getInputStream@16 (line 855)
                      ; - jdk.internal.loader.URLClassPath$JarLoader$2::getInputStream@11 (line 848)
                      ; - jdk.internal.loader.Resource::cachedInputStream@9 (line 77)
                      ; - jdk.internal.loader.Resource::getByteBuffer@1 (line 163)
                      ; - jdk.internal.loader.BuiltinClassLoader::defineClass@45 (line 853)
  0x00000233a548d554: a870 6cff 

  0x00000233a548d558: ;   {other}
  0x00000233a548d558: 0f1f 8400 | c87a 0099 | ba45 ffff | ff4c 8b5c | 2438 4c89 | 5c24 2844 | 8954 246c 

  0x00000233a548d574: ;   {runtime_call UncommonTrapBlob}
  0x00000233a548d574: c5f8 77e8 

  0x00000233a548d578: ; ImmutableOopMap {rbp=NarrowOop [40]=Oop [64]=Oop [104]=NarrowOop [108]=NarrowOop [120]=NarrowOop [128]=Oop }
                      ;*ifnonnull {reexecute=1 rethrow=0 return_oop=0}
                      ; - (reexecute) java.util.jar.JarFile::getInputStream@16 (line 855)
                      ; - jdk.internal.loader.URLClassPath$JarLoader$2::getInputStream@11 (line 848)
                      ; - jdk.internal.loader.Resource::cachedInputStream@9 (line 77)
                      ; - jdk.internal.loader.Resource::getBytes@1 (line 89)
                      ; - jdk.internal.loader.URLClassPath$JarLoader$2::getBytes@1 (line 862)
                      ; - jdk.internal.loader.BuiltinClassLoader::defineClass@84 (line 859)
  0x00000233a548d578: 8470 6cff 

  0x00000233a548d57c: ;   {other}
  0x00000233a548d57c: 0f1f 8400 | ec7a 009a | 498b d7c5 | f877 49ba | c014 b46c | fe7f 0000 

  0x00000233a548d594: ;   {other}
  0x00000233a548d594: 41ff d20f | 1f84 0000 | 0000 0090 | e94f a8ff | ffba 76ff | ffff 4c8b | 9424 8000 | 0000 4c89 
  0x00000233a548d5b4: 5424 204c | 8b54 2438 | 4c89 5424 | 284c 8b54 | 2470 4c89 | 5424 3044 | 8b5c 2478 | 4c8b 9424 
  0x00000233a548d5d4: 8800 0000 | 4c89 5424 | 4844 895c | 243c 448b | 9424 9000 | 0000 4489 | 9424 8000 | 0000 448b 
  0x00000233a548d5f4: 9c24 9400 | 0000 4489 | 9c24 8400 | 0000 6690 

  0x00000233a548d604: ;   {runtime_call UncommonTrapBlob}
  0x00000233a548d604: c5f8 77e8 

  0x00000233a548d608: ; ImmutableOopMap {[32]=Oop [40]=Oop [48]=Oop [60]=NarrowOop [72]=Oop [80]=Oop [96]=Oop [128]=NarrowOop [152]=NarrowOop [160]=Oop }
                      ;*if_icmpge {reexecute=1 rethrow=0 return_oop=0}
                      ; - (reexecute) java.lang.StringLatin1::replace@61 (line 305)
                      ; - java.lang.String::replace@18 (line 2933)
                      ; - jdk.internal.loader.BuiltinClassLoader::isSealed@9 (line 992)
                      ; - jdk.internal.loader.BuiltinClassLoader::getAndVerifyPackage@70 (line 911)
                      ; - jdk.internal.loader.BuiltinClassLoader::defineOrCheckPackage@4 (line 877)
                      ; - jdk.internal.loader.ClassLoaders$AppClassLoader::defineOrCheckPackage@4 (line 211)
                      ; - jdk.internal.loader.BuiltinClassLoader::defineClass@40 (line 849)
  0x00000233a548d608: f46f 6cff 

  0x00000233a548d60c: ;   {other}
  0x00000233a548d60c: 0f1f 8400 | 7c7b 009b | b901 0000 | 00e9 e7b2 | ffff ba45 | ffff ff48 | 8bac 2480 | 0000 004c 
  0x00000233a548d62c: 8b54 2438 | 4c89 5424 | 204c 8b54 | 2470 4c89 | 5424 284c | 8b54 2468 | 4c89 5424 | 4844 8974 
  0x00000233a548d64c: 2434 4889 | 7424 5844 | 8974 2468 | 4889 7424 | 7889 8c24 | 8000 0000 

  0x00000233a548d664: ;   {runtime_call UncommonTrapBlob}
  0x00000233a548d664: c5f8 77e8 

  0x00000233a548d668: ; ImmutableOopMap {rbp=Oop [32]=Oop [40]=Oop [52]=NarrowOop [72]=Oop [88]=Oop [104]=NarrowOop [120]=Oop [152]=NarrowOop }
                      ;*ifle {reexecute=1 rethrow=0 return_oop=0}
                      ; - (reexecute) java.util.concurrent.ConcurrentHashMap::get@23 (line 937)
                      ; - java.lang.ClassLoader::definePackage@47 (line 2125)
                      ; - java.lang.ClassLoader::getDefinedPackage@32 (line 2267)
                      ; - jdk.internal.loader.BuiltinClassLoader::getAndVerifyPackage@2 (line 902)
                      ; - jdk.internal.loader.BuiltinClassLoader::defineOrCheckPackage@4 (line 877)
                      ; - jdk.internal.loader.ClassLoaders$AppClassLoader::defineOrCheckPackage@4 (line 211)
                      ; - jdk.internal.loader.BuiltinClassLoader::defineClass@40 (line 849)
  0x00000233a548d668: 946f 6cff 

  0x00000233a548d66c: ;   {other}
  0x00000233a548d66c: 0f1f 8400 | dc7b 009c | 33ed 4585 | db40 0f95 | c5ba 45ff | ffff 4c8b | 9424 8000 | 0000 4c89 
  0x00000233a548d68c: 5424 204c | 8b54 2438 | 4c89 5424 | 284c 8b54 | 2470 4c89 | 5424 3044 | 8b5c 2478 | 4489 5c24 
  0x00000233a548d6ac: 3c48 8974 | 2460 4489 | 5c24 704c | 894c 2478 

  0x00000233a548d6bc: ;   {runtime_call UncommonTrapBlob}
  0x00000233a548d6bc: c5f8 77e8 

  0x00000233a548d6c0: ; ImmutableOopMap {[32]=Oop [40]=Oop [48]=Oop [60]=NarrowOop [96]=Oop [104]=Oop [112]=NarrowOop [120]=Oop }
                      ;*ifne {reexecute=1 rethrow=0 return_oop=0}
                      ; - (reexecute) java.lang.Package::isSealed@7 (line 235)
                      ; - jdk.internal.loader.BuiltinClassLoader::getAndVerifyPackage@14 (line 904)
                      ; - jdk.internal.loader.BuiltinClassLoader::defineOrCheckPackage@4 (line 877)
                      ; - jdk.internal.loader.ClassLoaders$AppClassLoader::defineOrCheckPackage@4 (line 211)
                      ; - jdk.internal.loader.BuiltinClassLoader::defineClass@40 (line 849)
  0x00000233a548d6c0: 3c6f 6cff 

  0x00000233a548d6c4: ;   {other}
  0x00000233a548d6c4: 0f1f 8400 | 347c 009d | 33ed 4585 | db40 0f94 | c5ba 45ff | ffff 4c8b | 9c24 8000 | 0000 4c89 
  0x00000233a548d6e4: 5c24 204c | 8b5c 2438 | 4c89 5c24 | 284c 8b5c | 2470 4c89 | 5c24 3044 | 8b44 2478 | 4489 4424 
  0x00000233a548d704: 3c48 8974 | 2458 4c89 | 4c24 6048 | 8974 2478 | 4489 9424 | 8000 0000 

  0x00000233a548d71c: ;   {runtime_call UncommonTrapBlob}
  0x00000233a548d71c: c5f8 77e8 

  0x00000233a548d720: ; ImmutableOopMap {[32]=Oop [40]=Oop [48]=Oop [60]=NarrowOop [88]=Oop [96]=Oop [104]=Oop [120]=Oop [128]=NarrowOop }
                      ;*ifeq {reexecute=1 rethrow=0 return_oop=0}
                      ; - (reexecute) java.lang.String::replace@9 (line 2933)
                      ; - jdk.internal.loader.BuiltinClassLoader::isSealed@9 (line 992)
                      ; - jdk.internal.loader.BuiltinClassLoader::getAndVerifyPackage@70 (line 911)
                      ; - jdk.internal.loader.BuiltinClassLoader::defineOrCheckPackage@4 (line 877)
                      ; - jdk.internal.loader.ClassLoaders$AppClassLoader::defineOrCheckPackage@4 (line 211)
                      ; - jdk.internal.loader.BuiltinClassLoader::defineClass@40 (line 849)
  0x00000233a548d720: dc6e 6cff 

  0x00000233a548d724: ;   {other}
  0x00000233a548d724: 0f1f 8400 | 947c 009e | ba45 ffff | ff4c 8b5c | 2438 4c89 | 5c24 204c | 894c 2440 | 4c89 4c24 
  0x00000233a548d744: 4844 8954 | 2454 4489 | 4424 5844 | 8944 245c 

  0x00000233a548d754: ;   {runtime_call UncommonTrapBlob}
  0x00000233a548d754: c5f8 77e8 

  0x00000233a548d758: ; ImmutableOopMap {[32]=Oop [64]=Oop [72]=Oop [84]=NarrowOop [88]=NarrowOop [92]=NarrowOop [112]=Oop [120]=NarrowOop [128]=Oop }
                      ;*ifnonnull {reexecute=1 rethrow=0 return_oop=0}
                      ; - (reexecute) java.util.Objects::requireNonNull@1 (line 258)
                      ; - java.util.jar.JarFile::getInputStream@4 (line 852)
                      ; - jdk.internal.loader.URLClassPath$JarLoader$2::getInputStream@11 (line 848)
                      ; - jdk.internal.loader.Resource::cachedInputStream@9 (line 77)
                      ; - jdk.internal.loader.Resource::getByteBuffer@1 (line 163)
                      ; - jdk.internal.loader.BuiltinClassLoader::defineClass@45 (line 853)
  0x00000233a548d758: a46e 6cff 

  0x00000233a548d75c: ;   {other}
  0x00000233a548d75c: 0f1f 8400 | cc7c 009f | ba45 ffff | ff4c 8b44 | 2438 4c89 | 4424 204c | 896c 2438 | 4c89 6c24 
  0x00000233a548d77c: 4044 8954 | 2464 4489 | 5c24 6844 | 895c 246c 

  0x00000233a548d78c: ;   {runtime_call UncommonTrapBlob}
  0x00000233a548d78c: c5f8 77e8 

  0x00000233a548d790: ; ImmutableOopMap {[32]=Oop [56]=Oop [64]=Oop [100]=NarrowOop [104]=NarrowOop [108]=NarrowOop [120]=NarrowOop [128]=Oop }
                      ;*ifnonnull {reexecute=1 rethrow=0 return_oop=0}
                      ; - (reexecute) java.util.Objects::requireNonNull@1 (line 258)
                      ; - java.util.jar.JarFile::getInputStream@4 (line 852)
                      ; - jdk.internal.loader.URLClassPath$JarLoader$2::getInputStream@11 (line 848)
                      ; - jdk.internal.loader.Resource::cachedInputStream@9 (line 77)
                      ; - jdk.internal.loader.Resource::getBytes@1 (line 89)
                      ; - jdk.internal.loader.URLClassPath$JarLoader$2::getBytes@1 (line 862)
                      ; - jdk.internal.loader.BuiltinClassLoader::defineClass@84 (line 859)
  0x00000233a548d790: 6c6e 6cff 

  0x00000233a548d794: ;   {other}
  0x00000233a548d794: 0f1f 8400 | 047d 00a0 | ba45 ffff | ff4c 8b94 | 2480 0000 | 004c 8954 | 2420 4c8b | 5424 384c 
  0x00000233a548d7b4: 8954 2428 | 4c8b 5424 | 704c 8954 | 2430 448b | 5c24 7844 | 895c 243c | 4889 7424 | 6044 895c 
  0x00000233a548d7d4: 2470 4c89 | 4c24 7890 

  0x00000233a548d7dc: ;   {runtime_call UncommonTrapBlob}
  0x00000233a548d7dc: c5f8 77e8 

  0x00000233a548d7e0: ; ImmutableOopMap {rbp=NarrowOop [32]=Oop [40]=Oop [48]=Oop [60]=NarrowOop [96]=Oop [104]=Oop [112]=NarrowOop [120]=Oop }
                      ;*ifnull {reexecute=1 rethrow=0 return_oop=0}
                      ; - (reexecute) java.lang.Package::isSealed@17 (line 235)
                      ; - jdk.internal.loader.BuiltinClassLoader::getAndVerifyPackage@14 (line 904)
                      ; - jdk.internal.loader.BuiltinClassLoader::defineOrCheckPackage@4 (line 877)
                      ; - jdk.internal.loader.ClassLoaders$AppClassLoader::defineOrCheckPackage@4 (line 211)
                      ; - jdk.internal.loader.BuiltinClassLoader::defineClass@40 (line 849)
  0x00000233a548d7e0: 1c6e 6cff 

  0x00000233a548d7e4: ;   {other}
  0x00000233a548d7e4: 0f1f 8400 | 547d 00a1 | ba45 ffff | ff48 8bac | 2480 0000 | 004c 8b54 | 2438 4c89 | 5424 204c 
  0x00000233a548d804: 8b54 2470 | 4c89 5424 | 2844 8b54 | 2478 4489 | 5424 3048 | 8974 2450 | 4c8b 5424 | 604c 8954 
  0x00000233a548d824: 2458 4889 | 4c24 6044 | 8b54 247c | 4489 5424 | 7066 6690 

  0x00000233a548d838: ;   {runtime_call UncommonTrapBlob}
  0x00000233a548d838: c5f8 77e8 

  0x00000233a548d83c: ; ImmutableOopMap {rbp=Oop [32]=Oop [40]=Oop [48]=NarrowOop [80]=Oop [88]=Oop [96]=Oop [104]=Oop [112]=NarrowOop [144]=Oop }
                      ;*iflt {reexecute=1 rethrow=0 return_oop=0}
                      ; - (reexecute) java.lang.StringConcatHelper::checkOverflow@2 (line 65)
                      ; - java.lang.StringConcatHelper::mix@23 (line 127)
                      ; - java.lang.StringConcatHelper::simpleConcat@46 (line 433)
                      ; - java.lang.String::concat@11 (line 2899)
                      ; - jdk.internal.loader.BuiltinClassLoader::isSealed@14 (line 992)
                      ; - jdk.internal.loader.BuiltinClassLoader::getAndVerifyPackage@70 (line 911)
                      ; - jdk.internal.loader.BuiltinClassLoader::defineOrCheckPackage@4 (line 877)
                      ; - jdk.internal.loader.ClassLoaders$AppClassLoader::defineOrCheckPackage@4 (line 211)
                      ; - jdk.internal.loader.BuiltinClassLoader::defineClass@40 (line 849)
  0x00000233a548d83c: c06d 6cff 

  0x00000233a548d840: ;   {other}
  0x00000233a548d840: 0f1f 8400 | b07d 00a2 | ba45 ffff | ff4c 8b94 | 2480 0000 | 004c 8954 | 2420 4c8b | 5424 384c 
  0x00000233a548d860: 8954 2428 | 4c8b 5424 | 704c 8954 | 2430 448b | 5c24 7844 | 895c 243c 

  0x00000233a548d878: ;   {runtime_call UncommonTrapBlob}
  0x00000233a548d878: c5f8 77e8 

  0x00000233a548d87c: ; ImmutableOopMap {[32]=Oop [40]=Oop [48]=Oop [60]=NarrowOop [88]=Oop [96]=Oop [104]=Oop [124]=NarrowOop [144]=Oop }
                      ;*iflt {reexecute=1 rethrow=0 return_oop=0}
                      ; - (reexecute) java.lang.StringConcatHelper::checkOverflow@2 (line 65)
                      ; - java.lang.StringConcatHelper::mix@23 (line 127)
                      ; - java.lang.StringConcatHelper::simpleConcat@54 (line 434)
                      ; - java.lang.String::concat@11 (line 2899)
                      ; - jdk.internal.loader.BuiltinClassLoader::isSealed@14 (line 992)
                      ; - jdk.internal.loader.BuiltinClassLoader::getAndVerifyPackage@70 (line 911)
                      ; - jdk.internal.loader.BuiltinClassLoader::defineOrCheckPackage@4 (line 877)
                      ; - jdk.internal.loader.ClassLoaders$AppClassLoader::defineOrCheckPackage@4 (line 211)
                      ; - jdk.internal.loader.BuiltinClassLoader::defineClass@40 (line 849)
  0x00000233a548d87c: 806d 6cff 

  0x00000233a548d880: ;   {other}
  0x00000233a548d880: 0f1f 8400 | f07d 00a3 | ba45 ffff | ff48 8bac | 2480 0000 | 004c 8b54 | 2438 4c89 | 5424 204c 
  0x00000233a548d8a0: 8b54 2470 | 4c89 5424 | 2844 8b54 | 2478 4489 | 5424 304c | 8b54 2458 | 4c89 5424 | 404c 8b54 
  0x00000233a548d8c0: 2468 4c89 | 5424 484c | 8b54 2460 | 4c89 5424 | 5844 8b5c | 247c 4489 | 5c24 704c | 8984 2488 
  0x00000233a548d8e0: 0000 0090 

  0x00000233a548d8e4: ;   {runtime_call UncommonTrapBlob}
  0x00000233a548d8e4: c5f8 77e8 

  0x00000233a548d8e8: ; ImmutableOopMap {rbp=Oop [32]=Oop [40]=Oop [48]=NarrowOop [64]=Oop [72]=Oop [88]=Oop [112]=NarrowOop [136]=Oop [144]=Oop }
                      ;*if_icmpne {reexecute=1 rethrow=0 return_oop=0}
                      ; - (reexecute) java.lang.String::getBytes@5 (line 4725)
                      ; - java.lang.StringConcatHelper::prepend@21 (line 324)
                      ; - java.lang.StringConcatHelper::simpleConcat@81 (line 439)
                      ; - java.lang.String::concat@11 (line 2899)
                      ; - jdk.internal.loader.BuiltinClassLoader::isSealed@14 (line 992)
                      ; - jdk.internal.loader.BuiltinClassLoader::getAndVerifyPackage@70 (line 911)
                      ; - jdk.internal.loader.BuiltinClassLoader::defineOrCheckPackage@4 (line 877)
                      ; - jdk.internal.loader.ClassLoaders$AppClassLoader::defineOrCheckPackage@4 (line 211)
                      ; - jdk.internal.loader.BuiltinClassLoader::defineClass@40 (line 849)
  0x00000233a548d8e8: 146d 6cff 

  0x00000233a548d8ec: ;   {other}
  0x00000233a548d8ec: 0f1f 8400 | 5c7e 00a4 | ba45 ffff | ff48 8bac | 2480 0000 | 004c 8b54 | 2438 4c89 | 5424 204c 
  0x00000233a548d90c: 8b54 2470 | 4c89 5424 | 2844 8b5c | 2478 4489 | 5c24 3448 | 8974 2450 | 4c8b 5424 | 604c 8954 
  0x00000233a548d92c: 2458 4889 | 4c24 6044 | 8b54 247c | 4489 5424 | 7066 6690 

  0x00000233a548d940: ;   {runtime_call UncommonTrapBlob}
  0x00000233a548d940: c5f8 77e8 

  0x00000233a548d944: ; ImmutableOopMap {rbp=Oop [32]=Oop [40]=Oop [52]=NarrowOop [80]=Oop [88]=Oop [96]=Oop [104]=Oop [112]=NarrowOop [144]=Oop }
                      ;*if_icmpne {reexecute=1 rethrow=0 return_oop=0}
                      ; - (reexecute) java.lang.StringConcatHelper::mix@13 (line 124)
                      ; - java.lang.StringConcatHelper::simpleConcat@46 (line 433)
                      ; - java.lang.String::concat@11 (line 2899)
                      ; - jdk.internal.loader.BuiltinClassLoader::isSealed@14 (line 992)
                      ; - jdk.internal.loader.BuiltinClassLoader::getAndVerifyPackage@70 (line 911)
                      ; - jdk.internal.loader.BuiltinClassLoader::defineOrCheckPackage@4 (line 877)
                      ; - jdk.internal.loader.ClassLoaders$AppClassLoader::defineOrCheckPackage@4 (line 211)
                      ; - jdk.internal.loader.BuiltinClassLoader::defineClass@40 (line 849)
  0x00000233a548d944: b86c 6cff 

  0x00000233a548d948: ;   {other}
  0x00000233a548d948: 0f1f 8400 | b87e 00a5 | ba45 ffff | ff48 8bac | 2480 0000 | 004c 8b54 | 2438 4c89 | 5424 204c 
  0x00000233a548d968: 8b54 2470 | 4c89 5424 | 2844 8b54 | 2478 4489 | 5424 3048 | 8974 2450 | 4c8b 5424 | 604c 8954 
  0x00000233a548d988: 2458 4889 | 4c24 6044 | 8b54 247c | 4489 5424 | 704c 898c | 2480 0000 | 0066 6690 

  0x00000233a548d9a4: ;   {runtime_call UncommonTrapBlob}
  0x00000233a548d9a4: c5f8 77e8 

  0x00000233a548d9a8: ; ImmutableOopMap {rbp=Oop [32]=Oop [40]=Oop [48]=NarrowOop [80]=Oop [88]=Oop [96]=Oop [104]=Oop [112]=NarrowOop [144]=Oop }
                      ;*ifge {reexecute=1 rethrow=0 return_oop=0}
                      ; - (reexecute) java.lang.StringConcatHelper::newArray@13 (line 508)
                      ; - java.lang.StringConcatHelper::simpleConcat@61 (line 435)
                      ; - java.lang.String::concat@11 (line 2899)
                      ; - jdk.internal.loader.BuiltinClassLoader::isSealed@14 (line 992)
                      ; - jdk.internal.loader.BuiltinClassLoader::getAndVerifyPackage@70 (line 911)
                      ; - jdk.internal.loader.BuiltinClassLoader::defineOrCheckPackage@4 (line 877)
                      ; - jdk.internal.loader.ClassLoaders$AppClassLoader::defineOrCheckPackage@4 (line 211)
                      ; - jdk.internal.loader.BuiltinClassLoader::defineClass@40 (line 849)
  0x00000233a548d9a8: 546c 6cff 

  0x00000233a548d9ac: ;   {other}
  0x00000233a548d9ac: 0f1f 8400 | 1c7f 00a6 | ba45 ffff | ff48 8bac | 2480 0000 | 004c 8b54 | 2438 4c89 | 5424 204c 
  0x00000233a548d9cc: 8b54 2470 | 4c89 5424 | 2844 8b5c | 2478 4489 | 5c24 3448 | 8974 2450 | 4c89 4c24 | 5848 894c 
  0x00000233a548d9ec: 2460 4889 | 4c24 6848 | 8944 2470 | 4489 4424 | 7866 6690 

  0x00000233a548da00: ;   {runtime_call UncommonTrapBlob}
  0x00000233a548da00: c5f8 77e8 

  0x00000233a548da04: ; ImmutableOopMap {rbp=Oop [32]=Oop [40]=Oop [52]=NarrowOop [80]=Oop [88]=Oop [96]=Oop [104]=Oop [112]=Oop }
                      ;*ifle {reexecute=1 rethrow=0 return_oop=0}
                      ; - (reexecute) java.util.HashMap::getNode@14 (line 575)
                      ; - java.util.HashMap::get@2 (line 564)
                      ; - java.util.jar.Manifest::getAttributes@5 (line 160)
                      ; - java.util.jar.Manifest::getTrustedAttributes@2 (line 177)
                      ; - java.util.jar.JavaUtilJarAccessImpl::getTrustedAttributes@2 (line 38)
                      ; - jdk.internal.loader.BuiltinClassLoader::isSealed@17 (line 992)
                      ; - jdk.internal.loader.BuiltinClassLoader::getAndVerifyPackage@70 (line 911)
                      ; - jdk.internal.loader.BuiltinClassLoader::defineOrCheckPackage@4 (line 877)
                      ; - jdk.internal.loader.ClassLoaders$AppClassLoader::defineOrCheckPackage@4 (line 211)
                      ; - jdk.internal.loader.BuiltinClassLoader::defineClass@40 (line 849)
  0x00000233a548da04: f86b 6cff 

  0x00000233a548da08: ;   {other}
  0x00000233a548da08: 0f1f 8400 | 787f 00a7 | ba45 ffff | ff48 8bac | 2480 0000 | 004c 8b5c | 2438 4c89 | 5c24 2044 
  0x00000233a548da28: 8b44 2478 | 4889 4c24 | 4844 8944 | 2434 4889 | 7424 504c | 894c 2458 | 4889 5c24 | 6044 8954 
  0x00000233a548da48: 2468 6690 

  0x00000233a548da4c: ;   {runtime_call UncommonTrapBlob}
  0x00000233a548da4c: c5f8 77e8 

  0x00000233a548da50: ; ImmutableOopMap {rbp=Oop [32]=Oop [52]=NarrowOop [72]=Oop [80]=Oop [88]=Oop [96]=Oop [112]=Oop [120]=NarrowOop }
                      ;*ifle {reexecute=1 rethrow=0 return_oop=0}
                      ; - (reexecute) java.util.HashMap::getNode@14 (line 575)
                      ; - java.util.LinkedHashMap::get@2 (line 536)
                      ; - java.util.jar.Attributes::get@5 (line 106)
                      ; - java.util.jar.Attributes::getValue@2 (line 142)
                      ; - jdk.internal.loader.BuiltinClassLoader::isSealed@57 (line 997)
                      ; - jdk.internal.loader.BuiltinClassLoader::getAndVerifyPackage@70 (line 911)
                      ; - jdk.internal.loader.BuiltinClassLoader::defineOrCheckPackage@4 (line 877)
                      ; - jdk.internal.loader.ClassLoaders$AppClassLoader::defineOrCheckPackage@4 (line 211)
                      ; - jdk.internal.loader.BuiltinClassLoader::defineClass@40 (line 849)
  0x00000233a548da50: ac6b 6cff 

  0x00000233a548da54: ;   {other}
  0x00000233a548da54: 0f1f 8400 | c47f 00a8 

  0x00000233a548da5c: ;   {metadata({type array byte})}
  0x00000233a548da5c: 418b eb48 | ba68 2200 | b233 0200 | 0045 33c0 

  0x00000233a548da6c: ;   {runtime_call _new_array_Java}
  0x00000233a548da6c: c5f8 77e8 

  0x00000233a548da70: ; ImmutableOopMap {[48]=Oop [56]=Oop [64]=Oop [72]=Oop [80]=NarrowOop [120]=NarrowOop [128]=Oop }
                      ;*newarray {reexecute=0 rethrow=0 return_oop=1}
                      ; - jdk.internal.loader.Resource::getBytes@30 (line 109)
                      ; - jdk.internal.loader.BuiltinClassLoader::defineClass@84 (line 859)
  0x00000233a548da70: 0c7f 78ff 

  0x00000233a548da74: ;   {other}
  0x00000233a548da74: 0f1f 8400 | e47f 00a9 | 4c8b c844 | 8bdd e911 | c8ff ff33 | ed85 c940 | 0f94 c5ba | 45ff ffff 
  0x00000233a548da94: 4c8b 5c24 | 384c 895c | 2428 4c8b | 5c24 704c | 895c 2430 | 4c89 4424 | 4044 8974 | 243c 4c89 
  0x00000233a548dab4: 4424 5848 | ff74 2468 | 488f 4424 | 6048 8974 | 2468 4489 | 7424 704c | 898c 2480 | 0000 0044 
  0x00000233a548dad4: 8954 2474 

  0x00000233a548dad8: ;   {runtime_call UncommonTrapBlob}
  0x00000233a548dad8: c5f8 77e8 

  0x00000233a548dadc: ; ImmutableOopMap {[40]=Oop [48]=Oop [60]=NarrowOop [64]=Oop [88]=Oop [96]=Oop [104]=Oop [112]=NarrowOop [116]=NarrowOop [128]=Oop }
                      ;*ifeq {reexecute=1 rethrow=0 return_oop=0}
                      ; - (reexecute) java.lang.String::hashCode@20 (line 2369)
                      ; - java.util.concurrent.ConcurrentHashMap::get@1 (line 936)
                      ; - java.lang.ClassLoader::getDefinedPackage@13 (line 2263)
                      ; - jdk.internal.loader.BuiltinClassLoader::getAndVerifyPackage@2 (line 902)
                      ; - jdk.internal.loader.BuiltinClassLoader::defineOrCheckPackage@4 (line 877)
                      ; - jdk.internal.loader.ClassLoaders$AppClassLoader::defineOrCheckPackage@4 (line 211)
                      ; - jdk.internal.loader.BuiltinClassLoader::defineClass@40 (line 849)
  0x00000233a548dadc: 206b 6cff 

  0x00000233a548dae0: ;   {other}
  0x00000233a548dae0: 0f1f 8400 | 5080 00aa | 4c89 6c24 | 5044 8954 | 2458 897c | 245c 4889 | 7424 6844 | 895c 2460 
  0x00000233a548db00: 4889 5424 | 3044 894c | 2440 418b | e889 5c24 | 4448 8944 | 2420 4889 | 8c24 8800 

  0x00000233a548db1c: ;   {metadata({type array byte})}
  0x00000233a548db1c: 0000 48ba | 6822 00b2 | 3302 0000 | 448b c590 

  0x00000233a548db2c: ;   {runtime_call _new_array_nozero_Java}
  0x00000233a548db2c: c5f8 77e8 

  0x00000233a548db30: ; ImmutableOopMap {[48]=Oop [56]=Oop [72]=Oop [80]=Oop [88]=NarrowOop [104]=Oop [32]=Derived_oop_[104] [112]=Oop [120]=NarrowOop [128]=Oop }
                      ;*invokevirtual clone {reexecute=1 rethrow=0 return_oop=1}
                      ; - (reexecute) java.util.Arrays::copyOf@7 (line 3539)
                      ; - jdk.internal.loader.Resource::getBytes@94 (line 120)
                      ; - jdk.internal.loader.URLClassPath$JarLoader$2::getBytes@1 (line 862)
                      ; - jdk.internal.loader.BuiltinClassLoader::defineClass@84 (line 859)
  0x00000233a548db30: cc7a 78ff 

  0x00000233a548db34: ;   {other}
  0x00000233a548db34: 0f1f 8400 | a480 00ab | 4c8b c090 | e9c9 caff | ffba 45ff | ffff 488b | 4c24 3848 | 894c 2428 
  0x00000233a548db54: 488b 4c24 | 7048 894c | 2430 4c89 | 4424 4044 | 8974 243c | 4c89 4424 | 5848 ff74 | 2468 488f 
  0x00000233a548db74: 4424 6048 | 8974 2468 | 4489 7424 | 704c 898c | 2480 0000 | 0044 895c | 2474 4489 | 9424 9000 
  0x00000233a548db94: 0000 6690 

  0x00000233a548db98: ;   {runtime_call UncommonTrapBlob}
  0x00000233a548db98: c5f8 77e8 

  0x00000233a548db9c: ; ImmutableOopMap {[40]=Oop [48]=Oop [60]=NarrowOop [64]=Oop [88]=Oop [96]=Oop [104]=Oop [112]=NarrowOop [116]=NarrowOop [128]=Oop }
                      ;*ifge {reexecute=1 rethrow=0 return_oop=0}
                      ; - (reexecute) java.util.concurrent.ConcurrentHashMap::get@86 (line 943)
                      ; - java.lang.ClassLoader::getDefinedPackage@13 (line 2263)
                      ; - jdk.internal.loader.BuiltinClassLoader::getAndVerifyPackage@2 (line 902)
                      ; - jdk.internal.loader.BuiltinClassLoader::defineOrCheckPackage@4 (line 877)
                      ; - jdk.internal.loader.ClassLoaders$AppClassLoader::defineOrCheckPackage@4 (line 211)
                      ; - jdk.internal.loader.BuiltinClassLoader::defineClass@40 (line 849)
  0x00000233a548db9c: 606a 6cff 

  0x00000233a548dba0: ;   {other}
  0x00000233a548dba0: 0f1f 8400 | 1081 00ac | ba45 ffff | ff48 8b4c | 2438 4889 | 4c24 2048 | 8b4c 2470 | 4889 4c24 
  0x00000233a548dbc0: 284c 8944 | 2438 4489 | 7424 344c | 8944 2450 | 48ff 7424 | 6848 8f44 | 2458 4889 | 7424 6044 
  0x00000233a548dbe0: 8974 2468 | 4c89 4c24 | 7844 895c | 246c 4489 | 9424 8c00 | 0000 89bc | 2490 0000 | 0066 6690 
  0x00000233a548dc00: ;   {runtime_call UncommonTrapBlob}
  0x00000233a548dc00: c5f8 77e8 

  0x00000233a548dc04: ; ImmutableOopMap {[32]=Oop [40]=Oop [52]=NarrowOop [56]=Oop [80]=Oop [88]=Oop [96]=Oop [104]=NarrowOop [108]=NarrowOop [120]=Oop [144]=NarrowOop }
                      ;*ifnull {reexecute=1 rethrow=0 return_oop=0}
                      ; - (reexecute) java.util.concurrent.ConcurrentHashMap::get@67 (line 940)
                      ; - java.lang.ClassLoader::getDefinedPackage@13 (line 2263)
                      ; - jdk.internal.loader.BuiltinClassLoader::getAndVerifyPackage@2 (line 902)
                      ; - jdk.internal.loader.BuiltinClassLoader::defineOrCheckPackage@4 (line 877)
                      ; - jdk.internal.loader.ClassLoaders$AppClassLoader::defineOrCheckPackage@4 (line 211)
                      ; - jdk.internal.loader.BuiltinClassLoader::defineClass@40 (line 849)
  0x00000233a548dc04: f869 6cff 

  0x00000233a548dc08: ;   {other}
  0x00000233a548dc08: 0f1f 8400 | 7881 00ad | ba45 ffff | ff4c 8b9c | 2480 0000 | 004c 895c | 2420 4c8b | 5c24 384c 
  0x00000233a548dc28: 895c 2428 | 4c8b 5c24 | 704c 895c | 2430 4489 | 7424 3c48 | 8974 2460 | 4489 7424 | 7048 89b4 
  0x00000233a548dc48: 2480 0000 | 0044 8994 | 2490 0000 | 0044 8984 | 2494 0000 | 0066 6690 

  0x00000233a548dc60: ;   {runtime_call UncommonTrapBlob}
  0x00000233a548dc60: c5f8 77e8 

  0x00000233a548dc64: ; ImmutableOopMap {[32]=Oop [40]=Oop [48]=Oop [60]=NarrowOop [96]=Oop [104]=Oop [112]=NarrowOop [128]=Oop [144]=NarrowOop [152]=NarrowOop }
                      ;*ifge {reexecute=1 rethrow=0 return_oop=0}
                      ; - (reexecute) java.util.concurrent.ConcurrentHashMap::get@86 (line 943)
                      ; - java.lang.ClassLoader::definePackage@47 (line 2125)
                      ; - java.lang.ClassLoader::getDefinedPackage@32 (line 2267)
                      ; - jdk.internal.loader.BuiltinClassLoader::getAndVerifyPackage@2 (line 902)
                      ; - jdk.internal.loader.BuiltinClassLoader::defineOrCheckPackage@4 (line 877)
                      ; - jdk.internal.loader.ClassLoaders$AppClassLoader::defineOrCheckPackage@4 (line 211)
                      ; - jdk.internal.loader.BuiltinClassLoader::defineClass@40 (line 849)
  0x00000233a548dc64: 9869 6cff 

  0x00000233a548dc68: ;   {other}
  0x00000233a548dc68: 0f1f 8400 | d881 00ae | 4c89 4c24 | 2041 8beb 

  0x00000233a548dc78: ;   {metadata('java/io/FileInputStream')}
  0x00000233a548dc78: 48ba f817 | 01b2 3302 | 0000 6690 

  0x00000233a548dc84: ;   {runtime_call _new_instance_Java}
  0x00000233a548dc84: c5f8 77e8 

  0x00000233a548dc88: ; ImmutableOopMap {[32]=Oop [56]=Oop [72]=Oop [112]=Oop [120]=NarrowOop [128]=Oop }
                      ;*new {reexecute=0 rethrow=0 return_oop=1}
                      ; - jdk.internal.loader.URLClassPath$FileLoader$1::getInputStream@0 (line 1119)
                      ; - jdk.internal.loader.Resource::cachedInputStream@9 (line 77)
                      ; - jdk.internal.loader.Resource::getByteBuffer@1 (line 163)
                      ; - jdk.internal.loader.BuiltinClassLoader::defineClass@45 (line 853)
  0x00000233a548dc88: f47f 78ff 

  0x00000233a548dc8c: ;   {other}
  0x00000233a548dc8c: 0f1f 8400 | fc81 00af | 448b dd4c | 8b4c 2420 | 0f1f 4000 | e956 cdff | ff48 895c | 2440 4c89 
  0x00000233a548dcac: 4c24 3044 | 895c 2420 

  0x00000233a548dcb4: ;   {metadata('java/lang/Object')}
  0x00000233a548dcb4: 48ba 700e | 00b2 3302 | 0000 6690 

  0x00000233a548dcc0: ;   {runtime_call _new_instance_Java}
  0x00000233a548dcc0: c5f8 77e8 

  0x00000233a548dcc4: ; ImmutableOopMap {rbp=NarrowOop [48]=Oop [56]=Oop [64]=Oop [72]=Oop [112]=Oop [120]=NarrowOop [128]=Oop }
                      ;*new {reexecute=0 rethrow=0 return_oop=1}
                      ; - java.io.FileInputStream::<init>@5 (line 74)
                      ; - jdk.internal.loader.URLClassPath$FileLoader$1::getInputStream@8 (line 1119)
                      ; - jdk.internal.loader.Resource::cachedInputStream@9 (line 77)
                      ; - jdk.internal.loader.Resource::getByteBuffer@1 (line 163)
                      ; - jdk.internal.loader.BuiltinClassLoader::defineClass@45 (line 853)
  0x00000233a548dcc4: b87f 78ff 

  0x00000233a548dcc8: ;   {other}
  0x00000233a548dcc8: 0f1f 8400 | 3882 00b0 | 448b 5c24 | 204c 8b4c | 2430 488b | 5c24 4090 | e959 cdff 

  0x00000233a548dce4: ;   {metadata('java/io/FileDescriptor')}
  0x00000233a548dce4: ff48 ba80 | 2201 b233 | 0200 0090 

  0x00000233a548dcf0: ;   {runtime_call _new_instance_Java}
  0x00000233a548dcf0: c5f8 77e8 

  0x00000233a548dcf4: ; ImmutableOopMap {rbp=Oop [56]=Oop [64]=Oop [72]=Oop [80]=Oop [112]=Oop [120]=NarrowOop [128]=Oop }
                      ;*new {reexecute=0 rethrow=0 return_oop=1}
                      ; - java.io.FileInputStream::<init>@71 (line 149)
                      ; - jdk.internal.loader.URLClassPath$FileLoader$1::getInputStream@8 (line 1119)
                      ; - jdk.internal.loader.Resource::cachedInputStream@9 (line 77)
                      ; - jdk.internal.loader.Resource::getByteBuffer@1 (line 163)
                      ; - jdk.internal.loader.BuiltinClassLoader::defineClass@45 (line 853)
  0x00000233a548dcf4: 887f 78ff 

  0x00000233a548dcf8: ;   {other}
  0x00000233a548dcf8: 0f1f 8400 | 6882 00b1 | 4c8b c8e9 | 31ce ffff | 4c89 4424 | 4048 897c | 2430 4c8b | 5424 704c 
  0x00000233a548dd18: 8954 2420 

  0x00000233a548dd1c: ;   {metadata('java/lang/Object')}
  0x00000233a548dd1c: 48ba 700e | 00b2 3302 | 0000 6690 

  0x00000233a548dd28: ;   {runtime_call _new_instance_Java}
  0x00000233a548dd28: c5f8 77e8 

  0x00000233a548dd2c: ; ImmutableOopMap {rbp=NarrowOop [32]=Oop [48]=Oop [56]=Oop [64]=Oop [72]=Oop [120]=NarrowOop [128]=Oop }
                      ;*new {reexecute=0 rethrow=0 return_oop=1}
                      ; - java.io.FileInputStream::<init>@5 (line 74)
                      ; - jdk.internal.loader.URLClassPath$FileLoader$1::getInputStream@8 (line 1119)
                      ; - jdk.internal.loader.Resource::cachedInputStream@9 (line 77)
                      ; - jdk.internal.loader.Resource::getBytes@1 (line 89)
                      ; - jdk.internal.loader.BuiltinClassLoader::defineClass@84 (line 859)
  0x00000233a548dd2c: 507f 78ff 

  0x00000233a548dd30: ;   {other}
  0x00000233a548dd30: 0f1f 8400 | a082 00b2 | 4c8b 5424 | 204c 8954 | 2470 488b | 7c24 304c | 8b44 2440 | e987 c1ff 
  0x00000233a548dd50: ff48 897c | 2430 488b 

  0x00000233a548dd58: ;   {metadata('java/io/FileInputStream')}
  0x00000233a548dd58: 6c24 7048 | baf8 1701 | b233 0200 | 0066 6690 

  0x00000233a548dd68: ;   {runtime_call _new_instance_Java}
  0x00000233a548dd68: c5f8 77e8 

  0x00000233a548dd6c: ; ImmutableOopMap {rbp=Oop [48]=Oop [56]=Oop [72]=Oop [120]=NarrowOop [128]=Oop }
                      ;*new {reexecute=0 rethrow=0 return_oop=1}
                      ; - jdk.internal.loader.URLClassPath$FileLoader$1::getInputStream@0 (line 1119)
                      ; - jdk.internal.loader.Resource::cachedInputStream@9 (line 77)
                      ; - jdk.internal.loader.Resource::getBytes@1 (line 89)
                      ; - jdk.internal.loader.BuiltinClassLoader::defineClass@84 (line 859)
  0x00000233a548dd6c: 107f 78ff 

  0x00000233a548dd70: ;   {other}
  0x00000233a548dd70: 0f1f 8400 | e082 00b3 | 4889 6c24 | 7048 8b7c | 2430 e90f 

  0x00000233a548dd84: ;   {metadata('java/io/FileDescriptor')}
  0x00000233a548dd84: c1ff ff48 | ba80 2201 | b233 0200 | 0066 6690 

  0x00000233a548dd94: ;   {runtime_call _new_instance_Java}
  0x00000233a548dd94: c5f8 77e8 

  0x00000233a548dd98: ; ImmutableOopMap {rbp=Oop [32]=Oop [48]=Oop [56]=Oop [64]=Oop [72]=Oop [120]=NarrowOop [128]=Oop }
                      ;*new {reexecute=0 rethrow=0 return_oop=1}
                      ; - java.io.FileInputStream::<init>@71 (line 149)
                      ; - jdk.internal.loader.URLClassPath$FileLoader$1::getInputStream@8 (line 1119)
                      ; - jdk.internal.loader.Resource::cachedInputStream@9 (line 77)
                      ; - jdk.internal.loader.Resource::getBytes@1 (line 89)
                      ; - jdk.internal.loader.BuiltinClassLoader::defineClass@84 (line 859)
  0x00000233a548dd98: e47e 78ff 

  0x00000233a548dd9c: ;   {other}
  0x00000233a548dd9c: 0f1f 8400 | 0c83 00b4 | 4c8b c8e9 | 2dc2 ffff | ba45 ffff | ff48 8bac | 2480 0000 | 004c 8b4c 
  0x00000233a548ddbc: 2438 4c89 | 4c24 204c | 8b4c 2470 | 4c89 4c24 | 284c 8b4c | 2468 4c89 | 4c24 4844 | 8974 2434 
  0x00000233a548dddc: 4889 7424 | 5844 8974 | 2468 4889 | 7424 7844 | 8994 2488 | 0000 0044 | 8984 2490 | 0000 0044 
  0x00000233a548ddfc: 899c 2494 | 0000 0090 

  0x00000233a548de04: ;   {runtime_call UncommonTrapBlob}
  0x00000233a548de04: c5f8 77e8 

  0x00000233a548de08: ; ImmutableOopMap {rbp=Oop [32]=Oop [40]=Oop [52]=NarrowOop [72]=Oop [88]=Oop [104]=NarrowOop [120]=Oop [136]=NarrowOop [148]=NarrowOop [152]=NarrowOop }
                      ;*ifnull {reexecute=1 rethrow=0 return_oop=0}
                      ; - (reexecute) java.util.concurrent.ConcurrentHashMap::get@67 (line 940)
                      ; - java.lang.ClassLoader::definePackage@47 (line 2125)
                      ; - java.lang.ClassLoader::getDefinedPackage@32 (line 2267)
                      ; - jdk.internal.loader.BuiltinClassLoader::getAndVerifyPackage@2 (line 902)
                      ; - jdk.internal.loader.BuiltinClassLoader::defineOrCheckPackage@4 (line 877)
                      ; - jdk.internal.loader.ClassLoaders$AppClassLoader::defineOrCheckPackage@4 (line 211)
                      ; - jdk.internal.loader.BuiltinClassLoader::defineClass@40 (line 849)
  0x00000233a548de08: f467 6cff 

  0x00000233a548de0c: ;   {other}
  0x00000233a548de0c: 0f1f 8400 | 7c83 00b5 | 33ed 85c9 | 400f 94c5 | ba45 ffff | ff4c 8b54 | 2438 4c89 | 5424 284c 
  0x00000233a548de2c: 8b54 2470 | 4c89 5424 | 304c 8944 | 2440 4489 | 7424 3c4c | 8944 2458 | 4889 7424 | 6044 8974 
  0x00000233a548de4c: 2470 4889 | b424 8000 | 0000 448b | 8424 9800 | 0000 4489 | 4424 7444 | 899c 2498 | 0000 0090 
  0x00000233a548de6c: ;   {runtime_call UncommonTrapBlob}
  0x00000233a548de6c: c5f8 77e8 

  0x00000233a548de70: ; ImmutableOopMap {[40]=Oop [48]=Oop [60]=NarrowOop [64]=Oop [88]=Oop [96]=Oop [104]=Oop [112]=NarrowOop [116]=NarrowOop [128]=Oop [152]=NarrowOop }
                      ;*ifeq {reexecute=1 rethrow=0 return_oop=0}
                      ; - (reexecute) java.lang.String::hashCode@20 (line 2369)
                      ; - java.util.concurrent.ConcurrentHashMap::get@1 (line 936)
                      ; - java.lang.ClassLoader::definePackage@47 (line 2125)
                      ; - java.lang.ClassLoader::getDefinedPackage@32 (line 2267)
                      ; - jdk.internal.loader.BuiltinClassLoader::getAndVerifyPackage@2 (line 902)
                      ; - jdk.internal.loader.BuiltinClassLoader::defineOrCheckPackage@4 (line 877)
                      ; - jdk.internal.loader.ClassLoaders$AppClassLoader::defineOrCheckPackage@4 (line 211)
                      ; - jdk.internal.loader.BuiltinClassLoader::defineClass@40 (line 849)
  0x00000233a548de70: 8c67 6cff 

  0x00000233a548de74: ;   {other}
  0x00000233a548de74: 0f1f 8400 | e483 00b6 | 33ed 85db | 400f 94c5 | ba45 ffff | ff4c 8b94 | 2480 0000 | 004c 8954 
  0x00000233a548de94: 2420 4c8b | 5424 384c | 8954 2428 | 4c8b 5424 | 704c 8954 | 2430 8b5c | 2478 895c | 243c 4889 
  0x00000233a548deb4: 7424 584c | 894c 2460 | 4889 4c24 | 6848 894c | 2470 4889 | 8424 8000 | 0000 4489 | 9c24 8800 
  0x00000233a548ded4: 0000 4489 | 8424 8c00 | 0000 4889 | 8424 9000 | 0000 6690 

  0x00000233a548dee8: ;   {runtime_call UncommonTrapBlob}
  0x00000233a548dee8: c5f8 77e8 

  0x00000233a548deec: ; ImmutableOopMap {[32]=Oop [40]=Oop [48]=Oop [60]=NarrowOop [88]=Oop [96]=Oop [104]=Oop [112]=Oop [128]=Oop [136]=NarrowOop [144]=Oop }
                      ;*ifeq {reexecute=1 rethrow=0 return_oop=0}
                      ; - (reexecute) java.lang.String::hashCode@20 (line 2369)
                      ; - java.util.HashMap::hash@9 (line 338)
                      ; - java.util.HashMap::getNode@23 (line 576)
                      ; - java.util.HashMap::get@2 (line 564)
                      ; - java.util.jar.Manifest::getAttributes@5 (line 160)
                      ; - java.util.jar.Manifest::getTrustedAttributes@2 (line 177)
                      ; - java.util.jar.JavaUtilJarAccessImpl::getTrustedAttributes@2 (line 38)
                      ; - jdk.internal.loader.BuiltinClassLoader::isSealed@17 (line 992)
                      ; - jdk.internal.loader.BuiltinClassLoader::getAndVerifyPackage@70 (line 911)
                      ; - jdk.internal.loader.BuiltinClassLoader::defineOrCheckPackage@4 (line 877)
                      ; - jdk.internal.loader.ClassLoaders$AppClassLoader::defineOrCheckPackage@4 (line 211)
                      ; - jdk.internal.loader.BuiltinClassLoader::defineClass@40 (line 849)
  0x00000233a548deec: 1067 6cff 

  0x00000233a548def0: ;   {other}
  0x00000233a548def0: 0f1f 8400 | 6084 00b7 | ba45 ffff | ff4c 8b94 | 2480 0000 | 004c 8954 | 2420 4c8b | 5424 384c 
  0x00000233a548df10: 8954 2428 | 4c8b 5424 | 704c 8954 | 2430 448b | 5424 7844 | 8954 2438 | 4889 7424 | 6048 89b4 
  0x00000233a548df30: 2480 0000 | 0044 8b94 | 2498 0000 | 0044 8954 | 2474 4c89 | 8c24 9000 | 0000 4489 | 8424 9800 
  0x00000233a548df50: 0000 6690 

  0x00000233a548df54: ;   {runtime_call UncommonTrapBlob}
  0x00000233a548df54: c5f8 77e8 

  0x00000233a548df58: ; ImmutableOopMap {rbp=NarrowOop [32]=Oop [40]=Oop [48]=Oop [56]=NarrowOop [96]=Oop [104]=Oop [116]=NarrowOop [128]=Oop [144]=Oop }
                      ;*ifnull {reexecute=1 rethrow=0 return_oop=0}
                      ; - (reexecute) java.util.concurrent.ConcurrentHashMap::get@143 (line 946)
                      ; - java.lang.ClassLoader::definePackage@47 (line 2125)
                      ; - java.lang.ClassLoader::getDefinedPackage@32 (line 2267)
                      ; - jdk.internal.loader.BuiltinClassLoader::getAndVerifyPackage@2 (line 902)
                      ; - jdk.internal.loader.BuiltinClassLoader::defineOrCheckPackage@4 (line 877)
                      ; - jdk.internal.loader.ClassLoaders$AppClassLoader::defineOrCheckPackage@4 (line 211)
                      ; - jdk.internal.loader.BuiltinClassLoader::defineClass@40 (line 849)
  0x00000233a548df58: a466 6cff 

  0x00000233a548df5c: ;   {other}
  0x00000233a548df5c: 0f1f 8400 | cc84 00b8 | ba45 ffff | ff48 8b6c | 2430 4c8b | 5424 384c | 8954 2420 | 4c8b 5424 
  0x00000233a548df7c: 704c 8954 | 2428 448b | 5c24 784c | 8b54 2458 | 4c89 5424 | 4844 895c | 2434 4489 | 5c24 6889 
  0x00000233a548df9c: 8424 8c00 | 0000 6690 

  0x00000233a548dfa4: ;   {runtime_call UncommonTrapBlob}
  0x00000233a548dfa4: c5f8 77e8 

  0x00000233a548dfa8: ; ImmutableOopMap {rbp=Oop [32]=Oop [40]=Oop [52]=NarrowOop [64]=Oop [72]=Oop [104]=NarrowOop [144]=Oop [152]=NarrowOop }
                      ;*ifeq {reexecute=1 rethrow=0 return_oop=0}
                      ; - (reexecute) java.util.concurrent.ConcurrentHashMap::get@152 (line 947)
                      ; - java.lang.ClassLoader::definePackage@47 (line 2125)
                      ; - java.lang.ClassLoader::getDefinedPackage@32 (line 2267)
                      ; - jdk.internal.loader.BuiltinClassLoader::getAndVerifyPackage@2 (line 902)
                      ; - jdk.internal.loader.BuiltinClassLoader::defineOrCheckPackage@4 (line 877)
                      ; - jdk.internal.loader.ClassLoaders$AppClassLoader::defineOrCheckPackage@4 (line 211)
                      ; - jdk.internal.loader.BuiltinClassLoader::defineClass@40 (line 849)
  0x00000233a548dfa8: 5466 6cff 

  0x00000233a548dfac: ;   {other}
  0x00000233a548dfac: 0f1f 8400 | 1c85 00b9 | bade ffff | ff4c 8b94 | 2480 0000 | 004c 8954 | 2420 4c8b | 5424 384c 
  0x00000233a548dfcc: 8954 2428 | 448b 5424 | 7844 8954 | 2438 4889 | 7424 584c | 894c 2460 | 4889 4c24 | 6866 6690 
  0x00000233a548dfec: ;   {runtime_call UncommonTrapBlob}
  0x00000233a548dfec: c5f8 77e8 

  0x00000233a548dff0: ; ImmutableOopMap {rbp=NarrowOop [32]=Oop [40]=Oop [56]=NarrowOop [88]=Oop [96]=Oop [104]=Oop [112]=Oop }
                      ;*invokeinterface get {reexecute=0 rethrow=0 return_oop=0}
                      ; - java.util.jar.Attributes::get@5 (line 106)
                      ; - java.util.jar.Attributes::getValue@2 (line 142)
                      ; - jdk.internal.loader.BuiltinClassLoader::isSealed@34 (line 995)
                      ; - jdk.internal.loader.BuiltinClassLoader::getAndVerifyPackage@70 (line 911)
                      ; - jdk.internal.loader.BuiltinClassLoader::defineOrCheckPackage@4 (line 877)
                      ; - jdk.internal.loader.ClassLoaders$AppClassLoader::defineOrCheckPackage@4 (line 211)
                      ; - jdk.internal.loader.BuiltinClassLoader::defineClass@40 (line 849)
  0x00000233a548dff0: 0c66 6cff 

  0x00000233a548dff4: ;   {other}
  0x00000233a548dff4: 0f1f 8400 | 6485 00ba | ba45 ffff | ff4c 8b5c | 2438 4c89 | 5c24 284c | 8b5c 2470 | 4c89 5c24 
  0x00000233a548e014: 304c 8944 | 2440 4489 | 7424 3c4c | 8944 2458 | 4c89 4c24 | 6048 8974 | 2468 4489 | 7424 704c 
  0x00000233a548e034: 898c 2480 | 0000 0048 | 899c 2490 | 0000 0044 | 8954 2474 

  0x00000233a548e048: ;   {runtime_call UncommonTrapBlob}
  0x00000233a548e048: c5f8 77e8 

  0x00000233a548e04c: ; ImmutableOopMap {rbp=NarrowOop [40]=Oop [48]=Oop [60]=NarrowOop [64]=Oop [88]=Oop [96]=Oop [104]=Oop [112]=NarrowOop [128]=Oop [144]=Oop }
                      ;*ifnull {reexecute=1 rethrow=0 return_oop=0}
                      ; - (reexecute) java.util.concurrent.ConcurrentHashMap::get@143 (line 946)
                      ; - java.lang.ClassLoader::getDefinedPackage@13 (line 2263)
                      ; - jdk.internal.loader.BuiltinClassLoader::getAndVerifyPackage@2 (line 902)
                      ; - jdk.internal.loader.BuiltinClassLoader::defineOrCheckPackage@4 (line 877)
                      ; - jdk.internal.loader.ClassLoaders$AppClassLoader::defineOrCheckPackage@4 (line 211)
                      ; - jdk.internal.loader.BuiltinClassLoader::defineClass@40 (line 849)
  0x00000233a548e04c: b065 6cff 

  0x00000233a548e050: ;   {other}
  0x00000233a548e050: 0f1f 8400 | c085 00bb | ba45 ffff | ff4c 8b54 | 2458 4c89 | 5424 4089 | 8424 9000 | 0000 6690 
  0x00000233a548e070: ;   {runtime_call UncommonTrapBlob}
  0x00000233a548e070: c5f8 77e8 

  0x00000233a548e074: ; ImmutableOopMap {rbp=Oop [32]=Oop [40]=Oop [48]=NarrowOop [64]=Oop [96]=Oop [136]=Oop }
                      ;*ifeq {reexecute=1 rethrow=0 return_oop=0}
                      ; - (reexecute) java.util.concurrent.ConcurrentHashMap::get@152 (line 947)
                      ; - java.lang.ClassLoader::getDefinedPackage@13 (line 2263)
                      ; - jdk.internal.loader.BuiltinClassLoader::getAndVerifyPackage@2 (line 902)
                      ; - jdk.internal.loader.BuiltinClassLoader::defineOrCheckPackage@4 (line 877)
                      ; - jdk.internal.loader.ClassLoaders$AppClassLoader::defineOrCheckPackage@4 (line 211)
                      ; - jdk.internal.loader.BuiltinClassLoader::defineClass@40 (line 849)
  0x00000233a548e074: 8865 6cff 

  0x00000233a548e078: ;   {other}
  0x00000233a548e078: 0f1f 8400 | e885 00bc | ba45 ffff | ff48 8bac | 2480 0000 | 004c 8b5c | 2438 4c89 | 5c24 204c 
  0x00000233a548e098: 8b5c 2470 | 4c89 5c24 | 2844 8b5c | 2478 4489 | 5c24 3048 | 8974 2450 | 4c89 4c24 | 5848 894c 
  0x00000233a548e0b8: 2460 4889 | 4c24 6848 | 8944 2478 | 899c 2480 | 0000 0044 | 8994 2484 | 0000 0090 

  0x00000233a548e0d4: ;   {runtime_call UncommonTrapBlob}
  0x00000233a548e0d4: c5f8 77e8 

  0x00000233a548e0d8: ; ImmutableOopMap {rbp=Oop [32]=Oop [40]=Oop [48]=NarrowOop [80]=Oop [88]=Oop [96]=Oop [104]=Oop [120]=Oop [128]=NarrowOop }
                      ;*ifeq {reexecute=1 rethrow=0 return_oop=0}
                      ; - (reexecute) java.util.HashMap::getNode@85 (line 581)
                      ; - java.util.HashMap::get@2 (line 564)
                      ; - java.util.jar.Manifest::getAttributes@5 (line 160)
                      ; - java.util.jar.Manifest::getTrustedAttributes@2 (line 177)
                      ; - java.util.jar.JavaUtilJarAccessImpl::getTrustedAttributes@2 (line 38)
                      ; - jdk.internal.loader.BuiltinClassLoader::isSealed@17 (line 992)
                      ; - jdk.internal.loader.BuiltinClassLoader::getAndVerifyPackage@70 (line 911)
                      ; - jdk.internal.loader.BuiltinClassLoader::defineOrCheckPackage@4 (line 877)
                      ; - jdk.internal.loader.ClassLoaders$AppClassLoader::defineOrCheckPackage@4 (line 211)
                      ; - jdk.internal.loader.BuiltinClassLoader::defineClass@40 (line 849)
  0x00000233a548e0d8: 2465 6cff 

  0x00000233a548e0dc: ;   {other}
  0x00000233a548e0dc: 0f1f 8400 | 4c86 00bd | ba45 ffff | ff4c 8b94 | 2480 0000 | 004c 8954 | 2420 4c8b | 5424 384c 
  0x00000233a548e0fc: 8954 2428 | 4c8b 5424 | 704c 8954 | 2430 448b | 5424 7844 | 8954 2438 | 4889 4c24 | 5048 8974 
  0x00000233a548e11c: 2458 4c89 | 4c24 6048 | 895c 2468 | 4489 4424 | 7066 6690 

  0x00000233a548e130: ;   {runtime_call UncommonTrapBlob}
  0x00000233a548e130: c5f8 77e8 

  0x00000233a548e134: ; ImmutableOopMap {rbp=NarrowOop [32]=Oop [40]=Oop [48]=Oop [56]=NarrowOop [80]=Oop [88]=Oop [96]=Oop [104]=Oop }
                      ;*ifeq {reexecute=1 rethrow=0 return_oop=0}
                      ; - (reexecute) java.util.HashMap::getNode@85 (line 581)
                      ; - java.util.LinkedHashMap::get@2 (line 536)
                      ; - java.util.jar.Attributes::get@5 (line 106)
                      ; - java.util.jar.Attributes::getValue@2 (line 142)
                      ; - jdk.internal.loader.BuiltinClassLoader::isSealed@57 (line 997)
                      ; - jdk.internal.loader.BuiltinClassLoader::getAndVerifyPackage@70 (line 911)
                      ; - jdk.internal.loader.BuiltinClassLoader::defineOrCheckPackage@4 (line 877)
                      ; - jdk.internal.loader.ClassLoaders$AppClassLoader::defineOrCheckPackage@4 (line 211)
                      ; - jdk.internal.loader.BuiltinClassLoader::defineClass@40 (line 849)
  0x00000233a548e134: c864 6cff 

  0x00000233a548e138: ;   {other}
  0x00000233a548e138: 0f1f 8400 | a886 00be | 41c6 430c | 01f0 8344 | 24c0 0048 | 8d84 24d0 | 0000 0048 | 8338 000f 
  0x00000233a548e158: 8479 0000 | 004d 8b10 | 41f6 c202 | 0f84 6200 | 0000 4983 | ba86 0000 | 0000 7409 | 49ff 8a86 
  0x00000233a548e178: 0000 00eb | 4b49 8b82 | 9600 0000 | 490b 828e | 0000 0075 | 0a49 c742 | 3e00 0000 | 00eb 3d49 
  0x00000233a548e198: 83ba 9e00 | 0000 0074 | 2248 33c0 | 49c7 423e | 0000 0000 | f083 0424 | 0049 83ba | 9e00 0000 
  0x00000233a548e1b8: 0075 0df0 | 4d0f b17a | 3e75 0583 | c801 eb0c | a800 eb08 | 4c8b 10f0 | 4d0f b110 | 750a 49ff 
  0x00000233a548e1d8: 8f48 0500 | 0045 33d2 | 0f85 0e12 | 0000 458b | 4318 4585 | c074 2449 | 8beb 8974 | 2440 498b 
  0x00000233a548e1f8: d066 6690 

  0x00000233a548e1fc: ;   {optimized virtual_call}
  0x00000233a548e1fc: c5f8 77e8 

  0x00000233a548e200: ; ImmutableOopMap {rbp=Oop [32]=Oop [48]=Oop [56]=Oop [72]=Oop [120]=NarrowOop [128]=Oop }
                      ;*invokevirtual close {reexecute=0 rethrow=0 return_oop=0}
                      ; - java.io.FileInputStream::close@50 (line 521)
                      ; - jdk.internal.loader.Resource::getBytes@183 (line 145)
                      ; - jdk.internal.loader.BuiltinClassLoader::defineClass@84 (line 859)
  0x00000233a548e200: 7c08 6cff 

  0x00000233a548e204: ;   {other}
  0x00000233a548e204: 0f1f 8400 | 7487 00bf | 8b74 2440 | 4c8b dd41 | 8b6b 1049 | 8b87 b801 | 0000 4c8b | d049 83c2 
  0x00000233a548e224: 104d 3b97 | c801 0000 | 0f83 fb0f | 0000 4d89 | 97b8 0100 | 0041 0f0d | 8ac0 0000 | 0048 c700 
  0x00000233a548e244: 0100 0000 

  0x00000233a548e248: ;   {metadata('java/io/FileInputStream$1')}
  0x00000233a548e248: c740 0870 | a21b 0044 | 8960 0c4c | 8bc0 4d8b | d345 8950 | 0c66 6690 | 85ed 0f84 | 6111 0000 
  0x00000233a548e268: 8974 2440 | 488b d590 

  0x00000233a548e270: ;   {optimized virtual_call}
  0x00000233a548e270: c5f8 77e8 

  0x00000233a548e274: ; ImmutableOopMap {[32]=Oop [48]=Oop [56]=Oop [72]=Oop [120]=NarrowOop [128]=Oop }
                      ;*invokevirtual closeAll {reexecute=0 rethrow=0 return_oop=0}
                      ; - java.io.FileInputStream::close@65 (line 524)
                      ; - jdk.internal.loader.Resource::getBytes@183 (line 145)
                      ; - jdk.internal.loader.BuiltinClassLoader::defineClass@84 (line 859)
  0x00000233a548e274: 0808 6cff 

  0x00000233a548e278: ;   {other}
  0x00000233a548e278: 0f1f 8400 | e887 00c0 | 8b74 2440 | e98f c2ff | ffba 45ff | ffff 4c8b | 9424 8000 | 0000 4c89 
  0x00000233a548e298: 5424 204c | 8b54 2438 | 4c89 5424 | 284c 8b54 | 2470 4c89 | 5424 3044 | 8b5c 2478 | 4489 5c24 
  0x00000233a548e2b8: 3c48 8974 | 2458 4c89 | 4c24 6048 | 894c 2468 | 4889 4c24 | 7048 8944 | 2478 899c | 2480 0000 
  0x00000233a548e2d8: 0066 6690 

  0x00000233a548e2dc: ;   {runtime_call UncommonTrapBlob}
  0x00000233a548e2dc: c5f8 77e8 

  0x00000233a548e2e0: ; ImmutableOopMap {rbp=Oop [32]=Oop [40]=Oop [48]=Oop [60]=NarrowOop [88]=Oop [96]=Oop [104]=Oop [112]=Oop [120]=Oop [128]=NarrowOop }
                      ;*ifnull {reexecute=1 rethrow=0 return_oop=0}
                      ; - (reexecute) java.util.jar.Manifest::getTrustedAttributes@14 (line 178)
                      ; - java.util.jar.JavaUtilJarAccessImpl::getTrustedAttributes@2 (line 38)
                      ; - jdk.internal.loader.BuiltinClassLoader::isSealed@17 (line 992)
                      ; - jdk.internal.loader.BuiltinClassLoader::getAndVerifyPackage@70 (line 911)
                      ; - jdk.internal.loader.BuiltinClassLoader::defineOrCheckPackage@4 (line 877)
                      ; - jdk.internal.loader.ClassLoaders$AppClassLoader::defineOrCheckPackage@4 (line 211)
                      ; - jdk.internal.loader.BuiltinClassLoader::defineClass@40 (line 849)
  0x00000233a548e2e0: 1c63 6cff 

  0x00000233a548e2e4: ;   {other}
  0x00000233a548e2e4: 0f1f 8400 | 5488 00c1 | ba45 ffff | ff48 8bac | 2480 0000 | 004c 8b54 | 2438 4c89 | 5424 204c 
  0x00000233a548e304: 8b54 2470 | 4c89 5424 | 2844 8b54 | 2478 4489 | 5424 3048 | 8974 2450 | 4c89 4c24 | 5848 894c 
  0x00000233a548e324: 2460 4889 | 5c24 6844 | 895c 2470 

  0x00000233a548e330: ;   {runtime_call UncommonTrapBlob}
  0x00000233a548e330: c5f8 77e8 

  0x00000233a548e334: ; ImmutableOopMap {rbp=Oop [32]=Oop [40]=Oop [48]=NarrowOop [80]=Oop [88]=Oop [96]=Oop [104]=Oop }
                      ;*ifle {reexecute=1 rethrow=0 return_oop=0}
                      ; - (reexecute) java.util.HashMap::getNode@14 (line 575)
                      ; - java.util.LinkedHashMap::get@2 (line 536)
                      ; - java.util.jar.Attributes::get@5 (line 106)
                      ; - java.util.jar.Attributes::getValue@2 (line 142)
                      ; - jdk.internal.loader.BuiltinClassLoader::isSealed@34 (line 995)
                      ; - jdk.internal.loader.BuiltinClassLoader::getAndVerifyPackage@70 (line 911)
                      ; - jdk.internal.loader.BuiltinClassLoader::defineOrCheckPackage@4 (line 877)
                      ; - jdk.internal.loader.ClassLoaders$AppClassLoader::defineOrCheckPackage@4 (line 211)
                      ; - jdk.internal.loader.BuiltinClassLoader::defineClass@40 (line 849)
  0x00000233a548e334: c862 6cff 

  0x00000233a548e338: ;   {other}
  0x00000233a548e338: 0f1f 8400 | a888 00c2 | 2bcf 894c | 247c 4c89 | 8c24 8800 | 0000 4489 | 4424 50e9 | 97de ffff 
  0x00000233a548e358: bade ffff | ff48 8b6c | 2438 448b | 4424 3044 | 8944 2420 | 4c8b 4424 | 404c 8944 | 2430 4c8b 
  0x00000233a548e378: 4424 484c | 8944 2438 | 4c89 5424 | 4866 6690 

  0x00000233a548e388: ;   {runtime_call UncommonTrapBlob}
  0x00000233a548e388: c5f8 77e8 

  0x00000233a548e38c: ; ImmutableOopMap {rbp=Oop [32]=NarrowOop [48]=Oop [56]=Oop [72]=Oop [80]=Oop [88]=Oop [104]=Oop }
                      ;*invokevirtual close {reexecute=0 rethrow=0 return_oop=0}
                      ; - java.util.jar.JarFile::getManifestFromReference@152 (line 433)
                      ; - java.util.jar.JarFile::getManifest@1 (line 405)
                      ; - jdk.internal.loader.URLClassPath$JarLoader$2::getManifest@22 (line 853)
                      ; - jdk.internal.loader.BuiltinClassLoader::defineClass@29 (line 848)
  0x00000233a548e38c: 7062 6cff 

  0x00000233a548e390: ;   {other}
  0x00000233a548e390: 0f1f 8400 | 0089 00c3 | 498b d349 | 8bda 4d8b | c84c 63c5 | 4d8d 5010 | 4d8b da49 | 83e3 f848 
  0x00000233a548e3b0: 8bfb 4903 | fb49 c1ea | 034d 8bd9 | 4d2b da49 | 8bcb 4833 | c048 83f9 | 087f 1048 | ffc9 784f 
  0x00000233a548e3d0: 4889 04cf | 48ff c97d | f7eb 44c5 | fdef c0e9 | 0d00 0000 | c5fe 7f07 | c5fe 7f47 | 2048 83c7 
  0x00000233a548e3f0: 4048 83e9 | 087d ed48 | 83c1 047c | 0cc5 fe7f | 0748 83c7 | 2048 83e9 | 0448 83c1 | 047e 1048 
  0x00000233a548e410: ffc9 c5f9 | d607 4883 | c708 48ff | c97d f348 | 8b4c 2470 | c5f8 7749 | bac0 2cb3 | a433 0200 
  0x00000233a548e430: 0041 ffd2 

  0x00000233a548e434: ;   {other}
  0x00000233a548e434: 0f1f 8400 | 0000 0000 | 4c8b d390 | e98a ddff | ff49 8bd7 | c5f8 7749 | bac0 14b4 | 6cfe 7f00 
  0x00000233a548e454: 0041 ffd2 

  0x00000233a548e458: ;   {other}
  0x00000233a548e458: 0f1f 8400 | 0000 0000 | e9c8 d2ff | ff49 8bf9 | 498b d849 | 8bd7 c5f8 | 7749 bac0 | 14b4 6cfe 
  0x00000233a548e478: 7f00 0041 

  0x00000233a548e47c: ;   {other}
  0x00000233a548e47c: ffd2 0f1f | 8400 0000 | 0000 e9e2 | d2ff ff49 | 8bd7 c5f8 | 7749 bac0 | 14b4 6cfe | 7f00 0041 
  0x00000233a548e49c: ;   {other}
  0x00000233a548e49c: ffd2 0f1f | 8400 0000 | 0000 4c8b | d5e9 28b3 | ffff 498b | f949 8bd7 | c5f8 7749 | bac0 14b4 
  0x00000233a548e4bc: 6cfe 7f00 | 0041 ffd2 

  0x00000233a548e4c4: ;   {other}
  0x00000233a548e4c4: 0f1f 8400 | 0000 0000 | 4c8b c54c | 8bcf e999 | b3ff ff49 | 8be9 498b | f049 8bd7 | c5f8 7749 
  0x00000233a548e4e4: bac0 14b4 | 6cfe 7f00 | 0041 ffd2 

  0x00000233a548e4f0: ;   {other}
  0x00000233a548e4f0: 0f1f 8400 | 0000 0000 | 4c8b c64c | 8bcd 6690 | e9bf b3ff | ffba 45ff | ffff 488b | 6c24 3844 
  0x00000233a548e510: 8b54 2430 | 4489 5424 | 204c 8b54 | 2440 4c89 | 5424 304c | 8b54 2448 | 4c89 5424 | 3848 8944 
  0x00000233a548e530: 2448 6690 

  0x00000233a548e534: ;   {runtime_call UncommonTrapBlob}
  0x00000233a548e534: c5f8 77e8 

  0x00000233a548e538: ; ImmutableOopMap {rbp=Oop [32]=NarrowOop [48]=Oop [56]=Oop [72]=Oop [104]=Oop }
                      ;*ifnull {reexecute=1 rethrow=0 return_oop=0}
                      ; - (reexecute) java.util.jar.JarFile::getManifestFromReference@32 (line 416)
                      ; - java.util.jar.JarFile::getManifest@1 (line 405)
                      ; - jdk.internal.loader.URLClassPath$JarLoader$2::getManifest@22 (line 853)
                      ; - jdk.internal.loader.BuiltinClassLoader::defineClass@29 (line 848)
  0x00000233a548e538: c460 6cff 

  0x00000233a548e53c: ;   {other}
  0x00000233a548e53c: 0f1f 8400 | ac8a 00c4 | ba45 ffff | ff4c 8b54 | 2438 4c89 | 5424 2044 | 8b4c 2430 | 4489 4c24 
  0x00000233a548e55c: 284c 8b54 | 2440 4c89 | 5424 384c | 8b54 2448 | 4c89 5424 | 404c 895c | 2448 4889 | 4424 5090 
  0x00000233a548e57c: ;   {runtime_call UncommonTrapBlob}
  0x00000233a548e57c: c5f8 77e8 

  0x00000233a548e580: ; ImmutableOopMap {[32]=Oop [40]=NarrowOop [56]=Oop [64]=Oop [72]=Oop [80]=Oop [104]=Oop }
                      ;*ifeq {reexecute=1 rethrow=0 return_oop=0}
                      ; - (reexecute) java.util.jar.JarFile::getManifestFromReference@39 (line 417)
                      ; - java.util.jar.JarFile::getManifest@1 (line 405)
                      ; - jdk.internal.loader.URLClassPath$JarLoader$2::getManifest@22 (line 853)
                      ; - jdk.internal.loader.BuiltinClassLoader::defineClass@29 (line 848)
  0x00000233a548e580: 7c60 6cff 

  0x00000233a548e584: ;   {other}
  0x00000233a548e584: 0f1f 8400 | f48a 00c5 | ba3d ffff | ff4c 8b5c | 2438 4c89 | 5c24 2044 | 8b44 2430 | 4489 4424 
  0x00000233a548e5a4: 284c 8b5c | 2468 4c89 | 5c24 304c | 8b5c 2440 | 4c89 5c24 | 384c 8b5c | 2448 4c89 | 5c24 404c 
  0x00000233a548e5c4: 894c 2448 | 4889 4c24 | 6044 8954 | 242c 4889 | 4c24 7048 | 899c 2480 | 0000 0048 | 89bc 2490 
  0x00000233a548e5e4: 0000 0048 | 89bc 2498 | 0000 0090 

  0x00000233a548e5f0: ;   {runtime_call UncommonTrapBlob}
  0x00000233a548e5f0: c5f8 77e8 

  0x00000233a548e5f4: ; ImmutableOopMap {[32]=Oop [40]=NarrowOop [44]=NarrowOop [48]=Oop [56]=Oop [64]=Oop [72]=Oop [80]=Oop [96]=Oop [112]=Oop [128]=Oop [144]=Oop [152]=Oop }
                      ;*ifge {reexecute=1 rethrow=0 return_oop=0}
                      ; - (reexecute) java.util.HashMap::<init>@5 (line 446)
                      ; - java.util.HashMap::<init>@4 (line 470)
                      ; - java.util.LinkedHashMap::<init>@2 (line 455)
                      ; - java.util.LinkedHashMap::newLinkedHashMap@39 (line 1078)
                      ; - java.util.jar.Attributes::<init>@6 (line 83)
                      ; - java.util.jar.Attributes::<init>@3 (line 73)
                      ; - java.util.jar.Manifest::<init>@9 (line 55)
                      ; - java.util.jar.Manifest::<init>@4 (line 88)
                      ; - java.util.jar.JarFile::getManifestFromReference@143 (line 432)
                      ; - java.util.jar.JarFile::getManifest@1 (line 405)
                      ; - jdk.internal.loader.URLClassPath$JarLoader$2::getManifest@22 (line 853)
                      ; - jdk.internal.loader.BuiltinClassLoader::defineClass@29 (line 848)
  0x00000233a548e5f4: 0860 6cff 

  0x00000233a548e5f8: ;   {other}
  0x00000233a548e5f8: 0f1f 8400 | 688b 00c6 | ba45 ffff | ff4c 8b5c | 2438 4c89 | 5c24 2044 | 8b44 2430 | 4489 4424 
  0x00000233a548e618: 284c 8b5c | 2468 4c89 | 5c24 304c | 8b5c 2440 | 4c89 5c24 | 384c 8b5c | 2448 4c89 | 5c24 404c 
  0x00000233a548e638: 894c 2448 | 4889 4c24 | 6044 8954 | 242c 4889 | 4c24 7048 | 899c 2480 | 0000 0048 | 89bc 2490 
  0x00000233a548e658: 0000 0048 | 89bc 2498 | 0000 0090 

  0x00000233a548e664: ;   {runtime_call UncommonTrapBlob}
  0x00000233a548e664: c5f8 77e8 

  0x00000233a548e668: ; ImmutableOopMap {[32]=Oop [40]=NarrowOop [44]=NarrowOop [48]=Oop [56]=Oop [64]=Oop [72]=Oop [80]=Oop [96]=Oop [112]=Oop [128]=Oop [144]=Oop [152]=Oop }
                      ;*if_icmplt {reexecute=1 rethrow=0 return_oop=0}
                      ; - (reexecute) java.util.HashMap::tableSizeFor@20 (line 379)
                      ; - java.util.HashMap::<init>@91 (line 455)
                      ; - java.util.HashMap::<init>@4 (line 470)
                      ; - java.util.LinkedHashMap::<init>@2 (line 455)
                      ; - java.util.LinkedHashMap::newLinkedHashMap@39 (line 1078)
                      ; - java.util.jar.Attributes::<init>@6 (line 83)
                      ; - java.util.jar.Attributes::<init>@3 (line 73)
                      ; - java.util.jar.Manifest::<init>@9 (line 55)
                      ; - java.util.jar.Manifest::<init>@4 (line 88)
                      ; - java.util.jar.JarFile::getManifestFromReference@143 (line 432)
                      ; - java.util.jar.JarFile::getManifest@1 (line 405)
                      ; - jdk.internal.loader.URLClassPath$JarLoader$2::getManifest@22 (line 853)
                      ; - jdk.internal.loader.BuiltinClassLoader::defineClass@29 (line 848)
  0x00000233a548e668: 945f 6cff 

  0x00000233a548e66c: ;   {other}
  0x00000233a548e66c: 0f1f 8400 | dc8b 00c7 | 4863 c6e9 | bbbc ffff | 4983 c0fe | 498b c849 | 8bfb 4833 | c048 83f9 
  0x00000233a548e68c: 087f 1048 | ffc9 784f | 4889 04cf | 48ff c97d | f7eb 44c5 | fdef c0e9 | 0d00 0000 | c5fe 7f07 
  0x00000233a548e6ac: c5fe 7f47 | 2048 83c7 | 4048 83e9 | 087d ed48 | 83c1 047c | 0cc5 fe7f | 0748 83c7 | 2048 83e9 
  0x00000233a548e6cc: 0448 83c1 | 047e 1048 | ffc9 c5f9 | d607 4883 | c708 48ff | c97d f3e9 | 7bbd ffff | 8bef 4c89 
  0x00000233a548e6ec: 4c24 2889 | 5424 20eb | 0b8b ef4c | 894c 2428 | 8954 2420 | bacc ffff | ff4c 8b54 | 2448 4c89 
  0x00000233a548e70c: 5424 4044 | 8944 2448 | 448b 4424 | 5444 8944 | 244c 4489 | 5c24 5089 | 7424 5890 

  0x00000233a548e728: ;   {runtime_call UncommonTrapBlob}
  0x00000233a548e728: c5f8 77e8 

  0x00000233a548e72c: ; ImmutableOopMap {[40]=Oop [56]=Oop [64]=Oop [72]=NarrowOop [120]=NarrowOop [128]=Oop }
                      ;*newarray {reexecute=1 rethrow=0 return_oop=0}
                      ; - (reexecute) java.util.Arrays::copyOf@15 (line 3541)
                      ; - jdk.internal.loader.Resource::getBytes@94 (line 120)
                      ; - jdk.internal.loader.BuiltinClassLoader::defineClass@84 (line 859)
  0x00000233a548e72c: d05e 6cff 

  0x00000233a548e730: ;   {other}
  0x00000233a548e730: 0f1f 8400 | a08c 00c8 | bade ffff | ff4c 8b94 | 2480 0000 | 004c 8954 | 2420 4c8b | 5424 384c 
  0x00000233a548e750: 8954 2428 | 448b 5424 | 7844 8954 | 2438 4889 | 7424 584c | 894c 2460 | 4889 4c24 | 6866 6690 
  0x00000233a548e770: ;   {runtime_call UncommonTrapBlob}
  0x00000233a548e770: c5f8 77e8 

  0x00000233a548e774: ; ImmutableOopMap {rbp=NarrowOop [32]=Oop [40]=Oop [56]=NarrowOop [88]=Oop [96]=Oop [104]=Oop [112]=Oop }
                      ;*checkcast {reexecute=0 rethrow=0 return_oop=0}
                      ; - java.util.jar.Attributes::getValue@5 (line 142)
                      ; - jdk.internal.loader.BuiltinClassLoader::isSealed@34 (line 995)
                      ; - jdk.internal.loader.BuiltinClassLoader::getAndVerifyPackage@70 (line 911)
                      ; - jdk.internal.loader.BuiltinClassLoader::defineOrCheckPackage@4 (line 877)
                      ; - jdk.internal.loader.ClassLoaders$AppClassLoader::defineOrCheckPackage@4 (line 211)
                      ; - jdk.internal.loader.BuiltinClassLoader::defineClass@40 (line 849)
  0x00000233a548e774: 885e 6cff 

  0x00000233a548e778: ;   {other}
  0x00000233a548e778: 0f1f 8400 | e88c 00c9 | 4c63 f1e9 | 14c0 ffff | 4983 c0fe | 498b c849 | 8bfb 4833 | c048 83f9 
  0x00000233a548e798: 087f 1048 | ffc9 784f | 4889 04cf | 48ff c97d | f7eb 44c5 | fdef c0e9 | 0d00 0000 | c5fe 7f07 
  0x00000233a548e7b8: c5fe 7f47 | 2048 83c7 | 4048 83e9 | 087d ed48 | 83c1 047c | 0cc5 fe7f | 0748 83c7 | 2048 83e9 
  0x00000233a548e7d8: 0448 83c1 | 047e 1048 | ffc9 c5f9 | d607 4883 | c708 48ff | c97d f3e9 | d7c0 ffff | 418b e8e9 
  0x00000233a548e7f8: 18d6 ffff | 418b e890 | e918 d6ff | ff48 63f1 | 81f9 0000 | 1000 0f87 | 080b 0000 | 4c89 5424 
  0x00000233a548e818: 2089 7c24 | 6448 895c | 2468 8954 | 245c 4489 | 5c24 5849 | 8be9 4489 | 4424 504d | 8b97 b801 
  0x00000233a548e838: 0000 4d8b | c24c 8bd6 | 4889 7424 | 7049 83c2 | 1749 83e2 | f84d 8bd8 | 4d03 da66 | 0f1f 8400 
  0x00000233a548e858: 0000 0000 | 6666 6690 | 4d3b 9fc8 | 0100 000f | 83d3 0a00 | 004d 899f | b801 0000 

  0x00000233a548e874: ;   {no_reloc}
  0x00000233a548e874: 410f 0d8b | c000 0000 | 49c7 0001 | 0000 0041 | 0f0d 8b00 

  0x00000233a548e888: ;   {metadata({type array byte})}
  0x00000233a548e888: 0100 0041 | c740 0868 | 2200 0041 | 8948 0c41 | 0f0d 8b40 | 0100 0041 | 0f0d 8b80 | 0100 0049 
  0x00000233a548e8a8: 8bd0 4883 | c210 498b | d84c 8b54 | 2470 4983 | c207 49c1 | ea03 488b | 4c24 204d | 8bc2 c5f8 
  0x00000233a548e8c8: 7749 ba60 | 33b3 a433 | 0200 0041 

  0x00000233a548e8d4: ;   {other}
  0x00000233a548e8d4: ffd2 0f1f | 8400 0000 | 0000 4c8b | d3e9 e9d8 | ffff ba45 | ffff ff4c | 8b94 2480 | 0000 004c 
  0x00000233a548e8f4: 8954 2420 | 4c8b 5424 | 384c 8954 | 2428 4c8b | 5424 704c | 8954 2430 | 448b 5424 | 7844 8954 
  0x00000233a548e914: 2438 4889 | 7424 584c | 894c 2460 | 4889 4c24 | 6848 895c | 2470 4489 | 4424 7890 

  0x00000233a548e930: ;   {runtime_call UncommonTrapBlob}
  0x00000233a548e930: c5f8 77e8 

  0x00000233a548e934: ; ImmutableOopMap {rbp=NarrowOop [32]=Oop [40]=Oop [48]=Oop [56]=NarrowOop [88]=Oop [96]=Oop [104]=Oop [112]=Oop }
                      ;*ifeq {reexecute=1 rethrow=0 return_oop=0}
                      ; - (reexecute) java.util.HashMap::getNode@85 (line 581)
                      ; - java.util.LinkedHashMap::get@2 (line 536)
                      ; - java.util.jar.Attributes::get@5 (line 106)
                      ; - java.util.jar.Attributes::getValue@2 (line 142)
                      ; - jdk.internal.loader.BuiltinClassLoader::isSealed@34 (line 995)
                      ; - jdk.internal.loader.BuiltinClassLoader::getAndVerifyPackage@70 (line 911)
                      ; - jdk.internal.loader.BuiltinClassLoader::defineOrCheckPackage@4 (line 877)
                      ; - jdk.internal.loader.ClassLoaders$AppClassLoader::defineOrCheckPackage@4 (line 211)
                      ; - jdk.internal.loader.BuiltinClassLoader::defineClass@40 (line 849)
  0x00000233a548e934: c85c 6cff 

  0x00000233a548e938: ;   {other}
  0x00000233a548e938: 0f1f 8400 | a88e 00ca | 8944 2424 | 488b 6c24 | 70ba 45ff | ffff 4c8b | 5424 384c | 8954 2430 
  0x00000233a548e958: 4c8b 5424 | 484c 8954 | 2440 6690 

  0x00000233a548e964: ;   {runtime_call UncommonTrapBlob}
  0x00000233a548e964: c5f8 77e8 

  0x00000233a548e968: ; ImmutableOopMap {rbp=Oop [48]=Oop [64]=Oop [80]=NarrowOop [120]=NarrowOop [128]=Oop }
                      ;*ifge {reexecute=1 rethrow=0 return_oop=0}
                      ; - (reexecute) jdk.internal.loader.Resource::getBytes@135 (line 131)
                      ; - jdk.internal.loader.BuiltinClassLoader::defineClass@84 (line 859)
  0x00000233a548e968: 945c 6cff 

  0x00000233a548e96c: ;   {other}
  0x00000233a548e96c: 0f1f 8400 | dc8e 00cb | 8954 2424 | 897c 2420 | 498b e9ba | 45ff ffff | 4c8b 5424 | 384c 8954 
  0x00000233a548e98c: 2430 4c8b | 5424 484c | 8954 2440 | 4489 4424 | 3c44 895c | 244c 6690 

  0x00000233a548e9a4: ;   {runtime_call UncommonTrapBlob}
  0x00000233a548e9a4: c5f8 77e8 

  0x00000233a548e9a8: ; ImmutableOopMap {rbp=Oop [48]=Oop [60]=NarrowOop [64]=Oop [120]=NarrowOop [128]=Oop }
                      ;*ifge {reexecute=1 rethrow=0 return_oop=0}
                      ; - (reexecute) jdk.internal.loader.Resource::getBytes@78 (line 116)
                      ; - jdk.internal.loader.BuiltinClassLoader::defineClass@84 (line 859)
  0x00000233a548e9a8: 545c 6cff 

  0x00000233a548e9ac: ;   {other}
  0x00000233a548e9ac: 0f1f 8400 | 1c8f 00cc | 4c89 5c24 | 4848 8974 | 2440 897c | 2430 4c89 

  0x00000233a548e9c4: ;   {metadata('java/io/FileInputStream$1')}
  0x00000233a548e9c4: 6c24 2048 | ba70 a21b | b233 0200 | 0066 6690 

  0x00000233a548e9d4: ;   {runtime_call _new_instance_Java}
  0x00000233a548e9d4: c5f8 77e8 

  0x00000233a548e9d8: ; ImmutableOopMap {rbp=NarrowOop [32]=Oop [56]=Oop [64]=Oop [72]=Oop [112]=Oop [120]=NarrowOop [128]=Oop }
                      ;*new {reexecute=0 rethrow=0 return_oop=1}
                      ; - java.io.FileInputStream::close@57 (line 524)
                      ; - jdk.internal.loader.Resource::getBytes@183 (line 145)
                      ; - jdk.internal.loader.URLClassPath$JarLoader$2::getBytes@1 (line 862)
                      ; - jdk.internal.loader.BuiltinClassLoader::defineClass@84 (line 859)
  0x00000233a548e9d8: a472 78ff 

  0x00000233a548e9dc: ;   {other}
  0x00000233a548e9dc: 0f1f 8400 | 4c8f 00cd | 4c8b 6c24 | 208b 7c24 | 3048 8b74 | 2440 4c8b | 5c24 48e9 | a1cc ffff 
  0x00000233a548e9fc: bac6 ffff | ff4c 8b5c | 2438 4c89 | 5c24 204c | 896c 2438 | 4889 7424 | 4089 7c24 | 3444 8954 
  0x00000233a548ea1c: 2448 6690 

  0x00000233a548ea20: ;   {runtime_call UncommonTrapBlob}
  0x00000233a548ea20: c5f8 77e8 

  0x00000233a548ea24: ; ImmutableOopMap {[32]=Oop [56]=Oop [64]=Oop [72]=NarrowOop [120]=NarrowOop [128]=Oop }
                      ;*invokevirtual close {reexecute=0 rethrow=0 return_oop=0}
                      ; - jdk.internal.loader.Resource::getBytes@183 (line 145)
                      ; - jdk.internal.loader.URLClassPath$JarLoader$2::getBytes@1 (line 862)
                      ; - jdk.internal.loader.BuiltinClassLoader::defineClass@84 (line 859)
  0x00000233a548ea24: d85b 6cff 

  0x00000233a548ea28: ;   {other}
  0x00000233a548ea28: 0f1f 8400 | 988f 00ce | baf6 ffff | ff4c 8b44 | 2438 4c89 | 4424 2048 | 897c 2438 | 4489 5c24 
  0x00000233a548ea48: 2c44 8954 | 2440 6690 

  0x00000233a548ea50: ;   {runtime_call UncommonTrapBlob}
  0x00000233a548ea50: c5f8 77e8 

  0x00000233a548ea54: ; ImmutableOopMap {[32]=Oop [44]=NarrowOop [56]=Oop [120]=NarrowOop [128]=Oop }
                      ;*invokevirtual length {reexecute=0 rethrow=0 return_oop=0}
                      ; - jdk.internal.loader.URLClassPath$FileLoader$1::getContentLength@4 (line 1121)
                      ; - jdk.internal.loader.Resource::getBytes@10 (line 100)
                      ; - jdk.internal.loader.BuiltinClassLoader::defineClass@84 (line 859)
  0x00000233a548ea54: a85b 6cff 

  0x00000233a548ea58: ;   {other}
  0x00000233a548ea58: 0f1f 8400 | c88f 00cf | bac6 ffff | ff49 8be8 | 4c89 4c24 | 2866 6690 

  0x00000233a548ea70: ;   {runtime_call UncommonTrapBlob}
  0x00000233a548ea70: c5f8 77e8 

  0x00000233a548ea74: ; ImmutableOopMap {rbp=Oop [40]=Oop [64]=Oop [112]=Oop }
                      ;*invokevirtual getCodeSourceURL {reexecute=0 rethrow=0 return_oop=0}
                      ; - jdk.internal.loader.BuiltinClassLoader::defineClass@1 (line 842)
  0x00000233a548ea74: 885b 6cff 

  0x00000233a548ea78: ;   {other}
  0x00000233a548ea78: 0f1f 8400 | e88f 00d0 | bac6 ffff | ff48 8b6c | 2438 4489 | 7424 2890 

  0x00000233a548ea90: ;   {runtime_call UncommonTrapBlob}
  0x00000233a548ea90: c5f8 77e8 

  0x00000233a548ea94: ; ImmutableOopMap {rbp=Oop [40]=NarrowOop [64]=Oop [104]=Oop [112]=Oop }
                      ;*invokevirtual getManifest {reexecute=0 rethrow=0 return_oop=0}
                      ; - jdk.internal.loader.BuiltinClassLoader::defineClass@29 (line 848)
  0x00000233a548ea94: 685b 6cff 

  0x00000233a548ea98: ;   {other}
  0x00000233a548ea98: 0f1f 8400 | 0890 00d1 | bac6 ffff | ff4c 8b54 | 2438 4c89 | 5424 2090 

  0x00000233a548eab0: ;   {runtime_call UncommonTrapBlob}
  0x00000233a548eab0: c5f8 77e8 

  0x00000233a548eab4: ; ImmutableOopMap {[32]=Oop [112]=Oop [120]=NarrowOop [128]=Oop }
                      ;*invokevirtual getBytes {reexecute=0 rethrow=0 return_oop=0}
                      ; - jdk.internal.loader.BuiltinClassLoader::defineClass@84 (line 859)
  0x00000233a548eab4: 485b 6cff 

  0x00000233a548eab8: ;   {other}
  0x00000233a548eab8: 0f1f 8400 | 2890 00d2 | 4889 7c24 | 2048 8bd7 | 4c8d 8424 | d000 0000 

  0x00000233a548ead0: ;   {runtime_call _complete_monitor_locking_Java}
  0x00000233a548ead0: c5f8 77e8 

  0x00000233a548ead4: ; ImmutableOopMap {[32]=Oop [56]=Oop [72]=Oop [112]=Oop [120]=NarrowOop [128]=Oop }
                      ;*synchronization entry
                      ; - jdk.internal.loader.Resource::cachedInputStream@-1 (line 76)
                      ; - jdk.internal.loader.Resource::getBytes@1 (line 89)
                      ; - jdk.internal.loader.BuiltinClassLoader::defineClass@84 (line 859)
  0x00000233a548ead4: a877 78ff 

  0x00000233a548ead8: ;   {other}
  0x00000233a548ead8: 0f1f 8400 | 4890 00d3 | 488b 7c24 | 20e9 53b3 | ffff 418b | eb48 8bcf | 488d 9424 | d000 0000 
  0x00000233a548eaf8: 4d8b c7c5 | f877 49ba | 7039 f56c | fe7f 0000 

  0x00000233a548eb08: ;   {other}
  0x00000233a548eb08: 41ff d20f | 1f84 0000 | 0000 0044 | 8bdd e9ce | b6ff ff48 | 8bac 2498 | 0000 00e9 | 88d7 ffff 
  0x00000233a548eb28: 895c 2420 | 418b e8e9 | afd7 ffff | 4c89 4c24 | 208b 7424 | 54ba f6ff | ffff 4c8b | 5424 384c 
  0x00000233a548eb48: 8954 2428 | 8974 2434 

  0x00000233a548eb50: ;   {runtime_call UncommonTrapBlob}
  0x00000233a548eb50: c5f8 77e8 

  0x00000233a548eb54: ; ImmutableOopMap {[32]=Oop [40]=Oop [72]=Oop [120]=NarrowOop [128]=Oop }
                      ;*invokevirtual close {reexecute=0 rethrow=0 return_oop=0}
                      ; - jdk.internal.loader.Resource::getBytes@183 (line 145)
                      ; - jdk.internal.loader.BuiltinClassLoader::defineClass@84 (line 859)
  0x00000233a548eb54: a85a 6cff 

  0x00000233a548eb58: ;   {other}
  0x00000233a548eb58: 0f1f 8400 | c890 00d4 | ba45 ffff | ff48 8b6c | 2420 4c8b | 5424 384c | 8954 2420 | 4c8b 5424 
  0x00000233a548eb78: 704c 8954 | 2428 448b | 5c24 604c | 8b54 2468 | 4c89 5424 | 4844 895c | 2434 4c8b | 9424 8800 
  0x00000233a548eb98: 0000 4c89 | 9424 8000 | 0000 8984 | 2488 0000 | 0066 6690 

  0x00000233a548ebac: ;   {runtime_call UncommonTrapBlob}
  0x00000233a548ebac: c5f8 77e8 

  0x00000233a548ebb0: ; ImmutableOopMap {rbp=Oop [32]=Oop [40]=Oop [52]=NarrowOop [64]=Oop [72]=Oop [88]=Oop [128]=Oop [144]=NarrowOop }
                      ;*ifeq {reexecute=1 rethrow=0 return_oop=0}
                      ; - (reexecute) java.util.HashMap::getNode@66 (line 578)
                      ; - java.util.HashMap::get@2 (line 564)
                      ; - java.util.jar.Manifest::getAttributes@5 (line 160)
                      ; - java.util.jar.Manifest::getTrustedAttributes@2 (line 177)
                      ; - java.util.jar.JavaUtilJarAccessImpl::getTrustedAttributes@2 (line 38)
                      ; - jdk.internal.loader.BuiltinClassLoader::isSealed@17 (line 992)
                      ; - jdk.internal.loader.BuiltinClassLoader::getAndVerifyPackage@70 (line 911)
                      ; - jdk.internal.loader.BuiltinClassLoader::defineOrCheckPackage@4 (line 877)
                      ; - jdk.internal.loader.ClassLoaders$AppClassLoader::defineOrCheckPackage@4 (line 211)
                      ; - jdk.internal.loader.BuiltinClassLoader::defineClass@40 (line 849)
  0x00000233a548ebb0: 4c5a 6cff 

  0x00000233a548ebb4: ;   {other}
  0x00000233a548ebb4: 0f1f 8400 | 2491 00d5 | ba45 ffff | ff4c 8b94 | 2480 0000 | 004c 8954 | 2420 4c8b | 5424 384c 
  0x00000233a548ebd4: 8954 2428 | 4c8b 5424 | 704c 8954 | 2430 448b | 5c24 7844 | 895c 243c | 8944 2474 

  0x00000233a548ebf0: ;   {runtime_call UncommonTrapBlob}
  0x00000233a548ebf0: c5f8 77e8 

  0x00000233a548ebf4: ; ImmutableOopMap {rbp=NarrowOop [32]=Oop [40]=Oop [48]=Oop [60]=NarrowOop [80]=Oop [88]=Oop [96]=Oop [104]=Oop [120]=NarrowOop }
                      ;*ifeq {reexecute=1 rethrow=0 return_oop=0}
                      ; - (reexecute) java.util.HashMap::getNode@66 (line 578)
                      ; - java.util.LinkedHashMap::get@2 (line 536)
                      ; - java.util.jar.Attributes::get@5 (line 106)
                      ; - java.util.jar.Attributes::getValue@2 (line 142)
                      ; - jdk.internal.loader.BuiltinClassLoader::isSealed@57 (line 997)
                      ; - jdk.internal.loader.BuiltinClassLoader::getAndVerifyPackage@70 (line 911)
                      ; - jdk.internal.loader.BuiltinClassLoader::defineOrCheckPackage@4 (line 877)
                      ; - jdk.internal.loader.ClassLoaders$AppClassLoader::defineOrCheckPackage@4 (line 211)
                      ; - jdk.internal.loader.BuiltinClassLoader::defineClass@40 (line 849)
  0x00000233a548ebf4: 085a 6cff 

  0x00000233a548ebf8: ;   {other}
  0x00000233a548ebf8: 0f1f 8400 | 6891 00d6 | ba76 ffff | ff4c 8b44 | 2438 4c89 | 4424 204c | 896c 2438 | 4889 7424 
  0x00000233a548ec18: 4044 8954 | 2434 897c | 2448 4489 | 5c24 5090 

  0x00000233a548ec28: ;   {runtime_call UncommonTrapBlob}
  0x00000233a548ec28: c5f8 77e8 

  0x00000233a548ec2c: ; ImmutableOopMap {[32]=Oop [52]=NarrowOop [56]=Oop [64]=Oop [120]=NarrowOop [128]=Oop }
                      ;*if_icmpge {reexecute=1 rethrow=0 return_oop=0}
                      ; - (reexecute) jdk.internal.loader.Resource::getBytes@50 (line 112)
                      ; - jdk.internal.loader.URLClassPath$JarLoader$2::getBytes@1 (line 862)
                      ; - jdk.internal.loader.BuiltinClassLoader::defineClass@84 (line 859)
  0x00000233a548ec2c: d059 6cff 

  0x00000233a548ec30: ;   {other}
  0x00000233a548ec30: 0f1f 8400 | a091 00d7 | ba27 0000 | 004c 8b54 | 2438 4c89 | 5424 2090 

  0x00000233a548ec48: ;   {runtime_call UncommonTrapBlob}
  0x00000233a548ec48: c5f8 77e8 

  0x00000233a548ec4c: ; ImmutableOopMap {[32]=Oop [64]=Oop [80]=Oop [112]=Oop [120]=NarrowOop [128]=Oop }
                      ;*new {reexecute=0 rethrow=0 return_oop=0}
                      ; - java.io.FileInputStream::<init>@45 (line 144)
                      ; - jdk.internal.loader.URLClassPath$FileLoader$1::getInputStream@8 (line 1119)
                      ; - jdk.internal.loader.Resource::cachedInputStream@9 (line 77)
                      ; - jdk.internal.loader.Resource::getByteBuffer@1 (line 163)
                      ; - jdk.internal.loader.BuiltinClassLoader::defineClass@45 (line 853)
  0x00000233a548ec4c: b059 6cff 

  0x00000233a548ec50: ;   {other}
  0x00000233a548ec50: 0f1f 8400 | c091 00d8 | baf6 ffff | ff48 8b6c | 2440 6690 

  0x00000233a548ec64: ;   {runtime_call UncommonTrapBlob}
  0x00000233a548ec64: c5f8 77e8 

  0x00000233a548ec68: ; ImmutableOopMap {rbp=Oop }
                      ;*invokevirtual isInvalid {reexecute=0 rethrow=0 return_oop=0}
                      ; - java.io.FileInputStream::<init>@54 (line 146)
                      ; - jdk.internal.loader.URLClassPath$FileLoader$1::getInputStream@8 (line 1119)
                      ; - jdk.internal.loader.Resource::cachedInputStream@9 (line 77)
                      ; - jdk.internal.loader.Resource::getByteBuffer@1 (line 163)
                      ; - jdk.internal.loader.BuiltinClassLoader::defineClass@45 (line 853)
  0x00000233a548ec68: 9459 6cff 

  0x00000233a548ec6c: ;   {other}
  0x00000233a548ec6c: 0f1f 8400 | dc91 00d9 | ba27 0000 | 004c 8b54 | 2438 4c89 | 5424 2090 

  0x00000233a548ec84: ;   {runtime_call UncommonTrapBlob}
  0x00000233a548ec84: c5f8 77e8 

  0x00000233a548ec88: ; ImmutableOopMap {[32]=Oop [48]=Oop [64]=Oop [120]=NarrowOop [128]=Oop }
                      ;*new {reexecute=0 rethrow=0 return_oop=0}
                      ; - java.io.FileInputStream::<init>@45 (line 144)
                      ; - jdk.internal.loader.URLClassPath$FileLoader$1::getInputStream@8 (line 1119)
                      ; - jdk.internal.loader.Resource::cachedInputStream@9 (line 77)
                      ; - jdk.internal.loader.Resource::getBytes@1 (line 89)
                      ; - jdk.internal.loader.BuiltinClassLoader::defineClass@84 (line 859)
  0x00000233a548ec88: 7459 6cff 

  0x00000233a548ec8c: ;   {other}
  0x00000233a548ec8c: 0f1f 8400 | fc91 00da | baf6 ffff | ff4c 8b54 | 2438 4c89 | 5424 2090 

  0x00000233a548eca4: ;   {runtime_call UncommonTrapBlob}
  0x00000233a548eca4: c5f8 77e8 

  0x00000233a548eca8: ; ImmutableOopMap {[32]=Oop [48]=Oop [120]=NarrowOop [128]=Oop }
                      ;*invokevirtual isInvalid {reexecute=0 rethrow=0 return_oop=0}
                      ; - java.io.FileInputStream::<init>@54 (line 146)
                      ; - jdk.internal.loader.URLClassPath$FileLoader$1::getInputStream@8 (line 1119)
                      ; - jdk.internal.loader.Resource::cachedInputStream@9 (line 77)
                      ; - jdk.internal.loader.Resource::getBytes@1 (line 89)
                      ; - jdk.internal.loader.BuiltinClassLoader::defineClass@84 (line 859)
  0x00000233a548eca8: 5459 6cff 

  0x00000233a548ecac: ;   {other}
  0x00000233a548ecac: 0f1f 8400 | 1c92 00db | bac6 ffff | ff4c 8b54 | 2438 4c89 | 5424 2090 

  0x00000233a548ecc4: ;   {runtime_call UncommonTrapBlob}
  0x00000233a548ecc4: c5f8 77e8 

  0x00000233a548ecc8: ; ImmutableOopMap {[32]=Oop [112]=Oop [120]=NarrowOop [128]=Oop }
                      ;*invokevirtual getInputStream {reexecute=0 rethrow=0 return_oop=0}
                      ; - jdk.internal.loader.Resource::cachedInputStream@9 (line 77)
                      ; - jdk.internal.loader.Resource::getByteBuffer@1 (line 163)
                      ; - jdk.internal.loader.BuiltinClassLoader::defineClass@45 (line 853)
  0x00000233a548ecc8: 3459 6cff 

  0x00000233a548eccc: ;   {other}
  0x00000233a548eccc: 0f1f 8400 | 3c92 00dc | baad ffff | ff4c 8b54 | 2438 4c89 | 5424 204c | 8b54 2470 | 4c89 5424 
  0x00000233a548ecec: 2844 8b54 | 2478 4489 | 5424 3048 | 8944 2470 

  0x00000233a548ecfc: ;   {runtime_call UncommonTrapBlob}
  0x00000233a548ecfc: c5f8 77e8 

  0x00000233a548ed00: ; ImmutableOopMap {[32]=Oop [40]=Oop [48]=NarrowOop [64]=Oop [80]=Oop [88]=Oop [96]=Oop [112]=Oop [128]=Oop }
                      ;*invokevirtual checkRead {reexecute=0 rethrow=0 return_oop=0}
                      ; - java.io.FileInputStream::<init>@38 (line 141)
                      ; - jdk.internal.loader.URLClassPath$FileLoader$1::getInputStream@8 (line 1119)
                      ; - jdk.internal.loader.Resource::cachedInputStream@9 (line 77)
                      ; - jdk.internal.loader.Resource::getByteBuffer@1 (line 163)
                      ; - jdk.internal.loader.BuiltinClassLoader::defineClass@45 (line 853)
  0x00000233a548ed00: fc58 6cff 

  0x00000233a548ed04: ;   {other}
  0x00000233a548ed04: 0f1f 8400 | 7492 00dd | ba2e 0000 | 004c 8b54 | 2438 4c89 | 5424 2090 

  0x00000233a548ed1c: ;   {runtime_call UncommonTrapBlob}
  0x00000233a548ed1c: c5f8 77e8 

  0x00000233a548ed20: ; ImmutableOopMap {[32]=Oop [64]=Oop [80]=Oop [112]=Oop [120]=NarrowOop [128]=Oop }
                      ;*new {reexecute=0 rethrow=0 return_oop=0}
                      ; - java.io.FileInputStream::<init>@60 (line 147)
                      ; - jdk.internal.loader.URLClassPath$FileLoader$1::getInputStream@8 (line 1119)
                      ; - jdk.internal.loader.Resource::cachedInputStream@9 (line 77)
                      ; - jdk.internal.loader.Resource::getByteBuffer@1 (line 163)
                      ; - jdk.internal.loader.BuiltinClassLoader::defineClass@45 (line 853)
  0x00000233a548ed20: dc58 6cff 

  0x00000233a548ed24: ;   {other}
  0x00000233a548ed24: 0f1f 8400 | 9492 00de | baad ffff | ff48 8bac | 2480 0000 | 004c 8b54 | 2438 4c89 | 5424 2044 
  0x00000233a548ed44: 8b54 2478 | 4489 5424 | 2848 8944 | 2478 6690 

  0x00000233a548ed54: ;   {runtime_call UncommonTrapBlob}
  0x00000233a548ed54: c5f8 77e8 

  0x00000233a548ed58: ; ImmutableOopMap {rbp=Oop [32]=Oop [40]=NarrowOop [48]=Oop [64]=Oop [80]=Oop [88]=Oop [120]=Oop }
                      ;*invokevirtual checkRead {reexecute=0 rethrow=0 return_oop=0}
                      ; - java.io.FileInputStream::<init>@38 (line 141)
                      ; - jdk.internal.loader.URLClassPath$FileLoader$1::getInputStream@8 (line 1119)
                      ; - jdk.internal.loader.Resource::cachedInputStream@9 (line 77)
                      ; - jdk.internal.loader.Resource::getBytes@1 (line 89)
                      ; - jdk.internal.loader.BuiltinClassLoader::defineClass@84 (line 859)
  0x00000233a548ed58: a458 6cff 

  0x00000233a548ed5c: ;   {other}
  0x00000233a548ed5c: 0f1f 8400 | cc92 00df | ba2e 0000 | 004c 8b54 | 2438 4c89 | 5424 2090 

  0x00000233a548ed74: ;   {runtime_call UncommonTrapBlob}
  0x00000233a548ed74: c5f8 77e8 

  0x00000233a548ed78: ; ImmutableOopMap {[32]=Oop [48]=Oop [64]=Oop [120]=NarrowOop [128]=Oop }
                      ;*new {reexecute=0 rethrow=0 return_oop=0}
                      ; - java.io.FileInputStream::<init>@60 (line 147)
                      ; - jdk.internal.loader.URLClassPath$FileLoader$1::getInputStream@8 (line 1119)
                      ; - jdk.internal.loader.Resource::cachedInputStream@9 (line 77)
                      ; - jdk.internal.loader.Resource::getBytes@1 (line 89)
                      ; - jdk.internal.loader.BuiltinClassLoader::defineClass@84 (line 859)
  0x00000233a548ed78: 8458 6cff 

  0x00000233a548ed7c: ;   {other}
  0x00000233a548ed7c: 0f1f 8400 | ec92 00e0 | ba45 ffff | ff4c 8b54 | 2438 4c89 | 5424 204c | 894c 2438 | 4489 5c24 
  0x00000233a548ed9c: 4466 6690 

  0x00000233a548eda0: ;   {runtime_call UncommonTrapBlob}
  0x00000233a548eda0: c5f8 77e8 

  0x00000233a548eda4: ; ImmutableOopMap {[32]=Oop [56]=Oop [72]=Oop [80]=NarrowOop [120]=NarrowOop [128]=Oop }
                      ;*if_icmpne {reexecute=1 rethrow=0 return_oop=0}
                      ; - (reexecute) jdk.internal.loader.Resource::getBytes@36 (line 110)
                      ; - jdk.internal.loader.BuiltinClassLoader::defineClass@84 (line 859)
  0x00000233a548eda4: 5858 6cff 

  0x00000233a548eda8: ;   {other}
  0x00000233a548eda8: 0f1f 8400 | 1893 00e1 | be01 0000 | 00ba 45ff | ffff 4c8b | 5424 384c | 8954 2428 | 8974 2434 
  0x00000233a548edc8: ;   {runtime_call UncommonTrapBlob}
  0x00000233a548edc8: c5f8 77e8 

  0x00000233a548edcc: ; ImmutableOopMap {[32]=Oop [40]=Oop [72]=Oop [120]=NarrowOop [128]=Oop }
                      ;*ifeq {reexecute=1 rethrow=0 return_oop=0}
                      ; - (reexecute) jdk.internal.loader.Resource::getBytes@199 (line 150)
                      ; - jdk.internal.loader.BuiltinClassLoader::defineClass@84 (line 859)
  0x00000233a548edcc: 3058 6cff 

  0x00000233a548edd0: ;   {other}
  0x00000233a548edd0: 0f1f 8400 | 4093 00e2 | 4489 4424 | 504c 894c | 2420 4489 | 5c24 5889 | 5424 5c89 | 7424 6048 
  0x00000233a548edf0: 895c 2468 | 897c 2464 | 4c89 5424 | 7048 8984 | 2488 0000 | 0048 898c | 2490 0000 

  0x00000233a548ee0c: ;   {metadata({type array byte})}
  0x00000233a548ee0c: 0048 ba68 | 2200 b233 | 0200 0044 | 8b44 2460 

  0x00000233a548ee1c: ;   {runtime_call _new_array_nozero_Java}
  0x00000233a548ee1c: c5f8 77e8 

  0x00000233a548ee20: ; ImmutableOopMap {[32]=Oop [112]=Derived_oop_[32] [48]=Oop [56]=Oop [64]=Oop [72]=Oop [80]=NarrowOop [104]=Oop [120]=NarrowOop [128]=Oop }
                      ;*newarray {reexecute=0 rethrow=0 return_oop=1}
                      ; - java.util.Arrays::copyOf@15 (line 3541)
                      ; - jdk.internal.loader.Resource::getBytes@94 (line 120)
                      ; - jdk.internal.loader.BuiltinClassLoader::defineClass@84 (line 859)
  0x00000233a548ee20: dc67 78ff 

  0x00000233a548ee24: ;   {other}
  0x00000233a548ee24: 0f1f 8400 | 9493 00e3 | 4c8b c0e9 | 3ad3 ffff | 498b f949 | 8bd8 498b | d7c5 f877 | 49ba c014 
  0x00000233a548ee44: b46c fe7f | 0000 41ff 

  0x00000233a548ee4c: ;   {other}
  0x00000233a548ee4c: d20f 1f84 | 0000 0000 | 004c 8bc3 | 4c8b cf0f | 1f44 0000 | e9f4 bcff | ff49 8bd9 | 498b d7c5 
  0x00000233a548ee6c: f877 49ba | c014 b46c | fe7f 0000 

  0x00000233a548ee78: ;   {other}
  0x00000233a548ee78: 41ff d20f | 1f84 0000 | 0000 004c | 8bcb e92d | bdff ff49 | 8bf9 498b | d7c5 f877 | 49ba c014 
  0x00000233a548ee98: b46c fe7f | 0000 41ff 

  0x00000233a548eea0: ;   {other}
  0x00000233a548eea0: d20f 1f84 | 0000 0000 | 004c 8bcf | e948 b1ff | ff49 8bd7 | c5f8 7749 | bac0 14b4 | 6cfe 7f00 
  0x00000233a548eec0: 0041 ffd2 

  0x00000233a548eec4: ;   {other}
  0x00000233a548eec4: 0f1f 8400 | 0000 0000 | e98b b1ff | ff49 8bd7 | c5f8 7749 | bac0 14b4 | 6cfe 7f00 | 0041 ffd2 
  0x00000233a548eee4: ;   {other}
  0x00000233a548eee4: 0f1f 8400 | 0000 0000 | e91f b2ff | ffba e4ff | ffff 4c8b | 5c24 384c | 895c 2428 | 4c8b 5c24 
  0x00000233a548ef04: 704c 895c | 2430 4c89 | 4424 4044 | 8974 243c | 4c89 4424 | 5848 ff74 | 2468 488f | 4424 6048 
  0x00000233a548ef24: 8974 2468 | 4489 7424 | 704c 898c | 2480 0000 | 0044 8954 | 2474 6690 

  0x00000233a548ef3c: ;   {runtime_call UncommonTrapBlob}
  0x00000233a548ef3c: c5f8 77e8 

  0x00000233a548ef40: ; ImmutableOopMap {rbp=NarrowOop [40]=Oop [48]=Oop [60]=NarrowOop [64]=Oop [88]=Oop [96]=Oop [104]=Oop [112]=NarrowOop [116]=NarrowOop [128]=Oop }
                      ;*baload {reexecute=0 rethrow=0 return_oop=0}
                      ; - java.lang.StringLatin1::hashCode@34 (line 190)
                      ; - java.lang.String::hashCode@27 (line 2369)
                      ; - java.util.concurrent.ConcurrentHashMap::get@1 (line 936)
                      ; - java.lang.ClassLoader::getDefinedPackage@13 (line 2263)
                      ; - jdk.internal.loader.BuiltinClassLoader::getAndVerifyPackage@2 (line 902)
                      ; - jdk.internal.loader.BuiltinClassLoader::defineOrCheckPackage@4 (line 877)
                      ; - jdk.internal.loader.ClassLoaders$AppClassLoader::defineOrCheckPackage@4 (line 211)
                      ; - jdk.internal.loader.BuiltinClassLoader::defineClass@40 (line 849)
  0x00000233a548ef40: bc56 6cff 

  0x00000233a548ef44: ;   {other}
  0x00000233a548ef44: 0f1f 8400 | b494 00e4 | 4489 4424 | 5049 8be9 | 4489 5c24 | 5848 894c | 2460 897c | 245c 8bc3 
  0x00000233a548ef64: 8954 2468 | 4c89 5424 | 2048 8974 

  0x00000233a548ef70: ;   {metadata({type array byte})}
  0x00000233a548ef70: 2470 48ba | 6822 00b2 | 3302 0000 | 448b c090 

  0x00000233a548ef80: ;   {runtime_call _new_array_nozero_Java}
  0x00000233a548ef80: c5f8 77e8 

  0x00000233a548ef84: ; ImmutableOopMap {rbp=Oop [32]=Derived_oop_rbp [48]=Oop [56]=Oop [64]=Oop [72]=Oop [80]=NarrowOop [96]=Oop [120]=NarrowOop [128]=Oop }
                      ;*invokevirtual clone {reexecute=1 rethrow=0 return_oop=1}
                      ; - (reexecute) java.util.Arrays::copyOf@7 (line 3539)
                      ; - jdk.internal.loader.Resource::getBytes@94 (line 120)
                      ; - jdk.internal.loader.BuiltinClassLoader::defineClass@84 (line 859)
  0x00000233a548ef84: 7866 78ff 

  0x00000233a548ef88: ;   {other}
  0x00000233a548ef88: 0f1f 8400 | f894 00e5 | 4c8b c0e9 | 5ccf ffff | 4c89 6c24 | 5044 8954 | 2458 897c | 245c 4889 
  0x00000233a548efa8: 7424 6844 | 895c 2460 | 895c 2430 | 4889 5424 | 4044 8944 | 2464 418b | e948 8944 | 2420 4889 
  0x00000233a548efc8: 8c24 8800 

  0x00000233a548efcc: ;   {metadata({type array byte})}
  0x00000233a548efcc: 0000 48ba | 6822 00b2 | 3302 0000 | 448b c590 

  0x00000233a548efdc: ;   {runtime_call _new_array_nozero_Java}
  0x00000233a548efdc: c5f8 77e8 

  0x00000233a548efe0: ; ImmutableOopMap {[56]=Oop [64]=Oop [72]=Oop [80]=Oop [88]=NarrowOop [104]=Oop [32]=Derived_oop_[104] [112]=Oop [120]=NarrowOop [128]=Oop }
                      ;*invokevirtual clone {reexecute=1 rethrow=0 return_oop=1}
                      ; - (reexecute) java.util.Arrays::copyOf@7 (line 3539)
                      ; - jdk.internal.loader.Resource::getBytes@94 (line 120)
                      ; - jdk.internal.loader.URLClassPath$JarLoader$2::getBytes@1 (line 862)
                      ; - jdk.internal.loader.BuiltinClassLoader::defineClass@84 (line 859)
  0x00000233a548efe0: 1c66 78ff 

  0x00000233a548efe4: ;   {other}
  0x00000233a548efe4: 0f1f 8400 | 5495 00e6 | 4c8b d8e9 | f6cf ffff | baf6 ffff | ff4c 8b54 | 2438 4c89 | 5424 204c 
  0x00000233a548f004: 896c 2438 | 4889 7424 | 4089 7c24 | 344c 895c | 2448 6690 

  0x00000233a548f018: ;   {runtime_call UncommonTrapBlob}
  0x00000233a548f018: c5f8 77e8 

  0x00000233a548f01c: ; ImmutableOopMap {[32]=Oop [56]=Oop [64]=Oop [72]=Oop [120]=NarrowOop [128]=Oop }
                      ;*monitorenter {reexecute=0 rethrow=0 return_oop=0}
                      ; - java.io.FileInputStream::close@14 (line 510)
                      ; - jdk.internal.loader.Resource::getBytes@183 (line 145)
                      ; - jdk.internal.loader.URLClassPath$JarLoader$2::getBytes@1 (line 862)
                      ; - jdk.internal.loader.BuiltinClassLoader::defineClass@84 (line 859)
  0x00000233a548f01c: e055 6cff 

  0x00000233a548f020: ;   {other}
  0x00000233a548f020: 0f1f 8400 | 9095 00e7 | 4c89 4424 | 504c 895c | 2448 4889 | 7424 4089 | 7c24 304c | 896c 2420 
  0x00000233a548f040: 498b d04c | 8d84 24d0 | 0000 0090 

  0x00000233a548f04c: ;   {runtime_call _complete_monitor_locking_Java}
  0x00000233a548f04c: c5f8 77e8 

  0x00000233a548f050: ; ImmutableOopMap {[32]=Oop [56]=Oop [64]=Oop [72]=Oop [80]=Oop [112]=Oop [120]=NarrowOop [128]=Oop }
                      ;*monitorenter {reexecute=0 rethrow=0 return_oop=0}
                      ; - java.io.FileInputStream::close@14 (line 510)
                      ; - jdk.internal.loader.Resource::getBytes@183 (line 145)
                      ; - jdk.internal.loader.URLClassPath$JarLoader$2::getBytes@1 (line 862)
                      ; - jdk.internal.loader.BuiltinClassLoader::defineClass@84 (line 859)
  0x00000233a548f050: 2c72 78ff 

  0x00000233a548f054: ;   {other}
  0x00000233a548f054: 0f1f 8400 | c495 00e8 | 4c8b 6c24 | 208b 7c24 | 3048 8b74 | 2440 4c8b | 5c24 484c | 8b44 2450 
  0x00000233a548f074: e90d acff | ffba e4ff | ffff 4c8b | 9424 8000 | 0000 4c89 | 5424 204c | 8b54 2438 | 4c89 5424 
  0x00000233a548f094: 284c 8b54 | 2470 4c89 | 5424 308b | 5c24 7889 | 5c24 3c48 | 8974 2458 | 4c89 4c24 | 6048 894c 
  0x00000233a548f0b4: 2468 4889 | 4c24 7048 | 8984 2480 | 0000 0044 | 899c 2488 | 0000 0044 | 8984 248c | 0000 0048 
  0x00000233a548f0d4: 8984 2490 | 0000 0090 

  0x00000233a548f0dc: ;   {runtime_call UncommonTrapBlob}
  0x00000233a548f0dc: c5f8 77e8 

  0x00000233a548f0e0: ; ImmutableOopMap {rbp=NarrowOop [32]=Oop [40]=Oop [48]=Oop [60]=NarrowOop [88]=Oop [96]=Oop [104]=Oop [112]=Oop [128]=Oop [136]=NarrowOop [144]=Oop }
                      ;*baload {reexecute=0 rethrow=0 return_oop=0}
                      ; - java.lang.StringLatin1::hashCode@34 (line 190)
                      ; - java.lang.String::hashCode@27 (line 2369)
                      ; - java.util.HashMap::hash@9 (line 338)
                      ; - java.util.HashMap::getNode@23 (line 576)
                      ; - java.util.HashMap::get@2 (line 564)
                      ; - java.util.jar.Manifest::getAttributes@5 (line 160)
                      ; - java.util.jar.Manifest::getTrustedAttributes@2 (line 177)
                      ; - java.util.jar.JavaUtilJarAccessImpl::getTrustedAttributes@2 (line 38)
                      ; - jdk.internal.loader.BuiltinClassLoader::isSealed@17 (line 992)
                      ; - jdk.internal.loader.BuiltinClassLoader::getAndVerifyPackage@70 (line 911)
                      ; - jdk.internal.loader.BuiltinClassLoader::defineOrCheckPackage@4 (line 877)
                      ; - jdk.internal.loader.ClassLoaders$AppClassLoader::defineOrCheckPackage@4 (line 211)
                      ; - jdk.internal.loader.BuiltinClassLoader::defineClass@40 (line 849)
  0x00000233a548f0e0: 1c55 6cff 

  0x00000233a548f0e4: ;   {other}
  0x00000233a548f0e4: 0f1f 8400 | 5496 00e9 | ba45 ffff | ff4c 8b94 | 2480 0000 | 004c 8954 | 2420 4c8b | 5424 384c 
  0x00000233a548f104: 8954 2428 | 4c8b 5424 | 704c 8954 | 2430 448b | 5c24 6c44 | 895c 243c | 448b 5c24 | 7c44 895c 
  0x00000233a548f124: 2478 8944 | 247c 6690 

  0x00000233a548f12c: ;   {runtime_call UncommonTrapBlob}
  0x00000233a548f12c: c5f8 77e8 

  0x00000233a548f130: ; ImmutableOopMap {rbp=NarrowOop [32]=Oop [40]=Oop [48]=Oop [60]=NarrowOop [80]=Oop [88]=Oop [96]=Oop [136]=Oop }
                      ;*ifeq {reexecute=1 rethrow=0 return_oop=0}
                      ; - (reexecute) java.util.HashMap::getNode@66 (line 578)
                      ; - java.util.LinkedHashMap::get@2 (line 536)
                      ; - java.util.jar.Attributes::get@5 (line 106)
                      ; - java.util.jar.Attributes::getValue@2 (line 142)
                      ; - jdk.internal.loader.BuiltinClassLoader::isSealed@34 (line 995)
                      ; - jdk.internal.loader.BuiltinClassLoader::getAndVerifyPackage@70 (line 911)
                      ; - jdk.internal.loader.BuiltinClassLoader::defineOrCheckPackage@4 (line 877)
                      ; - jdk.internal.loader.ClassLoaders$AppClassLoader::defineOrCheckPackage@4 (line 211)
                      ; - jdk.internal.loader.BuiltinClassLoader::defineClass@40 (line 849)
  0x00000233a548f130: cc54 6cff 

  0x00000233a548f134: ;   {other}
  0x00000233a548f134: 0f1f 8400 | a496 00ea | baf6 ffff | ff4c 8b5c | 2438 4c89 | 5c24 204c | 896c 2438 | 4889 7424 
  0x00000233a548f154: 4089 7c24 | 344c 8954 | 2448 6690 

  0x00000233a548f160: ;   {runtime_call UncommonTrapBlob}
  0x00000233a548f160: c5f8 77e8 

  0x00000233a548f164: ; ImmutableOopMap {[32]=Oop [56]=Oop [64]=Oop [72]=Oop [120]=NarrowOop [128]=Oop }
                      ;*invokevirtual closeAll {reexecute=0 rethrow=0 return_oop=0}
                      ; - java.io.FileInputStream::close@65 (line 524)
                      ; - jdk.internal.loader.Resource::getBytes@183 (line 145)
                      ; - jdk.internal.loader.URLClassPath$JarLoader$2::getBytes@1 (line 862)
                      ; - jdk.internal.loader.BuiltinClassLoader::defineClass@84 (line 859)
  0x00000233a548f164: 9854 6cff 

  0x00000233a548f168: ;   {other}
  0x00000233a548f168: 0f1f 8400 | d896 00eb | 4d8b f348 | 8bee 8bf7 | 498b c848 | 8d94 24d0 | 0000 004d | 8bc7 c5f8 
  0x00000233a548f188: 7749 ba70 | 39f5 6cfe | 7f00 0041 

  0x00000233a548f194: ;   {other}
  0x00000233a548f194: ffd2 0f1f | 8400 0000 | 0000 8bfe | 488b f54d | 8bde e971 | c4ff ff48 | 63c6 e9fc | ceff ff49 
  0x00000233a548f1b4: 83c0 fe49 | 8bc8 498b | fb48 33c0 | 4883 f908 | 7f10 48ff | c978 4f48 | 8904 cf48 | ffc9 7df7 
  0x00000233a548f1d4: eb44 c5fd | efc0 e90d | 0000 00c5 | fe7f 07c5 | fe7f 4720 | 4883 c740 | 4883 e908 | 7ded 4883 
  0x00000233a548f1f4: c104 7c0c | c5fe 7f07 | 4883 c720 | 4883 e904 | 4883 c104 | 7e10 48ff | c9c5 f9d6 | 0748 83c7 
  0x00000233a548f214: 0848 ffc9 | 7df3 e9b0 | cfff ff8b | efe9 c4f4 | ffff 8bef | e9ca f4ff | ff4c 895c | 2450 8974 
  0x00000233a548f234: ;   {metadata('java/io/FileInputStream$1')}
  0x00000233a548f234: 2440 48ba | 70a2 1bb2 | 3302 0000 

  0x00000233a548f240: ;   {runtime_call _new_instance_Java}
  0x00000233a548f240: c5f8 77e8 

  0x00000233a548f244: ; ImmutableOopMap {rbp=NarrowOop [32]=Oop [48]=Oop [56]=Oop [72]=Oop [80]=Oop [120]=NarrowOop [128]=Oop }
                      ;*new {reexecute=0 rethrow=0 return_oop=1}
                      ; - java.io.FileInputStream::close@57 (line 524)
                      ; - jdk.internal.loader.Resource::getBytes@183 (line 145)
                      ; - jdk.internal.loader.BuiltinClassLoader::defineClass@84 (line 859)
  0x00000233a548f244: 386a 78ff 

  0x00000233a548f248: ;   {other}
  0x00000233a548f248: 0f1f 8400 | b897 00ec | 8b74 2440 | 4c8b 5c24 | 50e9 f5ef | ffff bac6 | ffff ff4c | 8b5c 2438 
  0x00000233a548f268: 4c89 5c24 | 2889 7424 | 3444 8954 | 2440 6690 

  0x00000233a548f278: ;   {runtime_call UncommonTrapBlob}
  0x00000233a548f278: c5f8 77e8 

  0x00000233a548f27c: ; ImmutableOopMap {[32]=Oop [40]=Oop [64]=NarrowOop [72]=Oop [120]=NarrowOop [128]=Oop }
                      ;*invokevirtual close {reexecute=0 rethrow=0 return_oop=0}
                      ; - jdk.internal.loader.Resource::getBytes@183 (line 145)
                      ; - jdk.internal.loader.BuiltinClassLoader::defineClass@84 (line 859)
  0x00000233a548f27c: 8053 6cff 

  0x00000233a548f280: ;   {other}
  0x00000233a548f280: 0f1f 8400 | f097 00ed | 488b ac24 | 8800 0000 | e9b4 f6ff | ff89 5424 | 2489 7c24 | 2049 8be9 
  0x00000233a548f2a0: e9da f6ff | ffba 76ff | ffff 4c8b | 5424 384c | 8954 2420 | 4c8b 5424 | 484c 8954 | 2430 4c89 
  0x00000233a548f2c0: 4c24 3844 | 895c 2448 

  0x00000233a548f2c8: ;   {runtime_call UncommonTrapBlob}
  0x00000233a548f2c8: c5f8 77e8 

  0x00000233a548f2cc: ; ImmutableOopMap {[32]=Oop [48]=Oop [56]=Oop [80]=NarrowOop [120]=NarrowOop [128]=Oop }
                      ;*if_icmpge {reexecute=1 rethrow=0 return_oop=0}
                      ; - (reexecute) jdk.internal.loader.Resource::getBytes@50 (line 112)
                      ; - jdk.internal.loader.BuiltinClassLoader::defineClass@84 (line 859)
  0x00000233a548f2cc: 3053 6cff 

  0x00000233a548f2d0: ;   {other}
  0x00000233a548f2d0: 0f1f 8400 | 4098 00ee | baf6 ffff | ff48 8b6c | 2440 4c89 | 4424 2090 

  0x00000233a548f2e8: ;   {runtime_call UncommonTrapBlob}
  0x00000233a548f2e8: c5f8 77e8 

  0x00000233a548f2ec: ; ImmutableOopMap {rbp=Oop [32]=Oop }
                      ;*invokevirtual attach {reexecute=0 rethrow=0 return_oop=0}
                      ; - java.io.FileInputStream::<init>@86 (line 150)
                      ; - jdk.internal.loader.URLClassPath$FileLoader$1::getInputStream@8 (line 1119)
                      ; - jdk.internal.loader.Resource::cachedInputStream@9 (line 77)
                      ; - jdk.internal.loader.Resource::getByteBuffer@1 (line 163)
                      ; - jdk.internal.loader.BuiltinClassLoader::defineClass@45 (line 853)
  0x00000233a548f2ec: 1053 6cff 

  0x00000233a548f2f0: ;   {other}
  0x00000233a548f2f0: 0f1f 8400 | 6098 00ef | baf6 ffff | ff4c 8b54 | 2438 4c89 | 5424 2048 | 895c 2448 

  0x00000233a548f30c: ;   {runtime_call UncommonTrapBlob}
  0x00000233a548f30c: c5f8 77e8 

  0x00000233a548f310: ; ImmutableOopMap {[32]=Oop [48]=Oop [72]=Oop [120]=NarrowOop [128]=Oop }
                      ;*invokevirtual attach {reexecute=0 rethrow=0 return_oop=0}
                      ; - java.io.FileInputStream::<init>@86 (line 150)
                      ; - jdk.internal.loader.URLClassPath$FileLoader$1::getInputStream@8 (line 1119)
                      ; - jdk.internal.loader.Resource::cachedInputStream@9 (line 77)
                      ; - jdk.internal.loader.Resource::getBytes@1 (line 89)
                      ; - jdk.internal.loader.BuiltinClassLoader::defineClass@84 (line 859)
  0x00000233a548f310: ec52 6cff 

  0x00000233a548f314: ;   {other}
  0x00000233a548f314: 0f1f 8400 | 8498 00f0 | 4489 4424 | 5049 8be9 | 4489 5c24 | 5889 5424 | 5c48 895c | 2468 897c 
  0x00000233a548f334: 2464 4c89 | 5424 2048 | 8974 2470 

  0x00000233a548f340: ;   {metadata({type array byte})}
  0x00000233a548f340: 48ba 6822 | 00b2 3302 | 0000 448b | c166 6690 

  0x00000233a548f350: ;   {runtime_call _new_array_nozero_Java}
  0x00000233a548f350: c5f8 77e8 

  0x00000233a548f354: ; ImmutableOopMap {rbp=Oop [32]=Derived_oop_rbp [48]=Oop [56]=Oop [64]=Oop [72]=Oop [80]=NarrowOop [104]=Oop [120]=NarrowOop [128]=Oop }
                      ;*invokevirtual clone {reexecute=1 rethrow=0 return_oop=1}
                      ; - (reexecute) java.util.Arrays::copyOf@7 (line 3539)
                      ; - jdk.internal.loader.Resource::getBytes@94 (line 120)
                      ; - jdk.internal.loader.BuiltinClassLoader::defineClass@84 (line 859)
  0x00000233a548f354: a862 78ff 

  0x00000233a548f358: ;   {other}
  0x00000233a548f358: 0f1f 8400 | c898 00f1 | 4c8b c0e9 | 3ff5 ffff | baf6 ffff | ff4c 8b54 | 2438 4c89 | 5424 2889 
  0x00000233a548f378: 7424 344c | 895c 2440 

  0x00000233a548f380: ;   {runtime_call UncommonTrapBlob}
  0x00000233a548f380: c5f8 77e8 

  0x00000233a548f384: ; ImmutableOopMap {[32]=Oop [40]=Oop [64]=Oop [72]=Oop [120]=NarrowOop [128]=Oop }
                      ;*monitorenter {reexecute=0 rethrow=0 return_oop=0}
                      ; - java.io.FileInputStream::close@14 (line 510)
                      ; - jdk.internal.loader.Resource::getBytes@183 (line 145)
                      ; - jdk.internal.loader.BuiltinClassLoader::defineClass@84 (line 859)
  0x00000233a548f384: 7852 6cff 

  0x00000233a548f388: ;   {other}
  0x00000233a548f388: 0f1f 8400 | f898 00f2 | 4c89 4424 | 504c 895c | 2440 8bee | 498b d04c | 8d84 24d0 | 0000 0090 
  0x00000233a548f3a8: ;   {runtime_call _complete_monitor_locking_Java}
  0x00000233a548f3a8: c5f8 77e8 

  0x00000233a548f3ac: ; ImmutableOopMap {[32]=Oop [48]=Oop [56]=Oop [64]=Oop [72]=Oop [80]=Oop [120]=NarrowOop [128]=Oop }
                      ;*monitorenter {reexecute=0 rethrow=0 return_oop=0}
                      ; - java.io.FileInputStream::close@14 (line 510)
                      ; - jdk.internal.loader.Resource::getBytes@183 (line 145)
                      ; - jdk.internal.loader.BuiltinClassLoader::defineClass@84 (line 859)
  0x00000233a548f3ac: d06e 78ff 

  0x00000233a548f3b0: ;   {other}
  0x00000233a548f3b0: 0f1f 8400 | 2099 00f3 | 8bf5 4c8b | 5c24 404c | 8b44 2450 | e9fd c8ff | ffba f6ff | ffff 4c8b 
  0x00000233a548f3d0: 5424 384c | 8954 2428 | 8974 2434 | 4c89 4424 | 4066 6690 

  0x00000233a548f3e4: ;   {runtime_call UncommonTrapBlob}
  0x00000233a548f3e4: c5f8 77e8 

  0x00000233a548f3e8: ; ImmutableOopMap {[32]=Oop [40]=Oop [64]=Oop [72]=Oop [120]=NarrowOop [128]=Oop }
                      ;*invokevirtual closeAll {reexecute=0 rethrow=0 return_oop=0}
                      ; - java.io.FileInputStream::close@65 (line 524)
                      ; - jdk.internal.loader.Resource::getBytes@183 (line 145)
                      ; - jdk.internal.loader.BuiltinClassLoader::defineClass@84 (line 859)
  0x00000233a548f3e8: 1452 6cff 

  0x00000233a548f3ec: ;   {other}
  0x00000233a548f3ec: 0f1f 8400 | 5c99 00f4 | 498b fb49 | 8bc8 488d | 9424 d000 | 0000 4d8b | c7c5 f877 | 49ba 7039 
  0x00000233a548f40c: f56c fe7f | 0000 41ff 

  0x00000233a548f414: ;   {other}
  0x00000233a548f414: d20f 1f84 | 0000 0000 | 004c 8bdf | e9c1 edff | ffba deff | ffff 4c8b | 5424 384c | 8954 2428 
  0x00000233a548f434: 4c8b 5424 | 704c 8954 | 2430 4c89 | 4424 4044 | 8974 243c | 4c89 4424 | 584c 894c | 2460 4889 
  0x00000233a548f454: 7424 6844 | 8974 2470 | 4c89 8c24 | 8000 0000 

  0x00000233a548f464: ;   {runtime_call UncommonTrapBlob}
  0x00000233a548f464: c5f8 77e8 

  0x00000233a548f468: ; ImmutableOopMap {rbp=NarrowOop [40]=Oop [48]=Oop [60]=NarrowOop [64]=Oop [88]=Oop [96]=Oop [104]=Oop [112]=NarrowOop [128]=Oop }
                      ;*checkcast {reexecute=0 rethrow=0 return_oop=0}
                      ; - java.lang.ClassLoader::getDefinedPackage@16 (line 2263)
                      ; - jdk.internal.loader.BuiltinClassLoader::getAndVerifyPackage@2 (line 902)
                      ; - jdk.internal.loader.BuiltinClassLoader::defineOrCheckPackage@4 (line 877)
                      ; - jdk.internal.loader.ClassLoaders$AppClassLoader::defineOrCheckPackage@4 (line 211)
                      ; - jdk.internal.loader.BuiltinClassLoader::defineClass@40 (line 849)
  0x00000233a548f468: 9451 6cff 

  0x00000233a548f46c: ;   {other}
  0x00000233a548f46c: 0f1f 8400 | dc99 00f5 | bade ffff | ff4c 8b94 | 2480 0000 | 004c 8954 | 2420 4c8b | 5424 384c 
  0x00000233a548f48c: 8954 2428 | 4c8b 5424 | 704c 8954 | 2430 448b | 5c24 7844 | 895c 243c | 4889 7424 | 6044 895c 
  0x00000233a548f4ac: 2470 4889 | b424 8000 | 0000 6690 

  0x00000233a548f4b8: ;   {runtime_call UncommonTrapBlob}
  0x00000233a548f4b8: c5f8 77e8 

  0x00000233a548f4bc: ; ImmutableOopMap {rbp=NarrowOop [32]=Oop [40]=Oop [48]=Oop [60]=NarrowOop [96]=Oop [104]=Oop [112]=NarrowOop [128]=Oop [152]=NarrowOop }
                      ;*checkcast {reexecute=0 rethrow=0 return_oop=0}
                      ; - java.lang.ClassLoader::definePackage@50 (line 2125)
                      ; - java.lang.ClassLoader::getDefinedPackage@32 (line 2267)
                      ; - jdk.internal.loader.BuiltinClassLoader::getAndVerifyPackage@2 (line 902)
                      ; - jdk.internal.loader.BuiltinClassLoader::defineOrCheckPackage@4 (line 877)
                      ; - jdk.internal.loader.ClassLoaders$AppClassLoader::defineOrCheckPackage@4 (line 211)
                      ; - jdk.internal.loader.BuiltinClassLoader::defineClass@40 (line 849)
  0x00000233a548f4bc: 4051 6cff 

  0x00000233a548f4c0: ;   {other}
  0x00000233a548f4c0: 0f1f 8400 | 309a 00f6 | bade ffff | ff48 8bac | 2480 0000 | 004c 8b5c | 2438 4c89 | 5c24 204c 
  0x00000233a548f4e0: 8b5c 2470 | 4c89 5c24 | 2844 8b44 | 2478 4489 | 4424 3448 | 8974 2450 | 4c89 4c24 | 5848 894c 
  0x00000233a548f500: 2460 4889 | 4c24 6848 | 8944 2470 | 4489 5424 | 7866 6690 

  0x00000233a548f514: ;   {runtime_call UncommonTrapBlob}
  0x00000233a548f514: c5f8 77e8 

  0x00000233a548f518: ; ImmutableOopMap {rbp=Oop [32]=Oop [40]=Oop [52]=NarrowOop [80]=Oop [88]=Oop [96]=Oop [104]=Oop [112]=Oop [120]=NarrowOop }
                      ;*checkcast {reexecute=0 rethrow=0 return_oop=0}
                      ; - java.util.jar.Manifest::getAttributes@10 (line 160)
                      ; - java.util.jar.Manifest::getTrustedAttributes@2 (line 177)
                      ; - java.util.jar.JavaUtilJarAccessImpl::getTrustedAttributes@2 (line 38)
                      ; - jdk.internal.loader.BuiltinClassLoader::isSealed@17 (line 992)
                      ; - jdk.internal.loader.BuiltinClassLoader::getAndVerifyPackage@70 (line 911)
                      ; - jdk.internal.loader.BuiltinClassLoader::defineOrCheckPackage@4 (line 877)
                      ; - jdk.internal.loader.ClassLoaders$AppClassLoader::defineOrCheckPackage@4 (line 211)
                      ; - jdk.internal.loader.BuiltinClassLoader::defineClass@40 (line 849)
  0x00000233a548f518: e450 6cff 

  0x00000233a548f51c: ;   {other}
  0x00000233a548f51c: 0f1f 8400 | 8c9a 00f7 | bade ffff | ff4c 8b54 | 2438 4c89 | 5424 2048 | 8944 2438 

  0x00000233a548f538: ;   {runtime_call UncommonTrapBlob}
  0x00000233a548f538: c5f8 77e8 

  0x00000233a548f53c: ; ImmutableOopMap {[32]=Oop [56]=Oop [80]=Oop [128]=Oop }
                      ;*checkcast {reexecute=0 rethrow=0 return_oop=0}
                      ; - java.security.SecureClassLoader::getProtectionDomain@33 (line 222)
                      ; - java.security.SecureClassLoader::defineClass@9 (line 150)
                      ; - jdk.internal.loader.BuiltinClassLoader::defineClass@117 (line 862)
  0x00000233a548f53c: c050 6cff 

  0x00000233a548f540: ;   {other}
  0x00000233a548f540: 0f1f 8400 | b09a 00f8 | bade ffff | ff4c 8b94 | 2480 0000 | 004c 8954 | 2420 4c8b | 5424 384c 
  0x00000233a548f560: 8954 2428 | 448b 5424 | 7844 8954 | 2438 4889 | 4c24 5048 | 8974 2458 | 4c89 4c24 | 6066 6690 
  0x00000233a548f580: ;   {runtime_call UncommonTrapBlob}
  0x00000233a548f580: c5f8 77e8 

  0x00000233a548f584: ; ImmutableOopMap {rbp=NarrowOop [32]=Oop [40]=Oop [56]=NarrowOop [80]=Oop [88]=Oop [96]=Oop [112]=Oop }
                      ;*checkcast {reexecute=0 rethrow=0 return_oop=0}
                      ; - java.util.jar.Attributes::getValue@5 (line 142)
                      ; - jdk.internal.loader.BuiltinClassLoader::isSealed@57 (line 997)
                      ; - jdk.internal.loader.BuiltinClassLoader::getAndVerifyPackage@70 (line 911)
                      ; - jdk.internal.loader.BuiltinClassLoader::defineOrCheckPackage@4 (line 877)
                      ; - jdk.internal.loader.ClassLoaders$AppClassLoader::defineOrCheckPackage@4 (line 211)
                      ; - jdk.internal.loader.BuiltinClassLoader::defineClass@40 (line 849)
  0x00000233a548f584: 7850 6cff 

  0x00000233a548f588: ;   {other}
  0x00000233a548f588: 0f1f 8400 | f89a 00f9 | bade ffff | ff4c 8b54 | 2438 4c89 | 5424 2044 | 8b54 2430 | 4489 5424 
  0x00000233a548f5a8: 284c 8b54 | 2440 4c89 | 5424 384c | 8944 2440 | 4889 5c24 | 4866 6690 

  0x00000233a548f5c0: ;   {runtime_call UncommonTrapBlob}
  0x00000233a548f5c0: c5f8 77e8 

  0x00000233a548f5c4: ; ImmutableOopMap {rbp=NarrowOop [32]=Oop [40]=NarrowOop [56]=Oop [64]=Oop [72]=Oop [104]=Oop }
                      ;*checkcast {reexecute=0 rethrow=0 return_oop=0}
                      ; - java.util.jar.JarFile::getManifestFromReference@14 (line 409)
                      ; - java.util.jar.JarFile::getManifest@1 (line 405)
                      ; - jdk.internal.loader.URLClassPath$JarLoader$2::getManifest@22 (line 853)
                      ; - jdk.internal.loader.BuiltinClassLoader::defineClass@29 (line 848)
  0x00000233a548f5c4: 3850 6cff 

  0x00000233a548f5c8: ;   {other}
  0x00000233a548f5c8: 0f1f 8400 | 389b 00fa | baf6 ffff | ff66 6690 

  0x00000233a548f5d8: ;   {runtime_call UncommonTrapBlob}
  0x00000233a548f5d8: c5f8 77e8 

  0x00000233a548f5dc: ; ImmutableOopMap {}
                      ;*invokevirtual getCodeSourceURL {reexecute=0 rethrow=0 return_oop=0}
                      ; - jdk.internal.loader.BuiltinClassLoader::defineClass@1 (line 842)
  0x00000233a548f5dc: 2050 6cff 

  0x00000233a548f5e0: ;   {other}
  0x00000233a548f5e0: 0f1f 8400 | 509b 00fb | baf6 ffff | ff66 6690 

  0x00000233a548f5f0: ;   {runtime_call UncommonTrapBlob}
  0x00000233a548f5f0: c5f8 77e8 

  0x00000233a548f5f4: ; ImmutableOopMap {}
                      ;*invokevirtual lastIndexOf {reexecute=0 rethrow=0 return_oop=0}
                      ; - jdk.internal.loader.BuiltinClassLoader::defineClass@8 (line 845)
  0x00000233a548f5f4: 0850 6cff 

  0x00000233a548f5f8: ;   {other}
  0x00000233a548f5f8: 0f1f 8400 | 689b 00fc | baf6 ffff | ff66 6690 

  0x00000233a548f608: ;   {runtime_call UncommonTrapBlob}
  0x00000233a548f608: c5f8 77e8 

  0x00000233a548f60c: ; ImmutableOopMap {}
                      ;*arraylength {reexecute=0 rethrow=0 return_oop=0}
                      ; - java.lang.String::length@4 (line 1519)
                      ; - java.lang.String::lastIndexOf@3 (line 2535)
                      ; - jdk.internal.loader.BuiltinClassLoader::defineClass@8 (line 845)
  0x00000233a548f60c: f04f 6cff 

  0x00000233a548f610: ;   {other}
  0x00000233a548f610: 0f1f 8400 | 809b 00fd | baf6 ffff | ff4c 8b54 | 2438 4c89 | 5424 204c | 8944 2438 | 4889 7424 
  0x00000233a548f630: 4844 8974 | 2434 6690 

  0x00000233a548f638: ;   {runtime_call UncommonTrapBlob}
  0x00000233a548f638: c5f8 77e8 

  0x00000233a548f63c: ; ImmutableOopMap {[32]=Oop [52]=NarrowOop [56]=Oop [72]=Oop [104]=Oop [112]=Oop }
                      ;*invokevirtual get {reexecute=0 rethrow=0 return_oop=0}
                      ; - java.lang.ClassLoader::getDefinedPackage@13 (line 2263)
                      ; - jdk.internal.loader.BuiltinClassLoader::getAndVerifyPackage@2 (line 902)
                      ; - jdk.internal.loader.BuiltinClassLoader::defineOrCheckPackage@4 (line 877)
                      ; - jdk.internal.loader.ClassLoaders$AppClassLoader::defineOrCheckPackage@4 (line 211)
                      ; - jdk.internal.loader.BuiltinClassLoader::defineClass@40 (line 849)
  0x00000233a548f63c: c04f 6cff 

  0x00000233a548f640: ;   {other}
  0x00000233a548f640: 0f1f 8400 | b09b 00fe | baf6 ffff | ff66 6690 

  0x00000233a548f650: ;   {runtime_call UncommonTrapBlob}
  0x00000233a548f650: c5f8 77e8 

  0x00000233a548f654: ; ImmutableOopMap {}
                      ;*getfield csu {reexecute=1 rethrow=0 return_oop=0}
                      ; - (reexecute) jdk.internal.loader.URLClassPath$JarLoader$2::getCodeSourceURL@4 (line 846)
                      ; - jdk.internal.loader.BuiltinClassLoader::defineClass@1 (line 842)
  0x00000233a548f654: a84f 6cff 

  0x00000233a548f658: ;   {other}
  0x00000233a548f658: 0f1f 8400 | c89b 00ff | baf6 ffff | ff66 6690 

  0x00000233a548f668: ;   {runtime_call UncommonTrapBlob}
  0x00000233a548f668: c5f8 77e8 

  0x00000233a548f66c: ; ImmutableOopMap {}
                      ;*getfield jar {reexecute=1 rethrow=0 return_oop=0}
                      ; - (reexecute) jdk.internal.loader.URLClassPath$JarLoader$2::getManifest@7 (line 852)
                      ; - jdk.internal.loader.BuiltinClassLoader::defineClass@29 (line 848)
  0x00000233a548f66c: 904f 6cff 

  0x00000233a548f670: ;   {other}
  0x00000233a548f670: 0f1f 8400 | 0000 0000 | baf6 ffff | ff66 6690 

  0x00000233a548f680: ;   {runtime_call UncommonTrapBlob}
  0x00000233a548f680: c5f8 77e8 

  0x00000233a548f684: ; ImmutableOopMap {}
                      ;*getfield jar {reexecute=1 rethrow=0 return_oop=0}
                      ; - (reexecute) jdk.internal.loader.URLClassPath$JarLoader$2::getManifest@19 (line 853)
                      ; - jdk.internal.loader.BuiltinClassLoader::defineClass@29 (line 848)
  0x00000233a548f684: 784f 6cff 

  0x00000233a548f688: ;   {other}
  0x00000233a548f688: 0f1f 8400 | 0000 0000 | baf6 ffff | ff66 6690 

  0x00000233a548f698: ;   {runtime_call UncommonTrapBlob}
  0x00000233a548f698: c5f8 77e8 

  0x00000233a548f69c: ; ImmutableOopMap {}
                      ;*invokevirtual getManifest {reexecute=0 rethrow=0 return_oop=0}
                      ; - jdk.internal.loader.URLClassPath$JarLoader$2::getManifest@22 (line 853)
                      ; - jdk.internal.loader.BuiltinClassLoader::defineClass@29 (line 848)
  0x00000233a548f69c: 604f 6cff 

  0x00000233a548f6a0: ;   {other}
  0x00000233a548f6a0: 0f1f 8400 | 0000 0000 | baf4 ffff | ff66 6690 

  0x00000233a548f6b0: ;   {runtime_call UncommonTrapBlob}
  0x00000233a548f6b0: c5f8 77e8 

  0x00000233a548f6b4: ; ImmutableOopMap {[56]=Oop [112]=Oop [120]=NarrowOop [128]=Oop }
                      ;*instanceof {reexecute=0 rethrow=0 return_oop=0}
                      ; - jdk.internal.loader.Resource::getByteBuffer@6 (line 164)
                      ; - jdk.internal.loader.BuiltinClassLoader::defineClass@45 (line 853)
  0x00000233a548f6b4: 484f 6cff 

  0x00000233a548f6b8: ;   {other}
  0x00000233a548f6b8: 0f1f 8400 | 0000 0000 | baf6 ffff | ff49 8be9 | 4889 4c24 | 2066 6690 

  0x00000233a548f6d0: ;   {runtime_call UncommonTrapBlob}
  0x00000233a548f6d0: c5f8 77e8 

  0x00000233a548f6d4: ; ImmutableOopMap {rbp=Oop [32]=Oop }
                      ;*invokeinterface computeIfAbsent {reexecute=0 rethrow=0 return_oop=0}
                      ; - java.security.SecureClassLoader::getProtectionDomain@28 (line 222)
                      ; - java.security.SecureClassLoader::defineClass@9 (line 150)
                      ; - jdk.internal.loader.BuiltinClassLoader::defineClass@117 (line 862)
  0x00000233a548f6d4: 284f 6cff 

  0x00000233a548f6d8: ;   {other}
  0x00000233a548f6d8: 0f1f 8400 | 0000 0000 | baf4 ffff | ff66 6690 

  0x00000233a548f6e8: ;   {runtime_call UncommonTrapBlob}
  0x00000233a548f6e8: c5f8 77e8 

  0x00000233a548f6ec: ; ImmutableOopMap {[56]=Oop [80]=Oop [128]=Oop }
                      ;*checkcast {reexecute=0 rethrow=0 return_oop=0}
                      ; - java.security.SecureClassLoader::getProtectionDomain@33 (line 222)
                      ; - java.security.SecureClassLoader::defineClass@9 (line 150)
                      ; - jdk.internal.loader.BuiltinClassLoader::defineClass@117 (line 862)
  0x00000233a548f6ec: 104f 6cff 

  0x00000233a548f6f0: ;   {other}
  0x00000233a548f6f0: 0f1f 8400 | 0000 0000 | baf6 ffff | ff66 6690 

  0x00000233a548f700: ;   {runtime_call UncommonTrapBlob}
  0x00000233a548f700: c5f8 77e8 

  0x00000233a548f704: ; ImmutableOopMap {}
                      ;*arraylength {reexecute=0 rethrow=0 return_oop=0}
                      ; - java.lang.String::isEmpty@4 (line 1532)
                      ; - java.lang.ClassLoader::checkName@5 (line 1155)
                      ; - java.lang.ClassLoader::preDefineClass@1 (line 900)
                      ; - java.lang.ClassLoader::defineClass@4 (line 1025)
                      ; - java.security.SecureClassLoader::defineClass@12 (line 150)
                      ; - jdk.internal.loader.BuiltinClassLoader::defineClass@117 (line 862)
  0x00000233a548f704: f84e 6cff 

  0x00000233a548f708: ;   {other}
  0x00000233a548f708: 0f1f 8400 | 0000 0000 | baf6 ffff | ff4c 8b5c | 2438 4c89 | 5c24 204c | 896c 2438 | 4c89 6c24 
  0x00000233a548f728: 4044 8954 | 2434 897c | 2448 6690 

  0x00000233a548f734: ;   {runtime_call UncommonTrapBlob}
  0x00000233a548f734: c5f8 77e8 

  0x00000233a548f738: ; ImmutableOopMap {[32]=Oop [52]=NarrowOop [56]=Oop [64]=Oop [120]=NarrowOop [128]=Oop }
                      ;*invokevirtual getSize {reexecute=0 rethrow=0 return_oop=0}
                      ; - jdk.internal.loader.URLClassPath$JarLoader$2::getContentLength@4 (line 850)
                      ; - jdk.internal.loader.Resource::getBytes@10 (line 100)
                      ; - jdk.internal.loader.URLClassPath$JarLoader$2::getBytes@1 (line 862)
                      ; - jdk.internal.loader.BuiltinClassLoader::defineClass@84 (line 859)
  0x00000233a548f738: c44e 6cff 

  0x00000233a548f73c: ;   {other}
  0x00000233a548f73c: 0f1f 8400 | 0000 0000 | baf6 ffff | ff66 6690 

  0x00000233a548f74c: ;   {runtime_call UncommonTrapBlob}
  0x00000233a548f74c: c5f8 77e8 

  0x00000233a548f750: ; ImmutableOopMap {}
                      ;*invokevirtual getCrc {reexecute=0 rethrow=0 return_oop=0}
                      ; - jdk.internal.loader.URLClassPath$JarLoader$2::getBytes@26 (line 865)
                      ; - jdk.internal.loader.BuiltinClassLoader::defineClass@84 (line 859)
  0x00000233a548f750: ac4e 6cff 

  0x00000233a548f754: ;   {other}
  0x00000233a548f754: 0f1f 8400 | 0000 0000 | baf6 ffff | ff66 6690 

  0x00000233a548f764: ;   {runtime_call UncommonTrapBlob}
  0x00000233a548f764: c5f8 77e8 

  0x00000233a548f768: ; ImmutableOopMap {}
                      ;*invokevirtual getCodeSigners {reexecute=0 rethrow=0 return_oop=0}
                      ; - jdk.internal.loader.URLClassPath$JarLoader$2::getCodeSigners@4 (line 858)
                      ; - jdk.internal.loader.BuiltinClassLoader::defineClass@90 (line 860)
  0x00000233a548f768: 944e 6cff 

  0x00000233a548f76c: ;   {other}
  0x00000233a548f76c: 0f1f 8400 | 0000 0000 | baf6 ffff | ff4c 8b54 | 2438 4c89 | 5424 204c | 8944 2438 

  0x00000233a548f788: ;   {runtime_call UncommonTrapBlob}
  0x00000233a548f788: c5f8 77e8 

  0x00000233a548f78c: ; ImmutableOopMap {[32]=Oop [56]=Oop [80]=Oop [120]=NarrowOop [128]=Oop }
                      ;*getfield jv {reexecute=1 rethrow=0 return_oop=0}
                      ; - (reexecute) java.util.jar.JarFile$JarFileEntry::getCodeSigners@31 (line 674)
                      ; - jdk.internal.loader.URLClassPath$JarLoader$2::getCodeSigners@4 (line 858)
                      ; - jdk.internal.loader.BuiltinClassLoader::defineClass@90 (line 860)
  0x00000233a548f78c: 704e 6cff 

  0x00000233a548f790: ;   {other}
  0x00000233a548f790: 0f1f 8400 | 0000 0000 | baf4 ffff | ff48 8b6c | 2438 448b | 5c24 3044 | 895c 2420 | 4c8b 5424 
  0x00000233a548f7b0: 404c 8954 | 2430 4c89 | 4424 3848 | 895c 2440 

  0x00000233a548f7c0: ;   {runtime_call UncommonTrapBlob}
  0x00000233a548f7c0: c5f8 77e8 

  0x00000233a548f7c4: ; ImmutableOopMap {rbp=Oop [32]=NarrowOop [48]=Oop [56]=Oop [64]=Oop [104]=Oop }
                      ;*checkcast {reexecute=0 rethrow=0 return_oop=0}
                      ; - java.util.jar.JarFile::getManifestFromReference@14 (line 409)
                      ; - java.util.jar.JarFile::getManifest@1 (line 405)
                      ; - jdk.internal.loader.URLClassPath$JarLoader$2::getManifest@22 (line 853)
                      ; - jdk.internal.loader.BuiltinClassLoader::defineClass@29 (line 848)
  0x00000233a548f7c4: 384e 6cff 

  0x00000233a548f7c8: ;   {other}
  0x00000233a548f7c8: 0f1f 8400 | 0000 0000 | baf6 ffff | ff49 8be9 

  0x00000233a548f7d8: ;   {runtime_call UncommonTrapBlob}
  0x00000233a548f7d8: c5f8 77e8 

  0x00000233a548f7dc: ; ImmutableOopMap {rbp=Oop }
                      ;*getfield jar {reexecute=1 rethrow=0 return_oop=0}
                      ; - (reexecute) jdk.internal.loader.URLClassPath$JarLoader$2::getInputStream@4 (line 848)
                      ; - jdk.internal.loader.Resource::cachedInputStream@9 (line 77)
                      ; - jdk.internal.loader.Resource::getByteBuffer@1 (line 163)
                      ; - jdk.internal.loader.BuiltinClassLoader::defineClass@45 (line 853)
  0x00000233a548f7dc: 204e 6cff 

  0x00000233a548f7e0: ;   {other}
  0x00000233a548f7e0: 0f1f 8400 | 0000 0000 | baf6 ffff | ff4c 8b54 | 2438 4c89 | 5424 204c | 896c 2438 | 4c89 6c24 
  0x00000233a548f800: 4066 6690 

  0x00000233a548f804: ;   {runtime_call UncommonTrapBlob}
  0x00000233a548f804: c5f8 77e8 

  0x00000233a548f808: ; ImmutableOopMap {[32]=Oop [56]=Oop [64]=Oop [120]=NarrowOop [128]=Oop }
                      ;*getfield jar {reexecute=1 rethrow=0 return_oop=0}
                      ; - (reexecute) jdk.internal.loader.URLClassPath$JarLoader$2::getInputStream@4 (line 848)
                      ; - jdk.internal.loader.Resource::cachedInputStream@9 (line 77)
                      ; - jdk.internal.loader.Resource::getBytes@1 (line 89)
                      ; - jdk.internal.loader.URLClassPath$JarLoader$2::getBytes@1 (line 862)
                      ; - jdk.internal.loader.BuiltinClassLoader::defineClass@84 (line 859)
  0x00000233a548f808: f44d 6cff 

  0x00000233a548f80c: ;   {other}
  0x00000233a548f80c: 0f1f 8400 | 0000 0000 | baf6 ffff | ff4c 8b54 | 2438 4c89 | 5424 204c | 8944 2438 | 4c89 4c24 
  0x00000233a548f82c: 4048 8974 | 2448 4489 | 7424 3490 

  0x00000233a548f838: ;   {runtime_call UncommonTrapBlob}
  0x00000233a548f838: c5f8 77e8 

  0x00000233a548f83c: ; ImmutableOopMap {[32]=Oop [52]=NarrowOop [56]=Oop [64]=Oop [72]=Oop [112]=Oop }
                      ;*arraylength {reexecute=0 rethrow=0 return_oop=0}
                      ; - java.lang.String::isEmpty@4 (line 1532)
                      ; - java.lang.ClassLoader::definePackage@1 (line 2120)
                      ; - java.lang.ClassLoader::getDefinedPackage@32 (line 2267)
                      ; - jdk.internal.loader.BuiltinClassLoader::getAndVerifyPackage@2 (line 902)
                      ; - jdk.internal.loader.BuiltinClassLoader::defineOrCheckPackage@4 (line 877)
                      ; - jdk.internal.loader.ClassLoaders$AppClassLoader::defineOrCheckPackage@4 (line 211)
                      ; - jdk.internal.loader.BuiltinClassLoader::defineClass@40 (line 849)
  0x00000233a548f83c: c04d 6cff 

  0x00000233a548f840: ;   {other}
  0x00000233a548f840: 0f1f 8400 | 0000 0000 | baf6 ffff | ff4c 8b54 | 2438 4c89 | 5424 204c | 8944 2438 | 4489 7424 
  0x00000233a548f860: 3448 8974 | 2450 6690 

  0x00000233a548f868: ;   {runtime_call UncommonTrapBlob}
  0x00000233a548f868: c5f8 77e8 

  0x00000233a548f86c: ; ImmutableOopMap {[32]=Oop [52]=NarrowOop [56]=Oop [80]=Oop [104]=Oop [112]=Oop [120]=NarrowOop [128]=Oop }
                      ;*invokevirtual get {reexecute=0 rethrow=0 return_oop=0}
                      ; - java.lang.ClassLoader::definePackage@47 (line 2125)
                      ; - java.lang.ClassLoader::getDefinedPackage@32 (line 2267)
                      ; - jdk.internal.loader.BuiltinClassLoader::getAndVerifyPackage@2 (line 902)
                      ; - jdk.internal.loader.BuiltinClassLoader::defineOrCheckPackage@4 (line 877)
                      ; - jdk.internal.loader.ClassLoaders$AppClassLoader::defineOrCheckPackage@4 (line 211)
                      ; - jdk.internal.loader.BuiltinClassLoader::defineClass@40 (line 849)
  0x00000233a548f86c: 904d 6cff 

  0x00000233a548f870: ;   {other}
  0x00000233a548f870: 0f1f 8400 | 0000 0000 | baf6 ffff | ff48 8bac | 2480 0000 | 004c 8b54 | 2438 4c89 | 5424 2044 
  0x00000233a548f890: 8b54 2478 | 4489 5424 | 3048 8974 | 2440 6690 

  0x00000233a548f8a0: ;   {runtime_call UncommonTrapBlob}
  0x00000233a548f8a0: c5f8 77e8 

  0x00000233a548f8a4: ; ImmutableOopMap {rbp=Oop [32]=Oop [48]=NarrowOop [64]=Oop [104]=Oop [112]=Oop }
                      ;*invokevirtual isNamed {reexecute=0 rethrow=0 return_oop=0}
                      ; - java.lang.Package::isSealed@4 (line 235)
                      ; - jdk.internal.loader.BuiltinClassLoader::getAndVerifyPackage@14 (line 904)
                      ; - jdk.internal.loader.BuiltinClassLoader::defineOrCheckPackage@4 (line 877)
                      ; - jdk.internal.loader.ClassLoaders$AppClassLoader::defineOrCheckPackage@4 (line 211)
                      ; - jdk.internal.loader.BuiltinClassLoader::defineClass@40 (line 849)
  0x00000233a548f8a4: 584d 6cff 

  0x00000233a548f8a8: ;   {other}
  0x00000233a548f8a8: 0f1f 8400 | 0000 0000 | baf6 ffff | ff48 8bac | 2480 0000 | 004c 8b54 | 2438 4c89 | 5424 2044 
  0x00000233a548f8c8: 8b54 2478 | 4489 5424 | 3048 8974 | 2440 6690 

  0x00000233a548f8d8: ;   {runtime_call UncommonTrapBlob}
  0x00000233a548f8d8: c5f8 77e8 

  0x00000233a548f8dc: ; ImmutableOopMap {rbp=Oop [32]=Oop [48]=NarrowOop [64]=Oop [104]=Oop [112]=Oop }
                      ;*getfield sealBase {reexecute=1 rethrow=0 return_oop=0}
                      ; - (reexecute) java.lang.Package::isSealed@14 (line 235)
                      ; - jdk.internal.loader.BuiltinClassLoader::getAndVerifyPackage@14 (line 904)
                      ; - jdk.internal.loader.BuiltinClassLoader::defineOrCheckPackage@4 (line 877)
                      ; - jdk.internal.loader.ClassLoaders$AppClassLoader::defineOrCheckPackage@4 (line 211)
                      ; - jdk.internal.loader.BuiltinClassLoader::defineClass@40 (line 849)
  0x00000233a548f8dc: 204d 6cff 

  0x00000233a548f8e0: ;   {other}
  0x00000233a548f8e0: 0f1f 8400 | 0000 0000 | baf6 ffff | ff48 8bac | 2480 0000 | 004c 8b54 | 2438 4c89 | 5424 2044 
  0x00000233a548f900: 8b54 2478 | 4489 5424 | 3048 8974 | 2440 6690 

  0x00000233a548f910: ;   {runtime_call UncommonTrapBlob}
  0x00000233a548f910: c5f8 77e8 

  0x00000233a548f914: ; ImmutableOopMap {rbp=Oop [32]=Oop [48]=NarrowOop [64]=Oop [104]=Oop [112]=Oop }
                      ;*arraylength {reexecute=0 rethrow=0 return_oop=0}
                      ; - java.lang.StringLatin1::replace@8 (line 295)
                      ; - java.lang.String::replace@18 (line 2933)
                      ; - jdk.internal.loader.BuiltinClassLoader::isSealed@9 (line 992)
                      ; - jdk.internal.loader.BuiltinClassLoader::getAndVerifyPackage@70 (line 911)
                      ; - jdk.internal.loader.BuiltinClassLoader::defineOrCheckPackage@4 (line 877)
                      ; - jdk.internal.loader.ClassLoaders$AppClassLoader::defineOrCheckPackage@4 (line 211)
                      ; - jdk.internal.loader.BuiltinClassLoader::defineClass@40 (line 849)
  0x00000233a548f914: e84c 6cff 

  0x00000233a548f918: ;   {other}
  0x00000233a548f918: 0f1f 8400 | 0000 0000 | baf6 ffff | ff48 8bac | 2480 0000 | 004c 8b54 | 2438 4c89 | 5424 2044 
  0x00000233a548f938: 8b5c 2478 | 4889 7424 | 4048 894c | 2448 4489 | 5c24 3448 | 8944 2450 

  0x00000233a548f950: ;   {runtime_call UncommonTrapBlob}
  0x00000233a548f950: c5f8 77e8 

  0x00000233a548f954: ; ImmutableOopMap {rbp=Oop [32]=Oop [52]=NarrowOop [64]=Oop [72]=Oop [80]=Oop [112]=Oop [120]=NarrowOop }
                      ;*invokeinterface get {reexecute=0 rethrow=0 return_oop=0}
                      ; - java.util.jar.Manifest::getAttributes@5 (line 160)
                      ; - java.util.jar.Manifest::getTrustedAttributes@2 (line 177)
                      ; - java.util.jar.JavaUtilJarAccessImpl::getTrustedAttributes@2 (line 38)
                      ; - jdk.internal.loader.BuiltinClassLoader::isSealed@17 (line 992)
                      ; - jdk.internal.loader.BuiltinClassLoader::getAndVerifyPackage@70 (line 911)
                      ; - jdk.internal.loader.BuiltinClassLoader::defineOrCheckPackage@4 (line 877)
                      ; - jdk.internal.loader.ClassLoaders$AppClassLoader::defineOrCheckPackage@4 (line 211)
                      ; - jdk.internal.loader.BuiltinClassLoader::defineClass@40 (line 849)
  0x00000233a548f954: a84c 6cff 

  0x00000233a548f958: ;   {other}
  0x00000233a548f958: 0f1f 8400 | 0000 0000 | baf6 ffff | ff48 8bac | 2480 0000 | 004c 8b54 | 2438 4c89 | 5424 2044 
  0x00000233a548f978: 8b54 2478 | 4489 5424 | 3048 8974 | 2440 4889 | 4c24 4890 

  0x00000233a548f98c: ;   {runtime_call UncommonTrapBlob}
  0x00000233a548f98c: c5f8 77e8 

  0x00000233a548f990: ; ImmutableOopMap {rbp=Oop [32]=Oop [48]=NarrowOop [64]=Oop [72]=Oop [112]=Oop }
                      ;*invokeinterface get {reexecute=0 rethrow=0 return_oop=0}
                      ; - java.util.jar.Attributes::get@5 (line 106)
                      ; - java.util.jar.Attributes::getValue@2 (line 142)
                      ; - jdk.internal.loader.BuiltinClassLoader::isSealed@57 (line 997)
                      ; - jdk.internal.loader.BuiltinClassLoader::getAndVerifyPackage@70 (line 911)
                      ; - jdk.internal.loader.BuiltinClassLoader::defineOrCheckPackage@4 (line 877)
                      ; - jdk.internal.loader.ClassLoaders$AppClassLoader::defineOrCheckPackage@4 (line 211)
                      ; - jdk.internal.loader.BuiltinClassLoader::defineClass@40 (line 849)
  0x00000233a548f990: 6c4c 6cff 

  0x00000233a548f994: ;   {other}
  0x00000233a548f994: 0f1f 8400 | 0000 0000 | ba45 ffff | ff48 8b6c | 2438 4489 | 7424 204c | 8b5c 2440 | 4c89 5c24 
  0x00000233a548f9b4: 304c 8944 | 2440 4489 | 5424 4890 

  0x00000233a548f9c0: ;   {runtime_call UncommonTrapBlob}
  0x00000233a548f9c0: c5f8 77e8 

  0x00000233a548f9c4: ; ImmutableOopMap {rbp=Oop [32]=NarrowOop [48]=Oop [64]=Oop [72]=NarrowOop [104]=Oop }
                      ;*ifnonnull {reexecute=1 rethrow=0 return_oop=0}
                      ; - (reexecute) jdk.internal.access.SharedSecrets::javaUtilJarAccess@5 (line 139)
                      ; - jdk.internal.loader.URLClassPath$JarLoader$2::getManifest@0 (line 852)
                      ; - jdk.internal.loader.BuiltinClassLoader::defineClass@29 (line 848)
  0x00000233a548f9c4: 384c 6cff 

  0x00000233a548f9c8: ;   {other}
  0x00000233a548f9c8: 0f1f 8400 | 0000 0000 | baf6 ffff | ff4c 8b54 | 2438 4c89 | 5424 204c | 8944 2438 | 4889 7424 
  0x00000233a548f9e8: 4844 8974 | 2434 6690 

  0x00000233a548f9f0: ;   {runtime_call UncommonTrapBlob}
  0x00000233a548f9f0: c5f8 77e8 

  0x00000233a548f9f4: ; ImmutableOopMap {[32]=Oop [52]=NarrowOop [56]=Oop [72]=Oop [104]=Oop [112]=Oop }
                      ;*arraylength {reexecute=0 rethrow=0 return_oop=0}
                      ; - java.lang.StringLatin1::hashCode@1 (line 188)
                      ; - java.lang.String::hashCode@27 (line 2369)
                      ; - java.util.concurrent.ConcurrentHashMap::get@1 (line 936)
                      ; - java.lang.ClassLoader::getDefinedPackage@13 (line 2263)
                      ; - jdk.internal.loader.BuiltinClassLoader::getAndVerifyPackage@2 (line 902)
                      ; - jdk.internal.loader.BuiltinClassLoader::defineOrCheckPackage@4 (line 877)
                      ; - jdk.internal.loader.ClassLoaders$AppClassLoader::defineOrCheckPackage@4 (line 211)
                      ; - jdk.internal.loader.BuiltinClassLoader::defineClass@40 (line 849)
  0x00000233a548f9f4: 084c 6cff 

  0x00000233a548f9f8: ;   {other}
  0x00000233a548f9f8: 0f1f 8400 | 0000 0000 | ba45 ffff | ff48 8bac | 2480 0000 | 004c 8b5c | 2438 4c89 | 5c24 204c 
  0x00000233a548fa18: 8b5c 2470 | 4c89 5c24 | 2844 8b44 | 2478 4489 | 4424 3448 | 8974 2450 | 4c89 4c24 | 5848 8974 
  0x00000233a548fa38: 2460 4489 | 5424 7490 

  0x00000233a548fa40: ;   {runtime_call UncommonTrapBlob}
  0x00000233a548fa40: c5f8 77e8 

  0x00000233a548fa44: ; ImmutableOopMap {rbp=Oop [32]=Oop [40]=Oop [52]=NarrowOop [80]=Oop [88]=Oop [96]=Oop [104]=Oop [116]=NarrowOop [120]=NarrowOop }
                      ;*ifnonnull {reexecute=1 rethrow=0 return_oop=0}
                      ; - (reexecute) jdk.internal.access.SharedSecrets::javaUtilJarAccess@5 (line 139)
                      ; - jdk.internal.loader.BuiltinClassLoader::isSealed@0 (line 991)
                      ; - jdk.internal.loader.BuiltinClassLoader::getAndVerifyPackage@70 (line 911)
                      ; - jdk.internal.loader.BuiltinClassLoader::defineOrCheckPackage@4 (line 877)
                      ; - jdk.internal.loader.ClassLoaders$AppClassLoader::defineOrCheckPackage@4 (line 211)
                      ; - jdk.internal.loader.BuiltinClassLoader::defineClass@40 (line 849)
  0x00000233a548fa44: b84b 6cff 

  0x00000233a548fa48: ;   {other}
  0x00000233a548fa48: 0f1f 8400 | 0000 0000 | ba45 ffff | ff48 8bac | 2480 0000 | 004c 8b54 | 2438 4c89 | 5424 2044 
  0x00000233a548fa68: 8b5c 2478 | 4889 4c24 | 4844 895c | 2434 4889 | 7424 504c | 894c 2458 | 895c 2464 

  0x00000233a548fa84: ;   {runtime_call UncommonTrapBlob}
  0x00000233a548fa84: c5f8 77e8 

  0x00000233a548fa88: ; ImmutableOopMap {rbp=Oop [32]=Oop [52]=NarrowOop [72]=Oop [80]=Oop [88]=Oop [100]=NarrowOop [112]=Oop [120]=NarrowOop }
                      ;*ifnull {reexecute=1 rethrow=0 return_oop=0}
                      ; - (reexecute) jdk.internal.loader.BuiltinClassLoader::isSealed@50 (line 996)
                      ; - jdk.internal.loader.BuiltinClassLoader::getAndVerifyPackage@70 (line 911)
                      ; - jdk.internal.loader.BuiltinClassLoader::defineOrCheckPackage@4 (line 877)
                      ; - jdk.internal.loader.ClassLoaders$AppClassLoader::defineOrCheckPackage@4 (line 211)
                      ; - jdk.internal.loader.BuiltinClassLoader::defineClass@40 (line 849)
  0x00000233a548fa88: 744b 6cff 

  0x00000233a548fa8c: ;   {other}
  0x00000233a548fa8c: 0f1f 8400 | 0000 0000 | baf6 ffff | ff48 8bac | 2480 0000 | 004c 8b54 | 2438 4c89 | 5424 2044 
  0x00000233a548faac: 8b54 2478 | 4489 5424 | 3048 8974 | 2440 4889 | 4c24 4890 

  0x00000233a548fac0: ;   {runtime_call UncommonTrapBlob}
  0x00000233a548fac0: c5f8 77e8 

  0x00000233a548fac4: ; ImmutableOopMap {rbp=Oop [32]=Oop [48]=NarrowOop [64]=Oop [72]=Oop [112]=Oop }
                      ;*arraylength {reexecute=0 rethrow=0 return_oop=0}
                      ; - java.lang.StringLatin1::hashCode@1 (line 188)
                      ; - java.lang.String::hashCode@27 (line 2369)
                      ; - java.util.HashMap::hash@9 (line 338)
                      ; - java.util.HashMap::getNode@23 (line 576)
                      ; - java.util.HashMap::get@2 (line 564)
                      ; - java.util.jar.Manifest::getAttributes@5 (line 160)
                      ; - java.util.jar.Manifest::getTrustedAttributes@2 (line 177)
                      ; - java.util.jar.JavaUtilJarAccessImpl::getTrustedAttributes@2 (line 38)
                      ; - jdk.internal.loader.BuiltinClassLoader::isSealed@17 (line 992)
                      ; - jdk.internal.loader.BuiltinClassLoader::getAndVerifyPackage@70 (line 911)
                      ; - jdk.internal.loader.BuiltinClassLoader::defineOrCheckPackage@4 (line 877)
                      ; - jdk.internal.loader.ClassLoaders$AppClassLoader::defineOrCheckPackage@4 (line 211)
                      ; - jdk.internal.loader.BuiltinClassLoader::defineClass@40 (line 849)
  0x00000233a548fac4: 384b 6cff 

  0x00000233a548fac8: ;   {other}
  0x00000233a548fac8: 0f1f 8400 | 0000 0000 | baf6 ffff | ff48 8bac | 2480 0000 | 004c 8b54 | 2438 4c89 | 5424 2044 
  0x00000233a548fae8: 8b5c 2478 | 4889 7424 | 4048 894c | 2448 4489 | 5c24 3490 

  0x00000233a548fafc: ;   {runtime_call UncommonTrapBlob}
  0x00000233a548fafc: c5f8 77e8 

  0x00000233a548fb00: ; ImmutableOopMap {rbp=Oop [32]=Oop [52]=NarrowOop [64]=Oop [72]=Oop [112]=Oop [120]=NarrowOop }
                      ;*invokeinterface get {reexecute=0 rethrow=0 return_oop=0}
                      ; - java.util.jar.Attributes::get@5 (line 106)
                      ; - java.util.jar.Attributes::getValue@2 (line 142)
                      ; - jdk.internal.loader.BuiltinClassLoader::isSealed@34 (line 995)
                      ; - jdk.internal.loader.BuiltinClassLoader::getAndVerifyPackage@70 (line 911)
                      ; - jdk.internal.loader.BuiltinClassLoader::defineOrCheckPackage@4 (line 877)
                      ; - jdk.internal.loader.ClassLoaders$AppClassLoader::defineOrCheckPackage@4 (line 211)
                      ; - jdk.internal.loader.BuiltinClassLoader::defineClass@40 (line 849)
  0x00000233a548fb00: fc4a 6cff 

  0x00000233a548fb04: ;   {other}
  0x00000233a548fb04: 0f1f 8400 | 0000 0000 | baf6 ffff | ff48 8bac | 2480 0000 | 004c 8b54 | 2438 4c89 | 5424 2044 
  0x00000233a548fb24: 8b54 2478 | 4489 5424 | 3048 8974 | 2440 4889 | 4c24 4890 

  0x00000233a548fb38: ;   {runtime_call UncommonTrapBlob}
  0x00000233a548fb38: c5f8 77e8 

  0x00000233a548fb3c: ; ImmutableOopMap {rbp=Oop [32]=Oop [48]=NarrowOop [64]=Oop [72]=Oop [112]=Oop }
                      ;*arraylength {reexecute=0 rethrow=0 return_oop=0}
                      ; - java.lang.String::length@4 (line 1519)
                      ; - java.lang.String::equalsIgnoreCase@14 (line 1992)
                      ; - jdk.internal.loader.BuiltinClassLoader::isSealed@67 (line 998)
                      ; - jdk.internal.loader.BuiltinClassLoader::getAndVerifyPackage@70 (line 911)
                      ; - jdk.internal.loader.BuiltinClassLoader::defineOrCheckPackage@4 (line 877)
                      ; - jdk.internal.loader.ClassLoaders$AppClassLoader::defineOrCheckPackage@4 (line 211)
                      ; - jdk.internal.loader.BuiltinClassLoader::defineClass@40 (line 849)
  0x00000233a548fb3c: c04a 6cff 

  0x00000233a548fb40: ;   {other}
  0x00000233a548fb40: 0f1f 8400 | 0000 0000 | ba45 ffff | ff48 8b6c | 2438 448b | 4c24 3044 | 894c 2420 | 4c8b 4424 
  0x00000233a548fb60: 404c 8944 | 2430 4c8b | 4424 484c | 8944 2438 | 4c8b 4424 | 584c 8944 | 2440 4c89 | 5424 4890 
  0x00000233a548fb80: ;   {runtime_call UncommonTrapBlob}
  0x00000233a548fb80: c5f8 77e8 

  0x00000233a548fb84: ; ImmutableOopMap {rbp=Oop [32]=NarrowOop [48]=Oop [56]=Oop [64]=Oop [72]=Oop [80]=Oop [104]=Oop }
                      ;*ifnull {reexecute=1 rethrow=0 return_oop=0}
                      ; - (reexecute) java.util.jar.JarFile::getManifestFromReference@148 (line 433)
                      ; - java.util.jar.JarFile::getManifest@1 (line 405)
                      ; - jdk.internal.loader.URLClassPath$JarLoader$2::getManifest@22 (line 853)
                      ; - jdk.internal.loader.BuiltinClassLoader::defineClass@29 (line 848)
  0x00000233a548fb84: 784a 6cff 

  0x00000233a548fb88: ;   {other}
  0x00000233a548fb88: 0f1f 8400 | 0000 0000 | baf6 ffff | ff66 6690 

  0x00000233a548fb98: ;   {runtime_call UncommonTrapBlob}
  0x00000233a548fb98: c5f8 77e8 

  0x00000233a548fb9c: ; ImmutableOopMap {}
                      ;*invokevirtual getBaseURL {reexecute=0 rethrow=0 return_oop=0}
                      ; - jdk.internal.loader.URLClassPath$FileLoader$1::getCodeSourceURL@4 (line 1117)
                      ; - jdk.internal.loader.BuiltinClassLoader::defineClass@1 (line 842)
  0x00000233a548fb9c: 604a 6cff 

  0x00000233a548fba0: ;   {other}
  0x00000233a548fba0: 0f1f 8400 | 0000 0000 | ba97 ffff | ff4c 8b54 | 2440 4c89 | 5424 304c | 8b54 2448 | 4c89 5424 
  0x00000233a548fbc0: 4066 6690 

  0x00000233a548fbc4: ;   {runtime_call UncommonTrapBlob}
  0x00000233a548fbc4: c5f8 77e8 

  0x00000233a548fbc8: ; ImmutableOopMap {rbp=Oop [32]=Oop [40]=NarrowOop [44]=NarrowOop [48]=Oop [64]=Oop [72]=Oop }
                      ;*invokevirtual clone {reexecute=1 rethrow=0 return_oop=0}
                      ; - (reexecute) java.util.Arrays::copyOfRange@18 (line 3856)
                      ; - java.lang.StringLatin1::newString@16 (line 752)
                      ; - java.lang.String::substring@41 (line 2839)
                      ; - jdk.internal.loader.BuiltinClassLoader::defineClass@23 (line 847)
  0x00000233a548fbc8: 344a 6cff 

  0x00000233a548fbcc: ;   {other}
  0x00000233a548fbcc: 0f1f 8400 | 0000 0000 | 448b 5424 | 3044 8954 | 2420 8b6c | 2464 eb0e | 448b 5c24 | 4444 895c 
  0x00000233a548fbec: 2420 8b6c | 2440 ba97 | ffff ff4c | 8b54 2438 | 4c89 5424 | 304c 8b54 | 2450 4c89 | 5424 4044 
  0x00000233a548fc0c: 8b5c 2458 | 4489 5c24 | 4844 8b5c | 245c 4489 | 5c24 4c90 

  0x00000233a548fc20: ;   {runtime_call UncommonTrapBlob}
  0x00000233a548fc20: c5f8 77e8 

  0x00000233a548fc24: ; ImmutableOopMap {[48]=Oop [64]=Oop [72]=NarrowOop [104]=Oop [120]=NarrowOop [128]=Oop }
                      ;*invokevirtual clone {reexecute=1 rethrow=0 return_oop=0}
                      ; - (reexecute) java.util.Arrays::copyOf@7 (line 3539)
                      ; - jdk.internal.loader.Resource::getBytes@94 (line 120)
                      ; - jdk.internal.loader.URLClassPath$JarLoader$2::getBytes@1 (line 862)
                      ; - jdk.internal.loader.BuiltinClassLoader::defineClass@84 (line 859)
  0x00000233a548fc24: d849 6cff 

  0x00000233a548fc28: ;   {other}
  0x00000233a548fc28: 0f1f 8400 | 0000 0000 | 4c8b d0e9 | 2d07 0000 | 4c8b d00f | 1f44 0000 | e9ad 0000 | 00e9 c301 
  0x00000233a548fc48: 0000 e98e | 0000 00e9 | 3e01 0000 | 488b d8e9 | ec07 0000 | 4c8b d090 | e980 0200 | 0048 8bd8 
  0x00000233a548fc68: 448b 5808 | 49ba 0000 | 00b2 3302 | 0000 4d03 | d34d 8b5a 

  0x00000233a548fc7c: ;   {metadata('java/io/InterruptedIOException')}
  0x00000233a548fc7c: 5049 b890 | fa26 b333 | 0200 004d | 3bd8 0f84 | 1504 0000 | 4d8b 5248 

  0x00000233a548fc94: ;   {metadata('java/io/IOException')}
  0x00000233a548fc94: 49bb 5831 | 04b3 3302 | 0000 6690 | 4d3b d30f | 8518 0e00 | 0044 8b54 | 2454 4585 | d20f 85ee 
  0x00000233a548fcb4: 0300 00e9 | 0804 0000 | 488b d890 | e9fc 0d00 | 0048 8bd8 | e984 0500 | 0048 8bd8 | e91b 0d00 
  0x00000233a548fcd4: 0048 8bd8 | e9e4 0d00 | 0048 8be8 | e990 0300 | 00e9 cf04 | 0000 4c8b | d0eb 034c | 8bd0 498b 
  0x00000233a548fcf4: da45 8b42 | 0849 bb00 | 0000 b233 | 0200 004d | 03d8 e97f | 0200 0048 | 8bd8 e93e | 0500 0048 
  0x00000233a548fd14: 8bd8 e936 | 0500 0048 | 8bd8 6690 | e92c 0500 | 0048 8bd8 | e9c3 0c00 | 0048 8bd8 | e9bb 0c00 
  0x00000233a548fd34: 0048 8bd8 | e9b3 0c00 | 0066 6690 | e990 0100 | 0048 8b6c | 2438 448b | 5c24 3044 | 895c 2420 
  0x00000233a548fd54: 488b 5424 | 584c 8bc0 | 4c8b 5424 | 404c 8954 | 2430 6690 

  0x00000233a548fd68: ;   {optimized virtual_call}
  0x00000233a548fd68: c5f8 77e8 

  0x00000233a548fd6c: ; ImmutableOopMap {rbp=Oop [32]=NarrowOop [48]=Oop [72]=Oop [88]=Oop [104]=Oop }
                      ;*invokevirtual addSuppressed {reexecute=0 rethrow=0 return_oop=0}
                      ; - java.util.jar.JarFile::getManifestFromReference@177 (line 431)
                      ; - java.util.jar.JarFile::getManifest@1 (line 405)
                      ; - jdk.internal.loader.URLClassPath$JarLoader$2::getManifest@22 (line 853)
                      ; - jdk.internal.loader.BuiltinClassLoader::defineClass@29 (line 848)
  0x00000233a548fd6c: 10ed 6bff 

  0x00000233a548fd70: ;   {other}
  0x00000233a548fd70: 0f1f 8400 | 0000 0000 | e9d3 0500 | 0048 8be8 | e9f0 0200 | 0048 8bd8 | e934 0d00 | 00e9 dc01 
  0x00000233a548fd90: 0000 488b | e8e9 db02 | 0000 4c8b | d066 6690 | e9c0 0500 | 00e9 7405 | 0000 4889 | 4424 58e9 
  0x00000233a548fdb0: 6f05 0000 | e965 0500 | 00e9 6005 | 0000 498b | cb48 8d94 | 24d8 0000 | 004d 8bc7 | c5f8 7749 
  0x00000233a548fdd0: ba70 39f5 | 6cfe 7f00 | 0041 ffd2 

  0x00000233a548fddc: ;   {other}
  0x00000233a548fddc: 0f1f 8400 | 0000 0000 | e907 0c00 | 00eb 22eb | 2048 8944 | 2468 488b | 5424 6090 

  0x00000233a548fdf8: ;   {static_call}
  0x00000233a548fdf8: c5f8 77e8 

  0x00000233a548fdfc: ; ImmutableOopMap {rbp=Oop [48]=Oop [56]=Oop [64]=Oop [72]=Oop [80]=NarrowOop [104]=Oop [120]=NarrowOop [128]=Oop [136]=Oop }
                      ;*invokestatic end {reexecute=0 rethrow=0 return_oop=0}
                      ; - java.io.FileInputStream::read@26 (line 289)
                      ; - jdk.internal.loader.Resource::getBytes@117 (line 126)
                      ; - jdk.internal.loader.BuiltinClassLoader::defineClass@84 (line 859)
  0x00000233a548fdfc: 80f2 6bff 

  0x00000233a548fe00: ;   {other}
  0x00000233a548fe00: 0f1f 8400 | 0000 0000 | 488b 4424 | 6844 8b58 | 0849 ba00 | 0000 b233 | 0200 004d | 03d3 4d8b 
  0x00000233a548fe20: ;   {metadata('java/io/InterruptedIOException')}
  0x00000233a548fe20: 5250 49bb | 90fa 26b3 | 3302 0000 | 4d3b d30f | 853d 0200 | 0066 6690 

  0x00000233a548fe38: ;   {static_call}
  0x00000233a548fe38: c5f8 77e8 

  0x00000233a548fe3c: ; ImmutableOopMap {rbp=Oop [48]=Oop [56]=Oop [64]=Oop [72]=Oop [80]=NarrowOop [120]=NarrowOop [128]=Oop [136]=Oop }
                      ;*invokestatic interrupted {reexecute=0 rethrow=0 return_oop=0}
                      ; - jdk.internal.loader.Resource::getBytes@127 (line 128)
                      ; - jdk.internal.loader.BuiltinClassLoader::defineClass@84 (line 859)
  0x00000233a548fe3c: 40f2 6bff 

  0x00000233a548fe40: ;   {other}
  0x00000233a548fe40: 0f1f 8400 | 0000 0000 | 448b 5424 | 20be 0100 | 0000 e91b | c4ff ff4c | 8bd0 e973 | 0700 0048 
  0x00000233a548fe60: 8bd8 448b | 5008 49bb | 0000 00b2 | 3302 0000 | 4d03 da4d 

  0x00000233a548fe74: ;   {metadata('java/io/InterruptedIOException')}
  0x00000233a548fe74: 8b53 5049 | b890 fa26 | b333 0200 | 004d 3bd0 | 0f84 0c07 | 0000 4d8b 

  0x00000233a548fe8c: ;   {metadata('java/io/IOException')}
  0x00000233a548fe8c: 5348 49bb | 5831 04b3 | 3302 0000 | 4d3b d30f | 1f44 0000 | 0f85 1b0c | 0000 448b | 5c24 5c45 
  0x00000233a548feac: 85db 0f85 | e206 0000 | e9ff 0600 | 0048 8bd8 | 0f1f 4000 | e9fc 0b00 | 0048 8bd8 | e9f4 0b00 
  0x00000233a548fecc: 004c 8bd0 | e9fd 0600 | 0048 8be8 | e98b 0600 | 004c 8bd0 | eb03 4c8b | d049 8bda | 458b 5a08 
  0x00000233a548feec: 49ba 0000 | 00b2 3302 | 0000 4d03 | d3e9 fe04 | 0000 4c8b | d0e9 cc06 | 0000 4c8b | d0e9 c406 
  0x00000233a548ff0c: 0000 4c8b | d0e9 bc06 | 0000 488b | d8e9 a30b | 0000 4c8b | d0e9 ac06 | 0000 4c8b | d0e9 a406 
  0x00000233a548ff2c: 0000 488b | d8e9 8b0b | 0000 4c8b | d0e9 9406 | 0000 488b | e8e9 2206 | 0000 4c8b | d0e9 f209 
  0x00000233a548ff4c: 0000 4c8b | d0e9 ea09 | 0000 488b | d8e9 630b | 0000 488b | d8e9 5b0b | 0000 4c8b | d0e9 6406 
  0x00000233a548ff6c: 0000 488b | e8e9 f205 | 0000 488b | d844 8b50 | 0849 bb00 | 0000 b233 | 0200 004d | 03da 4d8b 
  0x00000233a548ff8c: ;   {no_reloc}
  0x00000233a548ff8c: 5350 49b8 | 90fa 26b3 | 3302 0000 | 4d3b d00f | 1f44 0000 | 0f84 0aee | ffff 4d8b 

  0x00000233a548ffa8: ;   {metadata('java/io/IOException')}
  0x00000233a548ffa8: 5348 49bb | 5831 04b3 | 3302 0000 | 4d3b d30f | 8504 0b00 | 008b 7424 | 4085 f60f | 845d a5ff 
  0x00000233a548ffc8: ffe9 e7ed | ffff 488b | d844 8b50 | 0849 bb00 | 0000 b233 | 0200 004d | 03da 4d8b 

  0x00000233a548ffe4: ;   {metadata('java/io/InterruptedIOException')}
  0x00000233a548ffe4: 5350 49bb | 90fa 26b3 | 3302 0000 | 4d3b d30f | 85c8 0a00 | 0066 6690 

  0x00000233a548fffc: ;   {static_call}
  0x00000233a548fffc: c5f8 77e8 

  0x00000233a5490000: ; ImmutableOopMap {[56]=Oop [64]=Oop [72]=Oop [80]=NarrowOop [112]=Oop [120]=NarrowOop [128]=Oop }
                      ;*invokestatic interrupted {reexecute=0 rethrow=0 return_oop=0}
                      ; - jdk.internal.loader.Resource::getBytes@20 (line 103)
                      ; - jdk.internal.loader.BuiltinClassLoader::defineClass@84 (line 859)
  0x00000233a5490000: 7cf0 6bff 

  0x00000233a5490004: ;   {other}
  0x00000233a5490004: 0f1f 8400 | 0000 0000 | 4d8b 9750 

  0x00000233a5490010: ; ImmutableOopMap {[56]=Oop [64]=Oop [72]=Oop [80]=NarrowOop [112]=Oop [120]=NarrowOop [128]=Oop }
                      ;*goto {reexecute=1 rethrow=0 return_oop=0}
                      ; - (reexecute) jdk.internal.loader.Resource::getBytes@26 (line 105)
                      ; - jdk.internal.loader.BuiltinClassLoader::defineClass@84 (line 859)
                      ;   {poll}
  0x00000233a5490010: 0400 0041 | 8502 41ba | 0100 0000 | 4c8b 4c24 | 4048 8b7c | 2448 448b | 5c24 50e9 | cfa1 ffff 
  0x00000233a5490030: 448b 5008 | 49bb 0000 | 00b2 3302 | 0000 4d03 | da4d 8b53 

  0x00000233a5490044: ;   {metadata('java/io/InterruptedIOException')}
  0x00000233a5490044: 5049 bb90 | fa26 b333 | 0200 004d | 3bd3 751e 

  0x00000233a5490054: ;   {static_call}
  0x00000233a5490054: c5f8 77e8 

  0x00000233a5490058: ; ImmutableOopMap {rbp=Oop [48]=Oop [56]=Oop [64]=Oop [72]=Oop [80]=NarrowOop [112]=Oop [120]=NarrowOop [128]=Oop }
                      ;*invokestatic interrupted {reexecute=0 rethrow=0 return_oop=0}
                      ; - jdk.internal.loader.Resource::getBytes@127 (line 128)
                      ; - jdk.internal.loader.BuiltinClassLoader::defineClass@84 (line 859)
  0x00000233a5490058: 24f0 6bff 

  0x00000233a549005c: ;   {other}
  0x00000233a549005c: 0f1f 8400 | 0000 0000 | 8b44 2420 | be01 0000 | 00e9 46a4 | ffff 488b | e844 8b54 | 2450 498b 
  0x00000233a549007c: d290 c5f8 | 7748 b8ff | ffff ffff 

  0x00000233a5490088: ;   {virtual_call}
  0x00000233a5490088: ffff ffe8 

  0x00000233a549008c: ; ImmutableOopMap {rbp=Oop [56]=Oop [64]=Oop [72]=Oop [120]=NarrowOop [128]=Oop }
                      ;*invokevirtual close {reexecute=0 rethrow=0 return_oop=0}
                      ; - jdk.internal.loader.Resource::getBytes@214 (line 145)
                      ; - jdk.internal.loader.BuiltinClassLoader::defineClass@84 (line 859)
  0x00000233a549008c: f0ec 6bff 

  0x00000233a5490090: ;   {other}
  0x00000233a5490090: 0f1f 8400 | 0000 0000 | 448b 5c24 | 5466 6690 | 4585 db74 | 1f4c 8b54 | 2438 4c89 | 5424 2848 
  0x00000233a54900b0: 8b54 2440 

  0x00000233a54900b4: ;   {optimized virtual_call}
  0x00000233a54900b4: c5f8 77e8 

  0x00000233a54900b8: ; ImmutableOopMap {rbp=Oop [40]=Oop [72]=Oop [120]=NarrowOop [128]=Oop }
                      ;*invokevirtual interrupt {reexecute=0 rethrow=0 return_oop=0}
                      ; - jdk.internal.loader.Resource::getBytes@236 (line 151)
                      ; - jdk.internal.loader.BuiltinClassLoader::defineClass@84 (line 859)
  0x00000233a54900b8: c4e9 6bff 

  0x00000233a54900bc: ;   {other}
  0x00000233a54900bc: 0f1f 8400 | 0000 0000 | 488b dde9 | f509 0000 | 4c8b d0e9 | fe04 0000 | 4c8b d0e9 | f604 0000 
  0x00000233a54900dc: 488b d890 | e96c 0100 | 0048 8944 | 2448 4c8b | 5424 384c | 8954 2420 | 488b 5424 | 5066 6690 
  0x00000233a54900fc: ;   {static_call}
  0x00000233a54900fc: c5f8 77e8 

  0x00000233a5490100: ; ImmutableOopMap {[32]=Oop [48]=Oop [64]=Oop [72]=Oop [120]=NarrowOop [128]=Oop }
                      ;*invokestatic end {reexecute=0 rethrow=0 return_oop=0}
                      ; - java.io.FileInputStream::open@19 (line 215)
                      ; - java.io.FileInputStream::<init>@96 (line 152)
                      ; - jdk.internal.loader.URLClassPath$FileLoader$1::getInputStream@8 (line 1119)
                      ; - jdk.internal.loader.Resource::cachedInputStream@9 (line 77)
                      ; - jdk.internal.loader.Resource::getBytes@1 (line 89)
                      ; - jdk.internal.loader.BuiltinClassLoader::defineClass@84 (line 859)
  0x00000233a5490100: 7cef 6bff 

  0x00000233a5490104: ;   {other}
  0x00000233a5490104: 0f1f 8400 | 0000 0000 | 488b 5c24 | 48e9 3b01 | 0000 488b | d8e9 3301 | 0000 488b | d8e9 2b01 
  0x00000233a5490124: 0000 488b | d8e9 2301 | 0000 488b | d8e9 1b01 | 0000 488b | d8e9 b208 | 0000 4889 | 4424 484c 
  0x00000233a5490144: 8b54 2438 | 4c89 5424 | 2048 8b54 | 2450 6690 

  0x00000233a5490154: ;   {static_call}
  0x00000233a5490154: c5f8 77e8 

  0x00000233a5490158: ; ImmutableOopMap {[32]=Oop [48]=Oop [64]=Oop [72]=Oop [112]=Oop [120]=NarrowOop [128]=Oop }
                      ;*invokestatic end {reexecute=0 rethrow=0 return_oop=0}
                      ; - java.io.FileInputStream::open@19 (line 215)
                      ; - java.io.FileInputStream::<init>@96 (line 152)
                      ; - jdk.internal.loader.URLClassPath$FileLoader$1::getInputStream@8 (line 1119)
                      ; - jdk.internal.loader.Resource::cachedInputStream@9 (line 77)
                      ; - jdk.internal.loader.Resource::getByteBuffer@1 (line 163)
                      ; - jdk.internal.loader.BuiltinClassLoader::defineClass@45 (line 853)
  0x00000233a5490158: 24ef 6bff 

  0x00000233a549015c: ;   {other}
  0x00000233a549015c: 0f1f 8400 | 0000 0000 | 488b 5c24 | 48e9 8208 | 0000 488b | d8e9 7a08 | 0000 488b | d8e9 7208 
  0x00000233a549017c: 0000 488b | d8e9 6a08 | 0000 488b | d8e9 6208 | 0000 488b | d8e9 5a08 | 0000 eb21 | eb1f 4889 
  0x00000233a549019c: 4424 4048 | 8b54 2430 

  0x00000233a54901a4: ;   {static_call}
  0x00000233a54901a4: c5f8 77e8 

  0x00000233a54901a8: ; ImmutableOopMap {rbp=Oop [56]=Oop [64]=Oop [72]=Oop [80]=Oop [88]=NarrowOop [112]=Oop [120]=NarrowOop [128]=Oop [152]=Oop }
                      ;*invokestatic end {reexecute=0 rethrow=0 return_oop=0}
                      ; - java.io.FileInputStream::read@26 (line 289)
                      ; - jdk.internal.loader.Resource::getBytes@117 (line 126)
                      ; - jdk.internal.loader.URLClassPath$JarLoader$2::getBytes@1 (line 862)
                      ; - jdk.internal.loader.BuiltinClassLoader::defineClass@84 (line 859)
  0x00000233a54901a8: d4ee 6bff 

  0x00000233a54901ac: ;   {other}
  0x00000233a54901ac: 0f1f 8400 | 0000 0000 | 488b 4424 | 4044 8b50 | 0849 bb00 | 0000 b233 | 0200 004d | 03da 4d8b 
  0x00000233a54901cc: ;   {metadata('java/io/InterruptedIOException')}
  0x00000233a54901cc: 5350 49bb | 90fa 26b3 | 3302 0000 | 4d3b d30f | 1f44 0000 | 0f85 7f03 | 0000 6690 

  0x00000233a54901e8: ;   {static_call}
  0x00000233a54901e8: c5f8 77e8 

  0x00000233a54901ec: ; ImmutableOopMap {rbp=Oop [56]=Oop [72]=Oop [80]=Oop [88]=NarrowOop [112]=Oop [120]=NarrowOop [128]=Oop [152]=Oop }
                      ;*invokestatic interrupted {reexecute=0 rethrow=0 return_oop=0}
                      ; - jdk.internal.loader.Resource::getBytes@127 (line 128)
                      ; - jdk.internal.loader.URLClassPath$JarLoader$2::getBytes@1 (line 862)
                      ; - jdk.internal.loader.BuiltinClassLoader::defineClass@84 (line 859)
  0x00000233a54901ec: 90ee 6bff 

  0x00000233a54901f0: ;   {other}
  0x00000233a54901f0: 0f1f 8400 | 0000 0000 | 448b 5c24 | 20bf 0100 | 0000 e977 | a7ff ff4c | 8bd0 e9c3 | 0300 004c 
  0x00000233a5490210: 8bd0 e9bb | 0300 004c | 8bd0 e9b3 | 0300 0048 | 8bd8 448b | 5008 49bb | 0000 00b2 | 3302 0000 
  0x00000233a5490230: 4d03 da4d | 8b53 504c | 3bd5 660f | 1f44 0000 | 0f85 7b08 | 0000 4533 | c9e9 4d01 | 0000 488b 
  0x00000233a5490250: d84c 8b5c | 2430 488d | 8424 d000 | 0000 4883 | 3800 0f84 | 7900 0000 | 4d8b 1341 | f6c2 020f 
  0x00000233a5490270: 8462 0000 | 0049 83ba | 8600 0000 | 0074 0949 | ff8a 8600 | 0000 eb4b | 498b 8296 | 0000 0049 
  0x00000233a5490290: 0b82 8e00 | 0000 750a | 49c7 423e | 0000 0000 | eb3d 4983 | ba9e 0000 | 0000 7422 | 4833 c049 
  0x00000233a54902b0: c742 3e00 | 0000 00f0 | 8304 2400 | 4983 ba9e | 0000 0000 | 750d f04d | 0fb1 7a3e | 7505 83c8 
  0x00000233a54902d0: 01eb 0ca8 | 00eb 084c | 8b10 f04d | 0fb1 1375 | 0a49 ff8f | 4805 0000 | 4533 d20f 

  0x00000233a54902ec: ;   {no_reloc}
  0x00000233a54902ec: 84d0 0700 | 0048 8b4c | 2430 488d | 9424 d000 | 0000 4d8b | c7c5 f877 | 49ba 7039 | f56c fe7f 
  0x00000233a549030c: 0000 41ff 

  0x00000233a5490310: ;   {other}
  0x00000233a5490310: d20f 1f84 | 0000 0000 | 00e9 a307 | 0000 4889 | 4424 584c | 8b54 2450 | 4d85 d274 | 2349 8bd2 
  0x00000233a5490330: 488b 6c24 | 4090 c5f8 | 7748 b8ff | ffff ffff 

  0x00000233a5490340: ;   {virtual_call}
  0x00000233a5490340: ffff ffe8 

  0x00000233a5490344: ; ImmutableOopMap {rbp=Oop [48]=NarrowOop [56]=Oop [64]=Oop [72]=Oop [88]=Oop [104]=Oop }
                      ;*invokevirtual close {reexecute=0 rethrow=0 return_oop=0}
                      ; - java.util.jar.JarFile::getManifestFromReference@165 (line 431)
                      ; - java.util.jar.JarFile::getManifest@1 (line 405)
                      ; - jdk.internal.loader.URLClassPath$JarLoader$2::getManifest@22 (line 853)
                      ; - jdk.internal.loader.BuiltinClassLoader::defineClass@29 (line 848)
  0x00000233a5490344: 38ea 6bff 

  0x00000233a5490348: ;   {other}
  0x00000233a5490348: 0f1f 8400 | 0000 0000 | 4c8b 5424 | 58eb 0e4c | 8bd0 eb09 | 4c8b d090 | eb03 4c8b | d049 8bda 
  0x00000233a5490368: e954 0700 | 004c 8bd0 | e95d 0200 | 0048 8bd8 | 448b 5808 | 49ba 0000 | 00b2 3302 | 0000 4d03 
  0x00000233a5490388: d34d 8b52 | 504c 3bd5 | 0f85 2b07 | 0000 4c8b | 4c24 2048 | 8b94 2480 | 0000 004c | 8b44 2440 
  0x00000233a54903a8: 488b 7c24 | 3066 6690 

  0x00000233a54903b0: ;   {optimized virtual_call}
  0x00000233a54903b0: c5f8 77e8 

  0x00000233a54903b4: ; ImmutableOopMap {[56]=Oop [64]=Oop [72]=Oop [112]=Oop [120]=NarrowOop [128]=Oop }
                      ;*invokevirtual getAndVerifyPackage {reexecute=0 rethrow=0 return_oop=1}
                      ; - jdk.internal.loader.BuiltinClassLoader::defineOrCheckPackage@53 (line 887)
                      ; - jdk.internal.loader.ClassLoaders$AppClassLoader::defineOrCheckPackage@4 (line 211)
                      ; - jdk.internal.loader.BuiltinClassLoader::defineClass@40 (line 849)
  0x00000233a54903b4: c8e6 6bff 

  0x00000233a54903b8: ;   {other}
  0x00000233a54903b8: 0f1f 8400 | 0000 0000 | 4885 c00f | 8577 74ff | ffba adff | ffff 4c8b | 5424 384c | 8954 2420 
  0x00000233a54903d8: ;   {runtime_call UncommonTrapBlob}
  0x00000233a54903d8: c5f8 77e8 

  0x00000233a54903dc: ; ImmutableOopMap {[32]=Oop [64]=Oop [112]=Oop [120]=NarrowOop [128]=Oop }
                      ;*new {reexecute=0 rethrow=0 return_oop=0}
                      ; - jdk.internal.loader.BuiltinClassLoader::defineOrCheckPackage@63 (line 889)
                      ; - jdk.internal.loader.ClassLoaders$AppClassLoader::defineOrCheckPackage@4 (line 211)
                      ; - jdk.internal.loader.BuiltinClassLoader::defineClass@40 (line 849)
  0x00000233a54903dc: 2042 6cff 

  0x00000233a54903e0: ;   {other}
  0x00000233a54903e0: 0f1f 8400 | 0000 0000 | 488b d844 | 8b58 0849 | ba00 0000 | b233 0200 | 004d 03d3 | 4d8b 5a50 
  0x00000233a5490400: ;   {metadata('java/io/InterruptedIOException')}
  0x00000233a5490400: 49b8 90fa | 26b3 3302 | 0000 4d3b | d80f 84f1 | ccff ff4d 

  0x00000233a5490414: ;   {metadata('java/io/IOException')}
  0x00000233a5490414: 8b52 4849 | bb58 3104 | b333 0200 | 004d 3bd3 | 0f85 9706 | 0000 8b7c | 2430 85ff | 0f85 1c07 
  0x00000233a5490434: 0000 4c8b | 6c24 2048 | 8b74 2440 | e90d 7eff | ff48 8bd8 | 4c8b 5c24 | 5048 8d84 | 24d0 0000 
  0x00000233a5490454: 0048 8338 | 000f 8479 | 0000 004d | 8b13 41f6 | c202 0f84 | 6200 0000 | 4983 ba86 | 0000 0000 
  0x00000233a5490474: 7409 49ff | 8a86 0000 | 00eb 4b49 | 8b82 9600 | 0000 490b | 828e 0000 | 0075 0a49 | c742 3e00 
  0x00000233a5490494: 0000 00eb | 3d49 83ba | 9e00 0000 | 0074 2248 | 33c0 49c7 | 423e 0000 | 0000 f083 | 0424 0049 
  0x00000233a54904b4: 83ba 9e00 | 0000 0075 | 0df0 4d0f | b17a 3e75 | 0583 c801 | eb0c a800 | eb08 4c8b | 10f0 4d0f 
  0x00000233a54904d4: b113 750a | 49ff 8f48 | 0500 0045 | 33d2 0f84 | d905 0000 | 498b cb48 | 8d94 24d0 | 0000 004d 
  0x00000233a54904f4: 8bc7 c5f8 | 7749 ba70 | 39f5 6cfe | 7f00 0041 

  0x00000233a5490504: ;   {other}
  0x00000233a5490504: ffd2 0f1f | 8400 0000 | 0000 e9ae | 0500 0044 | 8b58 0849 | ba00 0000 | b233 0200 | 004d 03d3 
  0x00000233a5490524: 4d8b 5250 

  0x00000233a5490528: ;   {metadata('java/io/InterruptedIOException')}
  0x00000233a5490528: 49bb 90fa | 26b3 3302 | 0000 4d3b | d375 2e4c | 8b54 2450 | 4c89 5424 | 4066 6690 

  0x00000233a5490544: ;   {static_call}
  0x00000233a5490544: c5f8 77e8 

  0x00000233a5490548: ; ImmutableOopMap {[32]=Oop [56]=Oop [64]=Oop [72]=Oop [80]=Oop [88]=NarrowOop [104]=Oop [112]=Oop [120]=NarrowOop [128]=Oop }
                      ;*invokestatic interrupted {reexecute=0 rethrow=0 return_oop=0}
                      ; - jdk.internal.loader.Resource::getBytes@127 (line 128)
                      ; - jdk.internal.loader.URLClassPath$JarLoader$2::getBytes@1 (line 862)
                      ; - jdk.internal.loader.BuiltinClassLoader::defineClass@84 (line 859)
  0x00000233a5490548: 34eb 6bff 

  0x00000233a549054c: ;   {other}
  0x00000233a549054c: 0f1f 8400 | 0000 0000 | 8b44 2430 | bf01 0000 | 0066 6690 | e97f 7cff | ff48 8be8 | 448b 5c24 
  0x00000233a549056c: 5849 8bd3 | 6690 c5f8 | 7748 b8ff | ffff ffff 

  0x00000233a549057c: ;   {virtual_call}
  0x00000233a549057c: ffff ffe8 

  0x00000233a5490580: ; ImmutableOopMap {rbp=Oop [56]=Oop [72]=Oop [80]=Oop [120]=NarrowOop [128]=Oop }
                      ;*invokevirtual close {reexecute=0 rethrow=0 return_oop=0}
                      ; - jdk.internal.loader.Resource::getBytes@214 (line 145)
                      ; - jdk.internal.loader.URLClassPath$JarLoader$2::getBytes@1 (line 862)
                      ; - jdk.internal.loader.BuiltinClassLoader::defineClass@84 (line 859)
  0x00000233a5490580: fce7 6bff 

  0x00000233a5490584: ;   {other}
  0x00000233a5490584: 0f1f 8400 | 0000 0000 | 448b 5424 | 5c45 85d2 | 7422 4c8b | 5424 384c | 8954 2428 | 488b 5424 
  0x00000233a54905a4: 4866 6690 

  0x00000233a54905a8: ;   {optimized virtual_call}
  0x00000233a54905a8: c5f8 77e8 

  0x00000233a54905ac: ; ImmutableOopMap {rbp=Oop [40]=Oop [80]=Oop [120]=NarrowOop [128]=Oop }
                      ;*invokevirtual interrupt {reexecute=0 rethrow=0 return_oop=0}
                      ; - jdk.internal.loader.Resource::getBytes@236 (line 151)
                      ; - jdk.internal.loader.URLClassPath$JarLoader$2::getBytes@1 (line 862)
                      ; - jdk.internal.loader.BuiltinClassLoader::defineClass@84 (line 859)
  0x00000233a54905ac: d0e4 6bff 

  0x00000233a54905b0: ;   {other}
  0x00000233a54905b0: 0f1f 8400 | 0000 0000 | 488b dd0f | 1f44 0000 | e9fc 0400 | 004c 8bd0 | eb08 4c8b | d0eb 034c 
  0x00000233a54905d0: 8bd0 498b | dae9 e704 | 0000 488b | d844 8b58 | 0849 ba00 | 0000 b233 | 0200 004d | 03d3 4d8b 
  0x00000233a54905f0: ;   {metadata('java/io/IOException')}
  0x00000233a54905f0: 5248 49bb | 5831 04b3 | 3302 0000 | 0f1f 4000 | 4d3b d30f | 853f feff | ff4c 8bd8 | 498b 87b8 
  0x00000233a5490610: 0100 004c | 8bd0 4983 | c228 660f | 1f44 0000 | 4d3b 97c8 | 0100 000f | 83a7 0400 | 004d 8997 
  0x00000233a5490630: b801 0000 | 410f 0d8a | c000 0000 | 48c7 0001 

  0x00000233a5490640: ;   {metadata('java/lang/RuntimeException')}
  0x00000233a5490640: 0000 00c7 | 4008 48d8 | 0500 4489 | 600c 4c89 | 6010 4c89 | 6018 4c89 | 6020 488b | e84c 8b54 
  0x00000233a5490660: 2438 4c89 | 5424 2044 | 8b54 2430 | 4489 5424 | 2848 8bd5 | 4d8b c34c | 8b54 2440 | 4c89 5424 
  0x00000233a5490680: 3866 6690 

  0x00000233a5490684: ;   {optimized virtual_call}
  0x00000233a5490684: c5f8 77e8 

  0x00000233a5490688: ; ImmutableOopMap {rbp=Oop [32]=Oop [40]=NarrowOop [56]=Oop [72]=Oop [80]=Oop [104]=Oop }
                      ;*invokespecial <init> {reexecute=0 rethrow=0 return_oop=0}
                      ; - java.util.jar.JarFile::ensureInitialization@13 (line 1066)
                      ; - java.util.jar.JavaUtilJarAccessImpl::ensureInitialization@1 (line 42)
                      ; - jdk.internal.loader.URLClassPath$JarLoader$2::getManifest@10 (line 852)
                      ; - jdk.internal.loader.BuiltinClassLoader::defineClass@29 (line 848)
  0x00000233a5490688: f4e3 6bff 

  0x00000233a549068c: ;   {other}
  0x00000233a549068c: 0f1f 8400 | 0000 0000 | 4c8b 5c24 | 5048 8d84 | 24d0 0000 | 0048 8338 | 000f 8479 | 0000 004d 
  0x00000233a54906ac: 8b13 41f6 | c202 0f84 | 6200 0000 | 4983 ba86 | 0000 0000 | 7409 49ff | 8a86 0000 | 00eb 4b49 
  0x00000233a54906cc: 8b82 9600 | 0000 490b | 828e 0000 | 0075 0a49 | c742 3e00 | 0000 00eb | 3d49 83ba | 9e00 0000 
  0x00000233a54906ec: 0074 2248 | 33c0 49c7 | 423e 0000 | 0000 f083 | 0424 0049 | 83ba 9e00 | 0000 0075 | 0df0 4d0f 
  0x00000233a549070c: b17a 3e75 | 0583 c801 | eb0c a800 | eb08 4c8b | 10f0 4d0f | b113 750a | 49ff 8f48 | 0500 0045 
  0x00000233a549072c: 33d2 0f85 | f303 0000 | 488b d5e9 | 8803 0000 | 4c8b d090 | e979 0300 | 004c 8bd0 | e971 0300 
  0x00000233a549074c: 004c 8bd0 | e969 0300 | 0048 8bd8 | eb03 488b | d84c 8b5c | 2430 488d | 8424 d800 | 0000 4883 
  0x00000233a549076c: 3800 0f84 | 7900 0000 | 4d8b 1341 | f6c2 020f | 8462 0000 | 0049 83ba | 8600 0000 

  0x00000233a5490788: ;   {no_reloc}
  0x00000233a5490788: 0074 0949 | ff8a 8600 | 0000 eb4b | 498b 8296 | 0000 0049 | 0b82 8e00 | 0000 750a | 49c7 423e 
  0x00000233a54907a8: 0000 0000 | eb3d 4983 | ba9e 0000 | 0000 7422 | 4833 c049 | c742 3e00 | 0000 00f0 | 8304 2400 
  0x00000233a54907c8: 4983 ba9e | 0000 0000 | 750d f04d | 0fb1 7a3e | 7505 83c8 | 01eb 0ca8 | 00eb 084c | 8b10 f04d 
  0x00000233a54907e8: 0fb1 1375 | 0a49 ff8f | 4805 0000 | 4533 d20f | 85ff 0200 | 004c 8b5c | 2440 488d | 8424 d000 
  0x00000233a5490808: 0000 4883 | 3800 0f84 | 7900 0000 | 4d8b 1341 | f6c2 020f | 8462 0000 | 0049 83ba | 8600 0000 
  0x00000233a5490828: 0074 0949 | ff8a 8600 | 0000 eb4b | 498b 8296 | 0000 0049 | 0b82 8e00 | 0000 750a | 49c7 423e 
  0x00000233a5490848: 0000 0000 | eb3d 4983 | ba9e 0000 | 0000 7422 | 4833 c049 | c742 3e00 | 0000 00f0 | 8304 2400 
  0x00000233a5490868: 4983 ba9e | 0000 0000 | 750d f04d | 0fb1 7a3e | 7505 83c8 | 01eb 0ca8 | 00eb 084c | 8b10 f04d 
  0x00000233a5490888: ;   {no_reloc}
  0x00000233a5490888: 0fb1 1375 | 0a49 ff8f | 4805 0000 | 4533 d20f | 8424 0200 | 0049 8bcb | 488d 9424 | d000 0000 
  0x00000233a54908a8: 4d8b c7c5 | f877 49ba | 7039 f56c | fe7f 0000 

  0x00000233a54908b8: ;   {other}
  0x00000233a54908b8: 41ff d20f | 1f84 0000 | 0000 00e9 | f901 0000 | 488b d844 | 8b58 0849 | ba00 0000 | b233 0200 
  0x00000233a54908d8: 004d 03d3 | 4d8b 5248 

  0x00000233a54908e0: ;   {metadata('java/io/IOException')}
  0x00000233a54908e0: 49bb 5831 | 04b3 3302 | 0000 4d3b | d30f 85ce | 0100 0048 | 8be8 ba2a | 0000 004c | 8b54 2438 
  0x00000233a5490900: 4c89 5424 | 2866 6690 

  0x00000233a5490908: ;   {runtime_call UncommonTrapBlob}
  0x00000233a5490908: c5f8 77e8 

  0x00000233a549090c: ; ImmutableOopMap {rbp=Oop [40]=Oop [80]=Oop [120]=NarrowOop [128]=Oop }
                      ;*new {reexecute=0 rethrow=0 return_oop=0}
                      ; - java.util.jar.JarFile$JarFileEntry::getCodeSigners@11 (line 672)
                      ; - jdk.internal.loader.URLClassPath$JarLoader$2::getCodeSigners@4 (line 858)
                      ; - jdk.internal.loader.BuiltinClassLoader::defineClass@90 (line 860)
  0x00000233a549090c: f03c 6cff 

  0x00000233a5490910: ;   {other}
  0x00000233a5490910: 0f1f 8400 | 0000 0000 | 488b d80f | 1f44 0000 | e99c 0100 | 0048 8bd8 | e994 0100 | 0048 8bd8 
  0x00000233a5490930: e98c 0100 | 0048 8bd8 | e984 0100 | 004c 8bd0 | 498b dae9 | 7901 0000 | 488b d8eb | 0348 8bd8 
  0x00000233a5490950: 4c8b 5c24 | 3048 8d84 | 24d8 0000 | 0048 8338 | 000f 8479 | 0000 004d | 8b13 41f6 | c202 0f84 
  0x00000233a5490970: 6200 0000 | 4983 ba86 | 0000 0000 | 7409 49ff | 8a86 0000 | 00eb 4b49 | 8b82 9600 | 0000 490b 
  0x00000233a5490990: 828e 0000 | 0075 0a49 | c742 3e00 | 0000 00eb | 3d49 83ba | 9e00 0000 | 0074 2248 | 33c0 49c7 
  0x00000233a54909b0: 423e 0000 | 0000 f083 | 0424 0049 | 83ba 9e00 | 0000 0075 | 0df0 4d0f | b17a 3e75 | 0583 c801 
  0x00000233a54909d0: eb0c a800 | eb08 4c8b | 10f0 4d0f | b113 750a | 49ff 8f48 | 0500 0045 | 33d2 0f85 | cef3 ffff 
  0x00000233a54909f0: 4c8b 5c24 | 7048 8d84 | 24d0 0000 | 0048 8338 | 000f 8479 | 0000 004d | 8b13 41f6 

  0x00000233a5490a0c: ;   {no_reloc}
  0x00000233a5490a0c: c202 0f84 | 6200 0000 | 4983 ba86 | 0000 0000 | 7409 49ff | 8a86 0000 | 00eb 4b49 | 8b82 9600 
  0x00000233a5490a2c: 0000 490b | 828e 0000 | 0075 0a49 | c742 3e00 | 0000 00eb | 3d49 83ba | 9e00 0000 | 0074 2248 
  0x00000233a5490a4c: 33c0 49c7 | 423e 0000 | 0000 f083 | 0424 0049 | 83ba 9e00 | 0000 0075 | 0df0 4d0f | b17a 3e75 
  0x00000233a5490a6c: 0583 c801 | eb0c a800 | eb08 4c8b | 10f0 4d0f | b113 750a | 49ff 8f48 | 0500 0045 | 33d2 7435 
  0x00000233a5490a8c: 488b 4c24 | 7048 8d94 | 24d0 0000 | 004d 8bc7 | c5f8 7749 | ba70 39f5 | 6cfe 7f00 | 0041 ffd2 
  0x00000233a5490aac: ;   {other}
  0x00000233a5490aac: 0f1f 8400 | 0000 0000 | eb0b 4c8b | d0eb 034c | 8bd0 498b | da48 8bd3 | c5f8 7748 | 81c4 f000 
  0x00000233a5490acc: ;   {runtime_call _rethrow_Java}
  0x00000233a5490acc: 0000 5de9 | 2cac 78ff 

  0x00000233a5490ad4: ;   {metadata('java/lang/RuntimeException')}
  0x00000233a5490ad4: 498b eb48 | ba48 d805 | b233 0200 | 0066 6690 

  0x00000233a5490ae4: ;   {runtime_call _new_instance_Java}
  0x00000233a5490ae4: c5f8 77e8 

  0x00000233a5490ae8: ; ImmutableOopMap {rbp=Oop [48]=NarrowOop [56]=Oop [64]=Oop [72]=Oop [80]=Oop [104]=Oop }
                      ;*new {reexecute=0 rethrow=0 return_oop=1}
                      ; - java.util.jar.JarFile::ensureInitialization@8 (line 1066)
                      ; - java.util.jar.JavaUtilJarAccessImpl::ensureInitialization@1 (line 42)
                      ; - jdk.internal.loader.URLClassPath$JarLoader$2::getManifest@10 (line 852)
                      ; - jdk.internal.loader.BuiltinClassLoader::defineClass@29 (line 848)
  0x00000233a5490ae8: 9451 78ff 

  0x00000233a5490aec: ;   {other}
  0x00000233a5490aec: 0f1f 8400 | 0000 0000 | 4c8b dde9 | 5efb ffff | 498b cb48 | 8d94 24d8 | 0000 004d | 8bc7 c5f8 
  0x00000233a5490b0c: 7749 ba70 | 39f5 6cfe | 7f00 0041 

  0x00000233a5490b18: ;   {other}
  0x00000233a5490b18: ffd2 0f1f | 8400 0000 | 0000 e9d6 | fcff ff49 | 8bcb 488d | 9424 d000 | 0000 4d8b | c7c5 f877 
  0x00000233a5490b38: 49ba 7039 | f56c fe7f | 0000 41ff 

  0x00000233a5490b44: ;   {other}
  0x00000233a5490b44: d20f 1f84 | 0000 0000 | 00e9 e2fb | ffff 4c8b | 6c24 2048 | 8b74 2440 | 0f1f 4000 | e9ae c5ff 
  0x00000233a5490b64: ff48 896c | 2428 448b | 5424 5c44 | 8954 2420 | 8b6c 2464 | eb13 4889 | 6c24 2844 | 8b5c 2468 
  0x00000233a5490b84: 4489 5c24 | 208b 6c24 | 5cba 97ff | ffff 4c8b | 5424 484c | 8954 2440 | 448b 5c24 | 5044 895c 
  0x00000233a5490ba4: 2448 6690 

  0x00000233a5490ba8: ;   {runtime_call UncommonTrapBlob}
  0x00000233a5490ba8: c5f8 77e8 

  0x00000233a5490bac: ; ImmutableOopMap {[40]=Oop [56]=Oop [64]=Oop [72]=NarrowOop [120]=NarrowOop [128]=Oop }
                      ;*invokevirtual clone {reexecute=1 rethrow=0 return_oop=0}
                      ; - (reexecute) java.util.Arrays::copyOf@7 (line 3539)
                      ; - jdk.internal.loader.Resource::getBytes@94 (line 120)
                      ; - jdk.internal.loader.BuiltinClassLoader::defineClass@84 (line 859)
  0x00000233a5490bac: 503a 6cff 

  0x00000233a5490bb0: ;   {other}
  0x00000233a5490bb0: 0f1f 8400 | 0000 0000 | 4883 ec08 | c5fb 1104 

  0x00000233a5490bc0: ;   {runtime_call StubRoutines (initial stubs)}
  0x00000233a5490bc0: 24e8 d105 | 67ff 5de9 | 7a8a ffff 

  0x00000233a5490bcc: ;   {internal_word}
  0x00000233a5490bcc: 49ba 8887 | 48a5 3302 | 0000 4d89 | 9760 0400 

  0x00000233a5490bdc: ;   {runtime_call SafepointBlob}
  0x00000233a5490bdc: 00e9 1e4b 

  0x00000233a5490be0: ;   {runtime_call StubRoutines (final stubs)}
  0x00000233a5490be0: 6cff e879 | 416a ffe9 | 325b ffff | f4f4 f4f4 
[Stub Code]
  0x00000233a5490bf0: ;   {no_reloc}
  0x00000233a5490bf0: 48bb 0000 | 0000 0000 

  0x00000233a5490bf8: ;   {runtime_call nmethod}
  0x00000233a5490bf8: 0000 e9fb 

  0x00000233a5490bfc: ;   {static_stub}
  0x00000233a5490bfc: ffff ff48 | bb00 0000 | 0000 0000 

  0x00000233a5490c08: ;   {runtime_call nmethod}
  0x00000233a5490c08: 00e9 fbff 

  0x00000233a5490c0c: ;   {static_stub}
  0x00000233a5490c0c: ffff 48bb | 0000 0000 | 0000 0000 

  0x00000233a5490c18: ;   {runtime_call nmethod}
  0x00000233a5490c18: e9fb ffff 

  0x00000233a5490c1c: ;   {static_stub}
  0x00000233a5490c1c: ff48 bbf0 | 8a31 b233 

  0x00000233a5490c24: ;   {runtime_call I2C/C2I adapters}
  0x00000233a5490c24: 0200 00e9 | 3728 6cff 

  0x00000233a5490c2c: ;   {static_stub}
  0x00000233a5490c2c: 48bb 0000 | 0000 0000 

  0x00000233a5490c34: ;   {runtime_call nmethod}
  0x00000233a5490c34: 0000 e9fb 

  0x00000233a5490c38: ;   {static_stub}
  0x00000233a5490c38: ffff ff48 | bb00 0000 | 0000 0000 

  0x00000233a5490c44: ;   {runtime_call nmethod}
  0x00000233a5490c44: 00e9 fbff 

  0x00000233a5490c48: ;   {static_stub}
  0x00000233a5490c48: ffff 48bb | 0000 0000 | 0000 0000 

  0x00000233a5490c54: ;   {runtime_call nmethod}
  0x00000233a5490c54: e9fb ffff 

  0x00000233a5490c58: ;   {static_stub}
  0x00000233a5490c58: ff48 bb00 | 0000 0000 

  0x00000233a5490c60: ;   {runtime_call nmethod}
  0x00000233a5490c60: 0000 00e9 | fbff ffff 

  0x00000233a5490c68: ;   {static_stub}
  0x00000233a5490c68: 48bb 0000 | 0000 0000 

  0x00000233a5490c70: ;   {runtime_call nmethod}
  0x00000233a5490c70: 0000 e9fb 

  0x00000233a5490c74: ;   {static_stub}
  0x00000233a5490c74: ffff ff48 | bb00 0000 | 0000 0000 

  0x00000233a5490c80: ;   {runtime_call nmethod}
  0x00000233a5490c80: 00e9 fbff 

  0x00000233a5490c84: ;   {static_stub}
  0x00000233a5490c84: ffff 48bb | 0000 0000 | 0000 0000 

  0x00000233a5490c90: ;   {runtime_call nmethod}
  0x00000233a5490c90: e9fb ffff 

  0x00000233a5490c94: ;   {static_stub}
  0x00000233a5490c94: ff48 bb00 | 0000 0000 

  0x00000233a5490c9c: ;   {runtime_call nmethod}
  0x00000233a5490c9c: 0000 00e9 | fbff ffff 

  0x00000233a5490ca4: ;   {static_stub}
  0x00000233a5490ca4: 48bb 0000 | 0000 0000 

  0x00000233a5490cac: ;   {runtime_call nmethod}
  0x00000233a5490cac: 0000 e9fb 

  0x00000233a5490cb0: ;   {static_stub}
  0x00000233a5490cb0: ffff ff48 | bb00 0000 | 0000 0000 

  0x00000233a5490cbc: ;   {runtime_call nmethod}
  0x00000233a5490cbc: 00e9 fbff 

  0x00000233a5490cc0: ;   {static_stub}
  0x00000233a5490cc0: ffff 48bb | 0000 0000 | 0000 0000 

  0x00000233a5490ccc: ;   {runtime_call nmethod}
  0x00000233a5490ccc: e9fb ffff 

  0x00000233a5490cd0: ;   {static_stub}
  0x00000233a5490cd0: ff48 bb00 | 0000 0000 

  0x00000233a5490cd8: ;   {runtime_call nmethod}
  0x00000233a5490cd8: 0000 00e9 | fbff ffff 

  0x00000233a5490ce0: ;   {static_stub}
  0x00000233a5490ce0: 48bb 0000 | 0000 0000 

  0x00000233a5490ce8: ;   {runtime_call nmethod}
  0x00000233a5490ce8: 0000 e9fb 

  0x00000233a5490cec: ;   {static_stub}
  0x00000233a5490cec: ffff ff48 | bb00 0000 | 0000 0000 

  0x00000233a5490cf8: ;   {runtime_call nmethod}
  0x00000233a5490cf8: 00e9 fbff 

  0x00000233a5490cfc: ;   {static_stub}
  0x00000233a5490cfc: ffff 48bb | 0000 0000 | 0000 0000 

  0x00000233a5490d08: ;   {runtime_call nmethod}
  0x00000233a5490d08: e9fb ffff 

  0x00000233a5490d0c: ;   {static_stub}
  0x00000233a5490d0c: ff48 bb00 | 0000 0000 

  0x00000233a5490d14: ;   {runtime_call nmethod}
  0x00000233a5490d14: 0000 00e9 | fbff ffff 

  0x00000233a5490d1c: ;   {static_stub}
  0x00000233a5490d1c: 48bb 0000 | 0000 0000 

  0x00000233a5490d24: ;   {runtime_call nmethod}
  0x00000233a5490d24: 0000 e9fb 

  0x00000233a5490d28: ;   {static_stub}
  0x00000233a5490d28: ffff ff48 | bb00 0000 | 0000 0000 

  0x00000233a5490d34: ;   {runtime_call nmethod}
  0x00000233a5490d34: 00e9 fbff 

  0x00000233a5490d38: ;   {static_stub}
  0x00000233a5490d38: ffff 48bb | 0000 0000 | 0000 0000 

  0x00000233a5490d44: ;   {runtime_call nmethod}
  0x00000233a5490d44: e9fb ffff 

  0x00000233a5490d48: ;   {static_stub}
  0x00000233a5490d48: ff48 bb00 | 0000 0000 

  0x00000233a5490d50: ;   {runtime_call nmethod}
  0x00000233a5490d50: 0000 00e9 | fbff ffff 

  0x00000233a5490d58: ;   {static_stub}
  0x00000233a5490d58: 48bb 0000 | 0000 0000 

  0x00000233a5490d60: ;   {runtime_call nmethod}
  0x00000233a5490d60: 0000 e9fb 

  0x00000233a5490d64: ;   {static_stub}
  0x00000233a5490d64: ffff ff48 | bb00 0000 | 0000 0000 

  0x00000233a5490d70: ;   {runtime_call nmethod}
  0x00000233a5490d70: 00e9 fbff 

  0x00000233a5490d74: ;   {static_stub}
  0x00000233a5490d74: ffff 48bb | 0000 0000 | 0000 0000 

  0x00000233a5490d80: ;   {runtime_call nmethod}
  0x00000233a5490d80: e9fb ffff 

  0x00000233a5490d84: ;   {static_stub}
  0x00000233a5490d84: ff48 bb00 | 0000 0000 

  0x00000233a5490d8c: ;   {runtime_call nmethod}
  0x00000233a5490d8c: 0000 00e9 | fbff ffff 

  0x00000233a5490d94: ;   {static_stub}
  0x00000233a5490d94: 48bb 0000 | 0000 0000 

  0x00000233a5490d9c: ;   {runtime_call nmethod}
  0x00000233a5490d9c: 0000 e9fb 

  0x00000233a5490da0: ;   {static_stub}
  0x00000233a5490da0: ffff ff48 | bb00 0000 | 0000 0000 

  0x00000233a5490dac: ;   {runtime_call nmethod}
  0x00000233a5490dac: 00e9 fbff 

  0x00000233a5490db0: ;   {static_stub}
  0x00000233a5490db0: ffff 48bb | 0000 0000 | 0000 0000 

  0x00000233a5490dbc: ;   {runtime_call nmethod}
  0x00000233a5490dbc: e9fb ffff 

  0x00000233a5490dc0: ;   {static_stub}
  0x00000233a5490dc0: ff48 bb18 | 0305 b233 

  0x00000233a5490dc8: ;   {runtime_call I2C/C2I adapters}
  0x00000233a5490dc8: 0200 00e9 | 9b9f 6bff 

  0x00000233a5490dd0: ;   {static_stub}
  0x00000233a5490dd0: 48bb 0000 | 0000 0000 

  0x00000233a5490dd8: ;   {runtime_call nmethod}
  0x00000233a5490dd8: 0000 e9fb 

  0x00000233a5490ddc: ;   {static_stub}
  0x00000233a5490ddc: ffff ff48 | bb00 0000 | 0000 0000 

  0x00000233a5490de8: ;   {runtime_call nmethod}
  0x00000233a5490de8: 00e9 fbff 

  0x00000233a5490dec: ;   {static_stub}
  0x00000233a5490dec: ffff 48bb | 0000 0000 | 0000 0000 

  0x00000233a5490df8: ;   {runtime_call nmethod}
  0x00000233a5490df8: e9fb ffff 

  0x00000233a5490dfc: ;   {static_stub}
  0x00000233a5490dfc: ff48 bb00 | 0000 0000 

  0x00000233a5490e04: ;   {runtime_call nmethod}
  0x00000233a5490e04: 0000 00e9 | fbff ffff 

  0x00000233a5490e0c: ;   {static_stub}
  0x00000233a5490e0c: 48bb 0000 | 0000 0000 

  0x00000233a5490e14: ;   {runtime_call nmethod}
  0x00000233a5490e14: 0000 e9fb 

  0x00000233a5490e18: ;   {static_stub}
  0x00000233a5490e18: ffff ff48 | bb00 0000 | 0000 0000 

  0x00000233a5490e24: ;   {runtime_call nmethod}
  0x00000233a5490e24: 00e9 fbff 

  0x00000233a5490e28: ;   {static_stub}
  0x00000233a5490e28: ffff 48bb | 0000 0000 | 0000 0000 

  0x00000233a5490e34: ;   {runtime_call nmethod}
  0x00000233a5490e34: e9fb ffff 

  0x00000233a5490e38: ;   {static_stub}
  0x00000233a5490e38: ff48 bb00 | 0000 0000 

  0x00000233a5490e40: ;   {runtime_call nmethod}
  0x00000233a5490e40: 0000 00e9 | fbff ffff 

  0x00000233a5490e48: ;   {static_stub}
  0x00000233a5490e48: 48bb 0000 | 0000 0000 

  0x00000233a5490e50: ;   {runtime_call nmethod}
  0x00000233a5490e50: 0000 e9fb 

  0x00000233a5490e54: ;   {static_stub}
  0x00000233a5490e54: ffff ff48 | bb00 0000 | 0000 0000 

  0x00000233a5490e60: ;   {runtime_call nmethod}
  0x00000233a5490e60: 00e9 fbff 

  0x00000233a5490e64: ;   {static_stub}
  0x00000233a5490e64: ffff 48bb | 0000 0000 | 0000 0000 

  0x00000233a5490e70: ;   {runtime_call nmethod}
  0x00000233a5490e70: e9fb ffff 

  0x00000233a5490e74: ;   {static_stub}
  0x00000233a5490e74: ff48 bb00 | 0000 0000 

  0x00000233a5490e7c: ;   {runtime_call nmethod}
  0x00000233a5490e7c: 0000 00e9 | fbff ffff 

  0x00000233a5490e84: ;   {static_stub}
  0x00000233a5490e84: 48bb 0000 | 0000 0000 

  0x00000233a5490e8c: ;   {runtime_call nmethod}
  0x00000233a5490e8c: 0000 e9fb 

  0x00000233a5490e90: ;   {static_stub}
  0x00000233a5490e90: ffff ff48 | bb00 0000 | 0000 0000 

  0x00000233a5490e9c: ;   {runtime_call nmethod}
  0x00000233a5490e9c: 00e9 fbff 

  0x00000233a5490ea0: ;   {static_stub}
  0x00000233a5490ea0: ffff 48bb | 0000 0000 | 0000 0000 

  0x00000233a5490eac: ;   {runtime_call nmethod}
  0x00000233a5490eac: e9fb ffff 

  0x00000233a5490eb0: ;   {static_stub}
  0x00000233a5490eb0: ff48 bb00 | 0000 0000 

  0x00000233a5490eb8: ;   {runtime_call nmethod}
  0x00000233a5490eb8: 0000 00e9 | fbff ffff 
[Exception Handler]
  0x00000233a5490ec0: ;   {runtime_call ExceptionBlob}
  0x00000233a5490ec0: e9bb 5078 | ffe8 0000 | 0000 4883 

  0x00000233a5490ecc: ;   {runtime_call DeoptimizationBlob}
  0x00000233a5490ecc: 2c24 05e9 | cc3a 6cff | f4f4 f4f4 
[/MachCode]


Compiled method (c2) 82969 5386       4       java.lang.ClassLoader::loadClass (7 bytes)
 total in heap  [0x00000233a54a9990,0x00000233a54af160] = 22480
 relocation     [0x00000233a54a9af0,0x00000233a54a9dd8] = 744
 main code      [0x00000233a54a9de0,0x00000233a54acef0] = 12560
 stub code      [0x00000233a54acef0,0x00000233a54acfb8] = 200
 oops           [0x00000233a54acfb8,0x00000233a54acfc8] = 16
 metadata       [0x00000233a54acfc8,0x00000233a54ad130] = 360
 scopes data    [0x00000233a54ad130,0x00000233a54ae720] = 5616
 scopes pcs     [0x00000233a54ae720,0x00000233a54aedb0] = 1680
 dependencies   [0x00000233a54aedb0,0x00000233a54aede0] = 48
 handler table  [0x00000233a54aede0,0x00000233a54af110] = 816
 nul chk table  [0x00000233a54af110,0x00000233a54af160] = 80

[Constant Pool (empty)]

[MachCode]
[Entry Point]
  # {method} {0x00000233b20140e8} 'loadClass' '(Ljava/lang/String;)Ljava/lang/Class;' in 'java/lang/ClassLoader'
  # this:     rdx:rdx   = 'java/lang/ClassLoader'
  # parm0:    r8:r8     = 'java/lang/String'
  #           [sp+0xe0]  (sp of caller)
  0x00000233a54a9de0: 448b 5208 | 49bb 0000 | 00b2 3302 | 0000 4d03 | d349 3bc2 

  0x00000233a54a9df4: ;   {runtime_call ic_miss_stub}
  0x00000233a54a9df4: 0f85 8649 | 6aff 6690 | 0f1f 4000 
[Verified Entry Point]
  0x00000233a54a9e00: 8984 2400 | 80ff ff55 | 4881 ecd0 | 0000 0090 | 4181 7f20 | 0700 0000 | 0f85 c730 | 0000 4c89 
  0x00000233a54a9e20: 4424 2044 

  0x00000233a54a9e24: ;   {metadata('jdk/internal/loader/ClassLoaders$AppClassLoader')}
  0x00000233a54a9e24: 8b5a 0841 | 81fb 009a | 0600 0f85 | 9b19 0000 | 4c8b c241 | 8b68 2885 | ed66 6690 | 0f84 ae1a 
  0x00000233a54a9e44: 0000 498b | 87b8 0100 | 004c 8bd0 | 4983 c210 | 0f1f 8400 | 0000 0000 | 6666 6690 | 4d3b 97c8 
  0x00000233a54a9e64: 0100 000f | 83da 1b00 | 004d 8997 | b801 0000 | 410f 0d8a | c000 0000 | 48c7 0001 

  0x00000233a54a9e80: ;   {metadata('java/lang/Object')}
  0x00000233a54a9e80: 0000 00c7 | 4008 700e | 0000 4489 | 600c 4c89 | 4424 2848 | 8944 2430 | 488b d54c | 8b44 2420 
  0x00000233a54a9ea0: 4c8b c8bf | 0100 0000 

  0x00000233a54a9ea8: ;   {optimized virtual_call}
  0x00000233a54a9ea8: c5f8 77e8 

  0x00000233a54a9eac: ; ImmutableOopMap {[32]=Oop [40]=Oop [48]=Oop }
                      ;*invokevirtual putVal {reexecute=0 rethrow=0 return_oop=1}
                      ; - java.util.concurrent.ConcurrentHashMap::putIfAbsent@4 (line 1541)
                      ; - java.lang.ClassLoader::getClassLoadingLock@23 (line 681)
                      ; - jdk.internal.loader.BuiltinClassLoader::loadClassOrNull@2 (line 651)
                      ; - jdk.internal.loader.BuiltinClassLoader::loadClass@3 (line 639)
                      ; - jdk.internal.loader.ClassLoaders$AppClassLoader::loadClass@36 (line 188)
                      ; - java.lang.ClassLoader::loadClass@3 (line 526)
  0x00000233a54a9eac: 1016 d2ff 

  0x00000233a54a9eb0: ;   {other}
  0x00000233a54a9eb0: 0f1f 8400 | 2005 0000 | 4885 c00f | 1f44 0000 | 0f85 3f19 | 0000 4c8b | 4424 284c | 8b54 2430 
  0x00000233a54a9ed0: 488d 9c24 | b000 0000 | 498b 02a8 | 020f 8523 | 0000 0048 | 83c8 0148 | 8903 f049 | 0fb1 1a0f 
  0x00000233a54a9ef0: 8437 0000 | 0048 2bc4 | 4825 07f0 | ffff 4889 | 03e9 2400 | 0000 4c8b | d848 33c0 | f04d 0fb1 
  0x00000233a54a9f10: 7b3e 48c7 | 0303 0000 | 0074 114c | 3bf8 7515 | 49ff 8386 | 0000 0048 | 33c0 7509 | 49ff 8748 
  0x00000233a54a9f30: 0500 0033 | c00f 853e | 1e00 004c | 8b4c 2420 

  0x00000233a54a9f40: ; implicit exception: dispatches to 0x00000233a54acd18
  0x00000233a54a9f40: 418b 5914 

  0x00000233a54a9f44: ; implicit exception: dispatches to 0x00000233a54acc8a
  0x00000233a54a9f44: 448b 5b0c | 4585 db0f | 8660 1e00 | 0041 0fbe | 4910 85c9 | 0f85 8720 | 0000 c4c2 | 72f7 d341 
  0x00000233a54a9f64: 3bd3 410f | 4fd3 488b | cb48 8d73 | 1085 d20f | 8ed1 0000 | 0044 3bda | 0f1f 4000 | 0f82 811e 
  0x00000233a54a9f84: 0000 488b | feb8 2f00 | 0000 488b | df83 fa10 | 0f8c 7900 | 0000 83fa | 200f 8c36 | 0000 00c5 
  0x00000233a54a9fa4: f96e c0c4 | e27d 78c0 

  0x00000233a54a9fac: ;   {no_reloc}
  0x00000233a54a9fac: c5ed efd2 | 8bca 83e1 | e083 e21f | c5fe 6f0b | c5f5 74c8 | c4e2 7d17 | d10f 8369 | 0000 0048 
  0x00000233a54a9fcc: 83c3 2083 | e920 75e4 | e90d 0000 | 00c5 f96e | c0c5 e9ef | d2c4 e279 | 00c2 83fa | 100f 8c24 
  0x00000233a54a9fec: 0000 008b | ca83 e1f0 | 83e2 0fc5 | fa6f 0bc5 | f174 c8c4 | e279 17d1 | 0f83 2a00 | 0000 4883 
  0x00000233a54aa00c: c310 83e9 | 1075 e485 | d20f 8412 | 0000 000f | b60b 3bc1 | 741c 4883 | c301 83ea | 0174 02eb 
  0x00000233a54aa02c: eebb ffff | ffff eb0d | c5fd d7c9 | 0fbc c148 | 03d8 482b | df83 fbff | 0f85 ee1f | 0000 440f 
  0x00000233a54aa04c: b61e 4183 | fb5b 0f84 | 7c20 0000 | 4c89 5424 | 504c 8944 | 2420 4c89 | 4c24 4849 | 8bd0 4d8b 
  0x00000233a54aa06c: c149 8bea 

  0x00000233a54aa070: ;   {optimized virtual_call}
  0x00000233a54aa070: c5f8 77e8 

  0x00000233a54aa074: ; ImmutableOopMap {rbp=Oop [32]=Oop [72]=Oop [80]=Oop }
                      ;*invokevirtual findLoadedClass0 {reexecute=0 rethrow=0 return_oop=1}
                      ; - java.lang.ClassLoader::findLoadedClass@11 (line 1300)
                      ; - jdk.internal.loader.BuiltinClassLoader::loadClassOrNull@10 (line 653)
                      ; - jdk.internal.loader.BuiltinClassLoader::loadClass@3 (line 639)
                      ; - jdk.internal.loader.ClassLoaders$AppClassLoader::loadClass@36 (line 188)
                      ; - java.lang.ClassLoader::loadClass@3 (line 526)
  0x00000233a54aa074: e8e3 c0ff 

  0x00000233a54aa078: ;   {other}
  0x00000233a54aa078: 0f1f 8400 | e806 0001 | 488b d848 | 85c0 0f85 | 7218 0000 | 488b 5424 | 204c 8b44 | 2448 6690 
  0x00000233a54aa098: ;   {optimized virtual_call}
  0x00000233a54aa098: c5f8 77e8 

  0x00000233a54aa09c: ; ImmutableOopMap {rbp=Oop [32]=Oop [72]=Oop [80]=Oop }
                      ;*invokevirtual findLoadedModule {reexecute=0 rethrow=0 return_oop=1}
                      ; - jdk.internal.loader.BuiltinClassLoader::loadClassOrNull@22 (line 658)
                      ; - jdk.internal.loader.BuiltinClassLoader::loadClass@3 (line 639)
                      ; - jdk.internal.loader.ClassLoaders$AppClassLoader::loadClass@36 (line 188)
                      ; - java.lang.ClassLoader::loadClass@3 (line 526)
  0x00000233a54aa09c: e0a0 d5ff 

  0x00000233a54aa0a0: ;   {other}
  0x00000233a54aa0a0: 0f1f 8400 | 1007 0002 | 488b e848 | 85c0 0f85 | 0213 0000 | 4c8b 4424 | 2045 8b50 | 5466 6690 
  0x00000233a54aa0c0: ; implicit exception: dispatches to 0x00000233a54acd78
  0x00000233a54aa0c0: 458b 5a08 

  0x00000233a54aa0c4: ;   {metadata('jdk/internal/loader/ClassLoaders$BootClassLoader')}
  0x00000233a54aa0c4: 4181 fb60 | 9517 000f | 845e 0900 

  0x00000233a54aa0d0: ;   {metadata('jdk/internal/loader/ClassLoaders$PlatformClassLoader')}
  0x00000233a54aa0d0: 0041 81fb | 88a2 0600 | 0f85 fa20 | 0000 418b | 6a28 85ed | 0f84 9c18 | 0000 498b | 87b8 0100 
  0x00000233a54aa0f0: 004c 8bd8 | 4983 c310 | 0f1f 8400 | 0000 0000 | 4d3b 9fc8 | 0100 000f | 8338 1a00 | 004d 899f 
  0x00000233a54aa110: b801 0000 | 410f 0d8b | c000 0000 | 48c7 0001 

  0x00000233a54aa120: ;   {metadata('java/lang/Object')}
  0x00000233a54aa120: 0000 00c7 | 4008 700e | 0000 4489 | 600c 4c89 | 5424 2848 | 8944 2430 | 488b d54c | 8b44 2448 
  0x00000233a54aa140: 4c8b c8bf | 0100 0000 | 4c8b 5424 | 504c 8954 | 2438 498b | e866 6690 

  0x00000233a54aa158: ;   {optimized virtual_call}
  0x00000233a54aa158: c5f8 77e8 

  0x00000233a54aa15c: ; ImmutableOopMap {rbp=Oop [32]=Oop [40]=Oop [48]=Oop [56]=Oop [72]=Oop [80]=Oop }
                      ;*invokevirtual putVal {reexecute=0 rethrow=0 return_oop=1}
                      ; - java.util.concurrent.ConcurrentHashMap::putIfAbsent@4 (line 1541)
                      ; - java.lang.ClassLoader::getClassLoadingLock@23 (line 681)
                      ; - jdk.internal.loader.BuiltinClassLoader::loadClassOrNull@2 (line 651)
                      ; - jdk.internal.loader.BuiltinClassLoader::loadClassOrNull@3 (line 700)
                      ; - jdk.internal.loader.BuiltinClassLoader::loadClassOrNull@86 (line 676)
                      ; - jdk.internal.loader.BuiltinClassLoader::loadClass@3 (line 639)
                      ; - jdk.internal.loader.ClassLoaders$AppClassLoader::loadClass@36 (line 188)
                      ; - java.lang.ClassLoader::loadClass@3 (line 526)
  0x00000233a54aa15c: 6013 d2ff 

  0x00000233a54aa160: ;   {other}
  0x00000233a54aa160: 0f1f 8400 | d007 0003 | 4885 c00f | 8514 1700 | 004c 8b44 | 2420 4c8b | 5424 284c | 8b4c 2430 
  0x00000233a54aa180: 488d 9c24 | b800 0000 | 498b 01a8 | 020f 8523 | 0000 0048 | 83c8 0148 | 8903 f049 | 0fb1 190f 
  0x00000233a54aa1a0: 8437 0000 | 0048 2bc4 | 4825 07f0 | ffff 4889 | 03e9 2400 | 0000 4c8b | d848 33c0 | f04d 0fb1 
  0x00000233a54aa1c0: 7b3e 48c7 | 0303 0000 | 0074 114c | 3bf8 7515 | 49ff 8386 | 0000 0048 | 33c0 7509 | 49ff 8748 
  0x00000233a54aa1e0: 0500 0033 | c00f 8519 | 2000 0048 | 8b74 2448 | 8b5e 1444 | 8b5b 0c45 | 85db 660f | 1f44 0000 
  0x00000233a54aa200: 0f86 5420 | 0000 0fbe | 4e10 85c9 | 0f85 3223 | 0000 c4c2 | 72f7 d341 | 3bd3 410f | 4fd3 488b 
  0x00000233a54aa220: cb48 8d6b | 1085 d20f | 8ecd 0000 | 0044 3bda | 0f82 6520 | 0000 488b | fdb8 2f00 | 0000 488b 
  0x00000233a54aa240: df83 fa10 | 0f8c 7900 | 0000 83fa | 200f 8c36 | 0000 00c5 | f96e d0c4 | e27d 78d2 

  0x00000233a54aa25c: ;   {no_reloc}
  0x00000233a54aa25c: c5f5 efc9 | 8bca 83e1 | e083 e21f | c5fe 6f03 | c5fd 74c2 | c4e2 7d17 | c80f 8369 | 0000 0048 
  0x00000233a54aa27c: 83c3 2083 | e920 75e4 | e90d 0000 | 00c5 f96e | d0c5 f1ef | c9c4 e269 | 00d1 83fa | 100f 8c24 
  0x00000233a54aa29c: 0000 008b | ca83 e1f0 | 83e2 0fc5 | fa6f 03c5 | f974 c2c4 | e279 17c8 | 0f83 2a00 | 0000 4883 
  0x00000233a54aa2bc: c310 83e9 | 1075 e485 | d20f 8412 | 0000 000f | b60b 3bc1 | 741c 4883 | c301 83ea | 0174 02eb 
  0x00000233a54aa2dc: eebb ffff | ffff eb0d | c5fd d7c8 | 0fbc c148 | 03d8 482b | df83 fbff | 0f85 be22 | 0000 440f 
  0x00000233a54aa2fc: b65d 0090 | 4183 fb5b | 0f84 7223 | 0000 4c89 | 4c24 604c | 8954 2420 | 4c89 4424 | 4048 8974 
  0x00000233a54aa31c: 2468 498b | d24c 8bc6 | 4c89 4424 | 284c 8b54 | 2450 4c89 | 5424 304c | 8944 2438 | 498b e990 
  0x00000233a54aa33c: ;   {optimized virtual_call}
  0x00000233a54aa33c: c5f8 77e8 

  0x00000233a54aa340: ; ImmutableOopMap {rbp=Oop [32]=Oop [40]=Oop [48]=Oop [56]=Oop [64]=Oop [80]=Oop [96]=Oop [104]=Oop }
                      ;*invokevirtual findLoadedClass0 {reexecute=0 rethrow=0 return_oop=1}
                      ; - java.lang.ClassLoader::findLoadedClass@11 (line 1300)
                      ; - jdk.internal.loader.BuiltinClassLoader::loadClassOrNull@10 (line 653)
                      ; - jdk.internal.loader.BuiltinClassLoader::loadClassOrNull@3 (line 700)
                      ; - jdk.internal.loader.BuiltinClassLoader::loadClassOrNull@86 (line 676)
                      ; - jdk.internal.loader.BuiltinClassLoader::loadClass@3 (line 639)
                      ; - jdk.internal.loader.ClassLoaders$AppClassLoader::loadClass@36 (line 188)
                      ; - java.lang.ClassLoader::loadClass@3 (line 526)
  0x00000233a54aa340: 1ce1 c0ff 

  0x00000233a54aa344: ;   {other}
  0x00000233a54aa344: 0f1f 8400 | b409 0004 | 4c8b c048 | 85c0 0f85 | 3816 0000 | 488b 5424 | 204c 8b44 | 2428 6690 
  0x00000233a54aa364: ;   {optimized virtual_call}
  0x00000233a54aa364: c5f8 77e8 

  0x00000233a54aa368: ; ImmutableOopMap {rbp=Oop [32]=Oop [40]=Oop [48]=Oop [64]=Oop [80]=Oop [96]=Oop [104]=Oop }
                      ;*invokevirtual findLoadedModule {reexecute=0 rethrow=0 return_oop=1}
                      ; - jdk.internal.loader.BuiltinClassLoader::loadClassOrNull@22 (line 658)
                      ; - jdk.internal.loader.BuiltinClassLoader::loadClassOrNull@3 (line 700)
                      ; - jdk.internal.loader.BuiltinClassLoader::loadClassOrNull@86 (line 676)
                      ; - jdk.internal.loader.BuiltinClassLoader::loadClass@3 (line 639)
                      ; - jdk.internal.loader.ClassLoaders$AppClassLoader::loadClass@36 (line 188)
                      ; - java.lang.ClassLoader::loadClass@3 (line 526)
  0x00000233a54aa368: 149e d5ff 

  0x00000233a54aa36c: ;   {other}
  0x00000233a54aa36c: 0f1f 8400 | dc09 0005 | 4885 c00f | 85b3 1300 | 004c 8b5c | 2420 458b | 4354 458b 

  0x00000233a54aa388: ;   {metadata('jdk/internal/loader/ClassLoaders$BootClassLoader')}
  0x00000233a54aa388: 5008 4181 | fa60 9517 | 0074 4a66 | 0f1f 8400 | 0000 0000 | 6666 6690 

  0x00000233a54aa3a0: ;   {metadata('jdk/internal/loader/ClassLoaders$PlatformClassLoader')}
  0x00000233a54aa3a0: 4181 fa88 | a206 000f | 8523 2400 | 004c 895c | 2448 498b | d04c 8b44 | 2428 4533 | c94c 8b54 
  0x00000233a54aa3c0: 2430 4c89 | 5424 2090 

  0x00000233a54aa3c8: ;   {optimized virtual_call}
  0x00000233a54aa3c8: c5f8 77e8 

  0x00000233a54aa3cc: ; ImmutableOopMap {rbp=Oop [32]=Oop [40]=Oop [48]=Oop [64]=Oop [72]=Oop [80]=Oop [96]=Oop [104]=Oop }
                      ;*invokevirtual loadClassOrNull {reexecute=0 rethrow=0 return_oop=1}
                      ; - jdk.internal.loader.BuiltinClassLoader::loadClassOrNull@3 (line 700)
                      ; - jdk.internal.loader.BuiltinClassLoader::loadClassOrNull@86 (line 676)
                      ; - jdk.internal.loader.BuiltinClassLoader::loadClassOrNull@3 (line 700)
                      ; - jdk.internal.loader.BuiltinClassLoader::loadClassOrNull@86 (line 676)
                      ; - jdk.internal.loader.BuiltinClassLoader::loadClass@3 (line 639)
                      ; - jdk.internal.loader.ClassLoaders$AppClassLoader::loadClass@36 (line 188)
                      ; - java.lang.ClassLoader::loadClass@3 (line 526)
  0x00000233a54aa3cc: b046 6aff 

  0x00000233a54aa3d0: ;   {other}
  0x00000233a54aa3d0: 0f1f 8400 | 400a 0006 | e94b 0100 | 004c 8b44 | 2428 458b | 4814 458b | 510c 4585 | d20f 8691 
  0x00000233a54aa3f0: 2100 0041 | 0fbe 5810 | 85db 660f | 1f44 0000 | 0f85 5624 | 0000 c4c2 | 62f7 d241 | 3bd2 410f 
  0x00000233a54aa410: 4fd2 498b | c949 8d71 | 1085 d20f | 1f44 0000 | 0f8e cd00 | 0000 443b | d20f 82c1 | 2100 0048 
  0x00000233a54aa430: 8bfe b82f | 0000 0048 | 8bdf 83fa | 100f 8c79 | 0000 0083 | fa20 0f8c | 3600 0000 | c5f9 6ec0 
  0x00000233a54aa450: c4e2 7d78 | c0c5 edef | d28b ca83 | e1e0 83e2 | 1fc5 fe6f | 0bc5 f574 | c8c4 e27d | 17d1 0f83 
  0x00000233a54aa470: 6900 0000 | 4883 c320 | 83e9 2075 | e4e9 0d00 | 0000 c5f9 | 6ec0 c5e9 | efd2 c4e2 | 7900 c283 
  0x00000233a54aa490: fa10 0f8c | 2400 0000 | 8bca 83e1 | f083 e20f | c5fa 6f0b | c5f1 74c8 | c4e2 7917 | d10f 832a 
  0x00000233a54aa4b0: 0000 0048 | 83c3 1083 | e910 75e4 | 85d2 0f84 | 1200 0000 | 0fb6 0b3b | c174 1c48 

  0x00000233a54aa4cc: ;   {no_reloc}
  0x00000233a54aa4cc: 83c3 0183 | ea01 7402 | ebee bbff | ffff ffeb | 0dc5 fdd7 | c90f bcc1 | 4803 d848 | 2bdf 83fb 
  0x00000233a54aa4ec: ff0f 85a9 | 2300 0044 | 0fb6 1641 | 83fa 5b0f | 1f44 0000 | 0f84 1924 | 0000 4c89 | 5c24 4849 
  0x00000233a54aa50c: 8bd0 4c8b | 5424 304c | 8954 2420 

  0x00000233a54aa518: ;   {static_call}
  0x00000233a54aa518: c5f8 77e8 

  0x00000233a54aa51c: ; ImmutableOopMap {rbp=Oop [32]=Oop [40]=Oop [48]=Oop [64]=Oop [72]=Oop [80]=Oop [96]=Oop [104]=Oop }
                      ;*invokestatic findBootstrapClass {reexecute=0 rethrow=0 return_oop=1}
                      ; - java.lang.ClassLoader::findBootstrapClassOrNull@10 (line 1277)
                      ; - java.lang.System$2::findBootstrapClassOrNull@1 (line 2397)
                      ; - jdk.internal.loader.ClassLoaders$BootClassLoader::loadClassOrNull@4 (line 140)
                      ; - jdk.internal.loader.BuiltinClassLoader::loadClassOrNull@3 (line 700)
                      ; - jdk.internal.loader.BuiltinClassLoader::loadClassOrNull@86 (line 676)
                      ; - jdk.internal.loader.BuiltinClassLoader::loadClassOrNull@3 (line 700)
                      ; - jdk.internal.loader.BuiltinClassLoader::loadClassOrNull@86 (line 676)
                      ; - jdk.internal.loader.BuiltinClassLoader::loadClass@3 (line 639)
                      ; - jdk.internal.loader.ClassLoaders$AppClassLoader::loadClass@36 (line 188)
                      ; - java.lang.ClassLoader::loadClass@3 (line 526)
  0x00000233a54aa51c: 4093 c1ff 

  0x00000233a54aa520: ;   {other}
  0x00000233a54aa520: 0f1f 8400 | 900b 0007 | 4885 c00f | 8583 2100 | 004c 8b5c | 2448 453b | 6358 660f | 1f44 0000 
  0x00000233a54aa540: 0f84 a800 

  0x00000233a54aa544: ;   {oop(a 'java/lang/Class'{0x0000000081c90aa8} = 'jdk/internal/misc/VM')}
  0x00000233a54aa544: 0000 49ba | a80a c981 | 0000 0000 | 418b aa94 | 0000 0083 | fd02 660f | 1f44 0000 | 0f8c f223 
  0x00000233a54aa564: 0000 4c8b | 4424 2845 | 0fbe 5010 | 4585 d20f | 8513 2400 | 0041 8b58 | 1466 6690 

  0x00000233a54aa580: ; implicit exception: dispatches to 0x00000233a54acde0
  0x00000233a54aa580: 8b7b 0c85 | ff0f 8624 | 0100 008b | cfff c93b | cf0f 83fd | 2100 008d | 57fd 4c8b | eb66 6690 
  0x00000233a54aa5a0: 807b 102e | 0f84 4a12 | 0000 83fa | 010f 8e55 | 2200 00bd | 0100 0000 | be01 0000 | 0044 8bcf 
  0x00000233a54aa5c0: 442b cd41 | 83c1 fd33 | c03b d544 | 0f4c c841 | 81f9 a00f | 0000 41ba | a00f 0000 | 450f 47ca 
  0x00000233a54aa5e0: 4403 cd49 | 8bc3 4d8b | f5e9 550a | 0000 41ba | 0100 0000 | 4533 c0e9 | 5c03 0000 | 42c6 441b 
  0x00000233a54aa600: 102e 42c6 | 441b 1163 | 42c6 441b | 126c 42c6 | 441b 1361 | 42c6 441b | 1473 42c6 | 441b 1573 
  0x00000233a54aa620: e9f4 0100 | 004c 63dd | 8b7c 2478 | 420f be5c | 1f10 83fb | 2e0f 848a | 1100 004c | 8bd1 4288 
  0x00000233a54aa640: 5c19 10ff 

  0x00000233a54aa644: ;   {no_reloc}
  0x00000233a54aa644: c541 3be9 | 7cdb eb0b | 418b eb41 | 3be9 7cd1 | 4c8b d149 | 8b9f b801 | 0000 4c8b | db49 83c3 
  0x00000233a54aa664: 184d 3b9f | c801 0000 | 0f83 b316 | 0000 4d89 | 9fb8 0100 | 0041 0f0d | 8bc0 0000 | 0048 c703 
  0x00000233a54aa684: 0100 0000 

  0x00000233a54aa688: ;   {metadata('java/lang/String')}
  0x00000233a54aa688: c743 0840 | e700 0044 | 8963 0c4c | 8963 104d | 8bc2 4489 | 4314 4c8b | 4424 2044 | 8b4c 2428 
  0x00000233a54aa6a8: 4c8b 5c24 | 48eb 0c41 | b901 0000 | 004c 8bd3 | 498b d841 | 8b7a 0c90 | 85ff 0f86 | 0e13 0000 
  0x00000233a54aa6c8: 0fbe 7310 | c4e2 4af7 | cf4c 63e9 | 83fe 010f | 84e3 2300 | 0066 6690 | 85c9 0f8c | e822 0000 
  0x00000233a54aa6e8: 498d 4506 | 8be8 85ed | 0f8c 2623 | 0000 4c89 | ac24 9000 | 0000 898c | 248c 0000 | 0089 7424 
  0x00000233a54aa708: 2489 bc24 | 8800 0000 | 4889 9c24 | 8000 0000 | 4c89 5424 | 784c 895c | 2470 4489 | 4c24 204c 
  0x00000233a54aa728: 8944 2468 | 4c8b d049 | c1fa 2045 | 8bd2 c4e2 | 29f7 ed85 | ed66 6690 | 0f8c ca23 | 0000 81fd 
  0x00000233a54aa748: 0000 1000 | 0f87 221f | 0000 4c63 | d566 6666 | 0f1f 8400 | 0000 0000 | 81fd 0000 | 1000 0f87 
  0x00000233a54aa768: e114 0000 | 498b 9fb8 | 0100 0049 | 83c2 1749 | 83e2 f84c | 8bdb 4d03 | da4d 3b9f 

  0x00000233a54aa784: ;   {no_reloc}
  0x00000233a54aa784: c801 0000 | 0f83 bf14 | 0000 4d89 | 9fb8 0100 | 0041 0f0d | 8bc0 0000 | 0048 c703 | 0100 0000 
  0x00000233a54aa7a4: 410f 0d8b | 0001 0000 

  0x00000233a54aa7ac: ;   {metadata({type array byte})}
  0x00000233a54aa7ac: c743 0868 | 2200 0044 | 8bd5 896b | 0c41 0f0d | 8b40 0100 | 0041 0f0d | 8b80 0100 | 0044 8b84 
  0x00000233a54aa7cc: 248c 0000 | 0041 83c0 | 0645 3bd0 | 0f82 0a1f | 0000 4c63 | 9c24 8c00 | 0000 8bac | 248c 0000 
  0x00000233a54aa7ec: 0085 ed0f | 8e07 feff | ff42 c644 | 1b15 7342 | c644 1b14 | 7342 c644 | 1b13 6142 | c644 1b12 
  0x00000233a54aa80c: 6c42 c644 | 1b11 6342 | c644 1b10 | 2e8b 6c24 | 2466 6690 | 85ed 0f85 | 3c22 0000 | 443b 9424 
  0x00000233a54aa82c: 8800 0000 | 0f82 0a1f | 0000 448b | 9424 8800 | 0000 6690 | 4585 d276 | 2e4c 8b5c | 2478 4983 
  0x00000233a54aa84c: c310 488b | d348 83c2 | 104d 63c2 | 498b cbc5 | f877 49ba | c02c b3a4 | 3302 0000 

  0x00000233a54aa868: ;   {other}
  0x00000233a54aa868: 41ff d20f | 1f84 0000 | 0000 004d | 8b97 b801 | 0000 4d8b | da49 83c3 | 184d 3b9f | c801 0000 
  0x00000233a54aa888: 0f83 0514 | 0000 4d89 | 9fb8 0100 | 0041 0f0d | 8bc0 0000 | 0049 c702 | 0100 0000 

  0x00000233a54aa8a4: ;   {metadata('java/lang/String')}
  0x00000233a54aa8a4: 41c7 4208 | 40e7 0000 | 4589 620c | 4589 6210 | 4c8b c345 | 8942 144c | 8b44 2468 | 448b 4c24 
  0x00000233a54aa8c4: 204c 8b5c | 2470 418b | 5b58 85db | 0f84 561d | 0000 4c89 | 5c24 2044 | 894c 2428 | 4c89 4424 
  0x00000233a54aa8e4: 6848 8bd3 | 4d8b c245 | 33c9 4c8b | 5424 684c | 8954 2430 | 4c8b 5424 | 504c 8954 | 2438 4c8b 
  0x00000233a54aa904: 5424 604c | 8954 2448 | 488b 6c24 | 3066 6690 

  0x00000233a54aa914: ;   {optimized virtual_call}
  0x00000233a54aa914: c5f8 77e8 

  0x00000233a54aa918: ; ImmutableOopMap {rbp=Oop [32]=Oop [48]=Oop [56]=Oop [64]=Oop [72]=Oop [80]=Oop [96]=Oop [104]=Oop }
                      ;*invokevirtual getResource {reexecute=0 rethrow=0 return_oop=1}
                      ; - jdk.internal.loader.BuiltinClassLoader::findClassOnClassPathOrNull@26 (line 757)
                      ; - jdk.internal.loader.BuiltinClassLoader::loadClassOrNull@111 (line 681)
                      ; - jdk.internal.loader.BuiltinClassLoader::loadClassOrNull@3 (line 700)
                      ; - jdk.internal.loader.BuiltinClassLoader::loadClassOrNull@86 (line 676)
                      ; - jdk.internal.loader.BuiltinClassLoader::loadClass@3 (line 639)
                      ; - jdk.internal.loader.ClassLoaders$AppClassLoader::loadClass@36 (line 188)
                      ; - java.lang.ClassLoader::loadClass@3 (line 526)
  0x00000233a54aa918: 6441 6aff 

  0x00000233a54aa91c: ;   {other}
  0x00000233a54aa91c: 0f1f 8400 | 8c0f 0008 | 4885 c00f | 848f 0e00 | 0048 8b54 | 2420 4c8b | c54c 8bc8 | 488b 6c24 
  0x00000233a54aa93c: 4866 6690 

  0x00000233a54aa940: ;   {optimized virtual_call}
  0x00000233a54aa940: c5f8 77e8 

  0x00000233a54aa944: ; ImmutableOopMap {rbp=Oop [32]=Oop [48]=Oop [56]=Oop [64]=Oop [80]=Oop [96]=Oop [104]=Oop }
                      ;*invokevirtual defineClass {reexecute=0 rethrow=0 return_oop=1}
                      ; - jdk.internal.loader.BuiltinClassLoader::findClassOnClassPathOrNull@37 (line 760)
                      ; - jdk.internal.loader.BuiltinClassLoader::loadClassOrNull@111 (line 681)
                      ; - jdk.internal.loader.BuiltinClassLoader::loadClassOrNull@3 (line 700)
                      ; - jdk.internal.loader.BuiltinClassLoader::loadClassOrNull@86 (line 676)
                      ; - jdk.internal.loader.BuiltinClassLoader::loadClass@3 (line 639)
                      ; - jdk.internal.loader.ClassLoaders$AppClassLoader::loadClass@36 (line 188)
                      ; - java.lang.ClassLoader::loadClass@3 (line 526)
  0x00000233a54aa944: 3841 6aff 

  0x00000233a54aa948: ;   {other}
  0x00000233a54aa948: 0f1f 8400 | b80f 0009 | 4c8b c044 | 8b54 2428 | 4c8b 4c24 | 6048 8d84 | 24b8 0000 | 0048 8338 
  0x00000233a54aa968: 000f 8479 | 0000 004d | 8b19 41f6 | c302 0f84 | 6200 0000 | 4983 bb86 | 0000 0000 | 7409 49ff 
  0x00000233a54aa988: 8b86 0000 | 00eb 4b49 | 8b83 9600 | 0000 490b | 838e 0000 | 0075 0a49 | c743 3e00 | 0000 00eb 
  0x00000233a54aa9a8: 3d49 83bb | 9e00 0000 | 0074 2248 | 33c0 49c7 | 433e 0000 | 0000 f083 | 0424 0049 | 83bb 9e00 
  0x00000233a54aa9c8: 0000 0075 | 0df0 4d0f | b17b 3e75 | 0583 c801 | eb0c a800 | eb08 4c8b | 18f0 4d0f | b119 750a 
  0x00000233a54aa9e8: 49ff 8f48 | 0500 0045 | 33db 0f84 | 8901 0000 | 498b f841 | 8bda 498b | c948 8d94 | 24b8 0000 
  0x00000233a54aaa08: 004d 8bc7 | c5f8 7749 | ba70 39f5 | 6cfe 7f00 | 0041 ffd2 

  0x00000233a54aaa1c: ;   {other}
  0x00000233a54aaa1c: 0f1f 8400 | 0000 0000 | 448b d34c | 8bc7 e952 | 0100 004c | 8b5c 2448 | 458b 4b14 | 0f1f 8400 
  0x00000233a54aaa3c: 0000 0000 

  0x00000233a54aaa40: ; implicit exception: dispatches to 0x00000233a54accc5
  0x00000233a54aaa40: 458b 510c | 4585 d20f | 86bf 1500 | 0041 0fbe | 5b10 85db | 0f85 be18 | 0000 c4c2 | 62f7 d241 
  0x00000233a54aaa60: 3bd2 410f | 4fd2 498b | c949 8d71 | 1085 d20f | 8ed1 0000 | 0044 3bd2 | 0f82 ea15 | 0000 488b 
  0x00000233a54aaa80: feb8 2f00 | 0000 488b | df83 fa10 | 0f8c 7900 | 0000 83fa | 200f 8c36 | 0000 00c5 | f96e c0c4 
  0x00000233a54aaaa0: e27d 78c0 | c5ed efd2 | 8bca 83e1 | e083 e21f | c5fe 6f0b | c5f5 74c8 | c4e2 7d17 | d10f 8369 
  0x00000233a54aaac0: 0000 0048 | 83c3 2083 | e920 75e4 | e90d 0000 | 00c5 f96e | c0c5 e9ef | d2c4 e279 | 00c2 83fa 
  0x00000233a54aaae0: 100f 8c24 | 0000 008b | ca83 e1f0 | 83e2 0fc5 | fa6f 0bc5 | f174 c8c4 | e279 17d1 | 0f83 2a00 
  0x00000233a54aab00: 0000 4883 | c310 83e9 | 1075 e485 | d20f 8412 | 0000 000f | b60b 3bc1 

  0x00000233a54aab18: ;   {no_reloc}
  0x00000233a54aab18: 741c 4883 | c301 83ea | 0174 02eb | eebb ffff | ffff eb0d | c5fd d7c9 | 0fbc c148 | 03d8 482b 
  0x00000233a54aab38: df83 fbff | 0f1f 4000 | 0f85 0618 | 0000 440f | b616 4183 | fa5b 0f84 | 6818 0000 | 4c89 4424 
  0x00000233a54aab58: 404c 895c | 2468 498b | d348 8b6c | 2450 6690 

  0x00000233a54aab68: ;   {static_call}
  0x00000233a54aab68: c5f8 77e8 

  0x00000233a54aab6c: ; ImmutableOopMap {rbp=Oop [32]=Oop [64]=Oop [72]=Oop [80]=Oop [104]=Oop }
                      ;*invokestatic findBootstrapClass {reexecute=0 rethrow=0 return_oop=1}
                      ; - java.lang.ClassLoader::findBootstrapClassOrNull@10 (line 1277)
                      ; - java.lang.System$2::findBootstrapClassOrNull@1 (line 2397)
                      ; - jdk.internal.loader.ClassLoaders$BootClassLoader::loadClassOrNull@4 (line 140)
                      ; - jdk.internal.loader.BuiltinClassLoader::loadClassOrNull@3 (line 700)
                      ; - jdk.internal.loader.BuiltinClassLoader::loadClassOrNull@86 (line 676)
                      ; - jdk.internal.loader.BuiltinClassLoader::loadClass@3 (line 639)
                      ; - jdk.internal.loader.ClassLoaders$AppClassLoader::loadClass@36 (line 188)
                      ; - java.lang.ClassLoader::loadClass@3 (line 526)
  0x00000233a54aab6c: 1045 6aff 

  0x00000233a54aab70: ;   {other}
  0x00000233a54aab70: 0f1f 8400 | e011 000a | 41ba 0100 | 0000 4c8b | c04d 85c0 | 0f85 7a15 | 0000 4c8b | 5c24 4045 
  0x00000233a54aab90: 3b63 580f | 84a4 0000 

  0x00000233a54aab98: ;   {oop(a 'java/lang/Class'{0x0000000081c90aa8} = 'jdk/internal/misc/VM')}
  0x00000233a54aab98: 0049 bba8 | 0ac9 8100 | 0000 0045 | 8b9b 9400 | 0000 4183 | fb02 0f8c | 3818 0000 | 4c8b 5c24 
  0x00000233a54aabb8: 6845 0fbe | 4310 6690 | 4585 c00f | 8553 1800 | 0041 8b5b | 148b 4b0c | 85c9 0f86 | 2d01 0000 
  0x00000233a54aabd8: 8bf9 ffcf | 0f1f 4000 | 3bf9 0f83 | bc15 0000 | 8d51 fd48 | 8bf3 807b | 102e 0f84 | 920b 0000 
  0x00000233a54aabf8: 83fa 010f | 1f44 0000 | 0f8e 8a16 | 0000 bd01 | 0000 0044 | 8bc1 442b | c541 83c0 | fd45 33db 
  0x00000233a54aac18: 3bd5 450f | 4cc3 4181 | f8a0 0f00 | 0041 bba0 | 0f00 0045 | 0f47 c344 | 03c5 458b | ea44 8bdb 
  0x00000233a54aac38: e986 0300 | 0033 db90 | e9ae 0200 | 00c6 440b | 102e c644 | 0b11 63c6 | 440b 126c | c644 0b13 
  0x00000233a54aac58: 61c6 440b | 1473 c644 | 0b15 73e9 | 9e01 0000 | 418b e83b | e97d 2690 | 4c63 d546 | 0fbe 4413 
  0x00000233a54aac78: 100f 1f80 | 0000 0000 | 4183 f82e | 0f84 8d0a | 0000 4788 | 4413 10ff | c53b e97c | db4d 8b87 
  0x00000233a54aac98: ;   {no_reloc}
  0x00000233a54aac98: b801 0000 | 4d8b d049 | 83c2 184d | 3b97 c801 | 0000 0f83 | 5a0f 0000 | 4d89 97b8 | 0100 0041 
  0x00000233a54aacb8: 0f0d 8ac0 | 0000 0049 | c700 0100 

  0x00000233a54aacc4: ;   {metadata('java/lang/String')}
  0x00000233a54aacc4: 0000 41c7 | 4008 40e7 | 0000 4589 | 600c 4d89 | 6010 4d8b | d345 8950 | 14eb 2e45 | 8bd5 443b 
  0x00000233a54aace4: c97d 1e90 | 460f be5c | 0b10 4183 | fb2e 0f84 | 4d0f 0000 | 41ff c10f | 1f44 0000 | 443b c97c 
  0x00000233a54aad04: e34c 8bdb | 4c8b 4424 | 6845 8b53 | 0c45 85d2 | 0f86 f30b | 0000 450f | be48 10c4 | c232 f7ea 
  0x00000233a54aad24: 4863 cd41 | 83f9 010f | 84a3 1700 | 0085 ed0f | 8c0b 1700 | 0048 8d71 | 068b de90 | 85db 0f8c 
  0x00000233a54aad44: 2017 0000 | 488b fe48 | c1ff 208b | d7c4 e269 | f7fb 85ff | 0f8c ae17 | 0000 6690 | 81ff 0000 
  0x00000233a54aad64: 1000 0f87 | 6013 0000 | 4863 d781 | ff00 0010 | 000f 87f2 | 0c00 0049 | 8b9f b801 | 0000 4883 
  0x00000233a54aad84: c217 4883 | e2f8 488b | c348 03c2 | 493b 87c8 | 0100 000f | 83d0 0c00 | 0049 8987 | b801 0000 
  0x00000233a54aada4: 0f0d 88c0 | 0000 0048 | c703 0100 | 0000 0f0d | 8800 0100 

  0x00000233a54aadb8: ;   {metadata({type array byte})}
  0x00000233a54aadb8: 00c7 4308 | 6822 0000 | 897b 0c0f | 0d88 4001 | 0000 0f0d | 8880 0100 | 008d 7506 | 3bfe 0f82 
  0x00000233a54aadd8: 5813 0000 | 4863 cd90 | 85ed 0f8e | 5dfe ffff | c644 0b15 | 73c6 440b | 1473 c644 | 0b13 61c6 
  0x00000233a54aadf8: 440b 126c | c644 0b11 | 63c6 440b | 102e 4585 | c90f 858d | 1600 0041 | 3bfa 0f82 | 5413 0000 
  0x00000233a54aae18: 4585 d276 | 2949 83c3 | 1048 8bd3 | 4883 c210 | 4d63 c249 | 8bcb c5f8 | 7749 bac0 | 2cb3 a433 
  0x00000233a54aae38: 0200 0041 

  0x00000233a54aae3c: ;   {other}
  0x00000233a54aae3c: ffd2 0f1f | 8400 0000 | 0000 4d8b | 87b8 0100 | 004d 8bd0 | 4983 c218 | 0f1f 8400 | 0000 0000 
  0x00000233a54aae5c: 6666 6690 | 4d3b 97c8 | 0100 000f | 839f 0c00 | 004d 8997 | b801 0000 | 410f 0d8a | c000 0000 
  0x00000233a54aae7c: 49c7 0001 

  0x00000233a54aae80: ;   {metadata('java/lang/String')}
  0x00000233a54aae80: 0000 0041 | c740 0840 | e700 0045 | 8960 0c45 | 8960 104c | 8bd3 4589 | 5014 4c8b | 5424 4045 
  0x00000233a54aaea0: 8b52 5845 | 85d2 0f84 | f011 0000 | 498b d245 | 33c9 488b | 6c24 5090 

  0x00000233a54aaeb8: ;   {optimized virtual_call}
  0x00000233a54aaeb8: c5f8 77e8 

  0x00000233a54aaebc: ; ImmutableOopMap {rbp=Oop [64]=Oop [80]=Oop [104]=Oop }
                      ;*invokevirtual getResource {reexecute=0 rethrow=0 return_oop=1}
                      ; - jdk.internal.loader.BuiltinClassLoader::findClassOnClassPathOrNull@26 (line 757)
                      ; - jdk.internal.loader.BuiltinClassLoader::loadClassOrNull@111 (line 681)
                      ; - jdk.internal.loader.BuiltinClassLoader::loadClass@3 (line 639)
                      ; - jdk.internal.loader.ClassLoaders$AppClassLoader::loadClass@36 (line 188)
                      ; - java.lang.ClassLoader::loadClass@3 (line 526)
  0x00000233a54aaebc: 60b3 caff 

  0x00000233a54aaec0: ;   {other}
  0x00000233a54aaec0: 0f1f 8400 | 3015 000b | 4885 c00f | 843f 0800 | 0048 8b54 | 2440 4c8b | 4424 684c | 8bc8 6690 
  0x00000233a54aaee0: ;   {optimized virtual_call}
  0x00000233a54aaee0: c5f8 77e8 

  0x00000233a54aaee4: ; ImmutableOopMap {rbp=Oop [64]=Oop [80]=Oop [104]=Oop }
                      ;*invokevirtual defineClass {reexecute=0 rethrow=0 return_oop=1}
                      ; - jdk.internal.loader.BuiltinClassLoader::findClassOnClassPathOrNull@37 (line 760)
                      ; - jdk.internal.loader.BuiltinClassLoader::loadClassOrNull@111 (line 681)
                      ; - jdk.internal.loader.BuiltinClassLoader::loadClass@3 (line 639)
                      ; - jdk.internal.loader.ClassLoaders$AppClassLoader::loadClass@36 (line 188)
                      ; - java.lang.ClassLoader::loadClass@3 (line 526)
  0x00000233a54aaee4: 18b8 fdff 

  0x00000233a54aaee8: ;   {other}
  0x00000233a54aaee8: 0f1f 8400 | 5815 000c | 488b d84c | 8b5c 2450 | 488d 8424 | b000 0000 | 4883 3800 | 0f84 7900 
  0x00000233a54aaf08: 0000 4d8b | 1341 f6c2 | 020f 8462 | 0000 0049 | 83ba 8600 | 0000 0074 | 0949 ff8a | 8600 0000 
  0x00000233a54aaf28: eb4b 498b | 8296 0000 | 0049 0b82 | 8e00 0000 | 750a 49c7 | 423e 0000 | 0000 eb3d | 4983 ba9e 
  0x00000233a54aaf48: 0000 0000 | 7422 4833 | c049 c742 | 3e00 0000 | 00f0 8304 | 2400 4983 | ba9e 0000 | 0000 750d 
  0x00000233a54aaf68: f04d 0fb1 | 7a3e 7505 | 83c8 01eb | 0ca8 00eb | 084c 8b10 | f04d 0fb1 | 1375 0a49 | ff8f 4805 
  0x00000233a54aaf88: 0000 4533 | d20f 8549 | 0e00 0048 | 85db 0f84 | 8903 0000 | 488b c3c5 | f877 4881 | c4d0 0000 
  0x00000233a54aafa8: ;   {poll_return}
  0x00000233a54aafa8: 005d 493b | a748 0400 | 000f 8718 | 1f00 00c3 | 0f1f 8400 | 0000 0000 | 418b e94c | 63cd 470f 
  0x00000233a54aafc8: be54 0b10 | 4183 fa2e | 0f84 ec00 | 0000 470f | be54 0b11 | 0f1f 4000 | 4183 fa2e | 0f84 dd00 
  0x00000233a54aafe8: 0000 470f | be54 0b12 | 4183 fa2e | 0f84 c500 | 0000 418b | db47 0fbe | 540b 1341 | 83fa 2e0f 
  0x00000233a54ab008: 84bf 0000 | 0044 8d4d | 0445 3bc8 | 7caa 4d8b | 8750 0400 

  0x00000233a54ab01c: ; ImmutableOopMap {rbx=NarrowOop rsi=Oop [64]=Oop [80]=Oop [104]=Oop }
                      ;*if_icmpne {reexecute=1 rethrow=0 return_oop=0}
                      ; - (reexecute) java.lang.StringLatin1::replace@28 (line 298)
                      ; - java.lang.String::replace@18 (line 2933)
                      ; - jdk.internal.loader.BuiltinClassLoader::findClassOnClassPathOrNull@5 (line 755)
                      ; - jdk.internal.loader.BuiltinClassLoader::loadClassOrNull@111 (line 681)
                      ; - jdk.internal.loader.BuiltinClassLoader::loadClass@3 (line 639)
                      ; - jdk.internal.loader.ClassLoaders$AppClassLoader::loadClass@36 (line 188)
                      ; - java.lang.ClassLoader::loadClass@3 (line 526)
  0x00000233a54ab01c: 0083 c503 

  0x00000233a54ab020: ;   {poll}
  0x00000233a54ab020: 4185 0044 | 3bca 0f8d | b3fc ffff | 418b e945 | 8bd5 e9d4 | fbff ff66 | 0f1f 8400 | 0000 0000 
  0x00000233a54ab040: 418b ea4c | 63ed 460f | be5c 2b10 | 4183 fb2e | 0f84 ca03 | 0000 460f | be54 2b11 | 0f1f 4000 
  0x00000233a54ab060: 4183 fa2e | 0f84 af03 | 0000 460f | be5c 2b12 | 4183 fb2e | 0f84 a303 | 0000 460f | be5c 2b13 
  0x00000233a54ab080: 4183 fb2e | 0f84 8c03 | 0000 448d | 5504 453b | d17c ad4d | 8b8f 5004 | 0000 83c5 

  0x00000233a54ab09c: ; ImmutableOopMap {r8=Oop rbx=NarrowOop rax=Oop r14=Oop [64]=Oop [80]=Oop [96]=Oop }
                      ;*if_icmpne {reexecute=1 rethrow=0 return_oop=0}
                      ; - (reexecute) java.lang.StringLatin1::replace@28 (line 298)
                      ; - java.lang.String::replace@18 (line 2933)
                      ; - jdk.internal.loader.BuiltinClassLoader::findClassOnClassPathOrNull@5 (line 755)
                      ; - jdk.internal.loader.BuiltinClassLoader::loadClassOrNull@111 (line 681)
                      ; - jdk.internal.loader.BuiltinClassLoader::loadClassOrNull@3 (line 700)
                      ; - jdk.internal.loader.BuiltinClassLoader::loadClassOrNull@86 (line 676)
                      ; - jdk.internal.loader.BuiltinClassLoader::loadClass@3 (line 639)
                      ; - jdk.internal.loader.ClassLoaders$AppClassLoader::loadClass@36 (line 188)
                      ; - java.lang.ClassLoader::loadClass@3 (line 526)
                      ;   {poll}
  0x00000233a54ab09c: 0341 8501 | 443b d20f | 8dfc 0800 | 0041 8bea | 4c8b d84d | 8bee e906 | f5ff ff4d | 8bde e9c7 
  0x00000233a54ab0bc: 0000 0083 | c502 418b | dbeb 0a41 | 8bdb eb03 | 83c5 02ff | c545 8bd5 | 3be9 0f8d | 29fc ffff 
  0x00000233a54ab0dc: 0f1f 4000 | 81f9 0000 | 1000 0f87 | 910a 0000 | 4d8b 9fb8 | 0100 004c | 63c1 4983 | c017 4983 
  0x00000233a54ab0fc: e0f8 4d8b | cb4d 03c8 | 4d3b 8fc8 | 0100 000f | 836c 0a00 | 004d 898f | b801 0000 | 410f 0d89 
  0x00000233a54ab11c: c000 0000 | 49c7 0301 | 0000 0041 | 0f0d 8900 

  0x00000233a54ab12c: ;   {metadata({type array byte})}
  0x00000233a54ab12c: 0100 0041 | c743 0868 | 2200 0041 | 894b 0c41 | 0f0d 8940 | 0100 0041 | 0f0d 8980 | 0100 0085 
  0x00000233a54ab14c: ed0f 8eb7 | 0000 0044 | 8bc5 41ff | c844 3bc1 | 0f1f 4000 | 0f83 1612 | 0000 85c9 | 0f86 0e12 
  0x00000233a54ab16c: 0000 440f | be4b 1045 | 884b 1041 | 83f8 010f | 1f44 0000 | 0f8e 6600 | 0000 448b | cd45 2bca 
  0x00000233a54ab18c: 41ff c933 | c045 3bc2 | 440f 4cc8 | 4181 f9d0 | 0700 00b8 | d007 0000 | 440f 47c8 | 4503 ca4d 
  0x00000233a54ab1ac: 8bf3 6690 | 458b da4d | 63ea 420f | be44 2b10 | 4388 442e | 1046 0fbe | 542b 1147 | 8854 2e11 
  0x00000233a54ab1cc: 458d 5302 | 453b d17c | db4d 8b9f 

  0x00000233a54ab1d8: ; ImmutableOopMap {rbx=NarrowOop rsi=Oop r14=Oop [64]=Oop [80]=Oop [104]=Oop }
                      ;*goto {reexecute=1 rethrow=0 return_oop=0}
                      ; - (reexecute) java.lang.StringLatin1::replace@76 (line 305)
                      ; - java.lang.String::replace@18 (line 2933)
                      ; - jdk.internal.loader.BuiltinClassLoader::findClassOnClassPathOrNull@5 (line 755)
                      ; - jdk.internal.loader.BuiltinClassLoader::loadClassOrNull@111 (line 681)
                      ; - jdk.internal.loader.BuiltinClassLoader::loadClass@3 (line 639)
                      ; - jdk.internal.loader.ClassLoaders$AppClassLoader::loadClass@36 (line 188)
                      ; - java.lang.ClassLoader::loadClass@3 (line 526)
  0x00000233a54ab1d8: 5004 0000 

  0x00000233a54ab1dc: ;   {poll}
  0x00000233a54ab1dc: 4185 0390 | 453b d00f | 8cce feff | ff4d 8bde | 443b d57d | 1966 6690 | 4d63 c242 | 0fbe 4403 
  0x00000233a54ab1fc: 1043 8844 | 0310 41ff | c244 3bd5 | 7cea 3be9 | 0f8d 83fa | ffff 3be9 | 0f83 be10 | 0000 3bf9 
  0x00000233a54ab21c: 0f1f 4000 | 0f83 b210 | 0000 448b | cd41 ffc1 | 4c63 d546 | 0fbe 4413 | 1041 83f8 | 2e0f 846c 
  0x00000233a54ab23c: 0100 0047 | 8844 1310 | 448b c541 | ffc0 453b | c17d 0541 | 8be8 ebd8 | 443b c20f | 8d0b faff 
  0x00000233a54ab25c: ffff c590 | e990 0000 | 00bf 2f00 | 0000 660f | 1f44 0000 | 4388 7c13 | 1242 0fbe | 7c13 130f 
  0x00000233a54ab27c: 1f44 0000 | 83ff 2e0f | 8448 0000 | 0043 887c | 1313 83c5 | 0441 3be8 | 0f8d 4800 | 0000 4c63 
  0x00000233a54ab29c: d542 0fbe | 7c13 1083 | ff2e 7422 | 4388 7c13 | 1042 0fbe | 7c13 1183 | ff2e 7420 | 4388 7c13 
  0x00000233a54ab2bc: 1142 0fbe | 7c13 1283 | ff2e 75a8 | eb9b bf2f | 0000 00eb | d7bf 2f00 | 0000 ebb1 

  0x00000233a54ab2d8: ;   {no_reloc}
  0x00000233a54ab2d8: bf2f 0000 | 0066 6690 | ebd6 4d8b | af50 0400 

  0x00000233a54ab2e8: ; ImmutableOopMap {r11=Oop rbx=NarrowOop rsi=Oop [64]=Oop [80]=Oop [104]=Oop }
                      ;*goto {reexecute=1 rethrow=0 return_oop=0}
                      ; - (reexecute) java.lang.StringLatin1::replace@113 (line 312)
                      ; - java.lang.String::replace@18 (line 2933)
                      ; - jdk.internal.loader.BuiltinClassLoader::findClassOnClassPathOrNull@5 (line 755)
                      ; - jdk.internal.loader.BuiltinClassLoader::loadClassOrNull@111 (line 681)
                      ; - jdk.internal.loader.BuiltinClassLoader::loadClass@3 (line 639)
                      ; - jdk.internal.loader.ClassLoaders$AppClassLoader::loadClass@36 (line 188)
                      ; - java.lang.ClassLoader::loadClass@3 (line 526)
                      ;   {poll}
  0x00000233a54ab2e8: 0041 8545 | 003b ea0f | 8d76 f9ff | ff44 8bc1 | 442b c541 | 83c0 fd45 | 33c9 3bd5 | 450f 4cc1 
  0x00000233a54ab308: 4181 f8a0 | 0f00 0041 | b9a0 0f00 | 0045 0f47 | c144 03c5 | 0f1f 4000 | e975 ffff | ff49 8b87 
  0x00000233a54ab328: b801 0000 | 4c8b d049 | 83c2 2866 | 0f1f 8400 | 0000 0000 | 6666 6690 | 4d3b 97c8 | 0100 000f 
  0x00000233a54ab348: 830a 0a00 | 004d 8997 | b801 0000 | 410f 0d8a | c000 0000 | 48c7 0001 

  0x00000233a54ab360: ;   {metadata('java/lang/ClassNotFoundException')}
  0x00000233a54ab360: 0000 00c7 | 4008 d8b2 | 0600 4489 | 600c 4c89 | 6010 4c89 | 6018 4c89 | 6020 488b | e848 8bd5 
  0x00000233a54ab380: 4c8b 4424 | 6866 6690 

  0x00000233a54ab388: ;   {optimized virtual_call}
  0x00000233a54ab388: c5f8 77e8 

  0x00000233a54ab38c: ; ImmutableOopMap {rbp=Oop }
                      ;*invokespecial <init> {reexecute=0 rethrow=0 return_oop=0}
                      ; - jdk.internal.loader.BuiltinClassLoader::loadClass@16 (line 641)
                      ; - jdk.internal.loader.ClassLoaders$AppClassLoader::loadClass@36 (line 188)
                      ; - java.lang.ClassLoader::loadClass@3 (line 526)
  0x00000233a54ab38c: 5055 80f8 

  0x00000233a54ab390: ;   {other}
  0x00000233a54ab390: 0f1f 8400 | 001a 0011 | 488b d5c5 | f877 4881 | c4d0 0000 

  0x00000233a54ab3a4: ;   {runtime_call _rethrow_Java}
  0x00000233a54ab3a4: 005d e955 | 0377 ff41 | b82f 0000 | 00e9 89fe | ffff 448b | 500c 4d8b | da48 ff74 | 2420 488f 
  0x00000233a54ab3c4: 4424 284c | 8b44 2420 | 4d3b d80f | 843f 0400 | 0045 85d2 | 0f84 b517 | 0000 498b | d249 8be8 
  0x00000233a54ab3e4: 4c8b 4424 | 484c 8b54 | 2450 4c89 | 5424 3090 

  0x00000233a54ab3f4: ;   {optimized virtual_call}
  0x00000233a54ab3f4: c5f8 77e8 

  0x00000233a54ab3f8: ; ImmutableOopMap {rbp=Oop [48]=Oop [72]=Oop [80]=Oop }
                      ;*invokevirtual loadClassOrNull {reexecute=0 rethrow=0 return_oop=1}
                      ; - jdk.internal.loader.BuiltinClassLoader::loadClassOrNull@66 (line 669)
                      ; - jdk.internal.loader.BuiltinClassLoader::loadClass@3 (line 639)
                      ; - jdk.internal.loader.ClassLoaders$AppClassLoader::loadClass@36 (line 188)
                      ; - java.lang.ClassLoader::loadClass@3 (line 526)
  0x00000233a54ab3f8: 04bf dbff 

  0x00000233a54ab3fc: ;   {other}
  0x00000233a54ab3fc: 0f1f 8400 | 6c1a 0012 | 488b d848 | ff74 2448 | 488f 4424 | 68e9 ddfa | ffff 83c5 | 02ff c5eb 
  0x00000233a54ab41c: 0383 c502 | 448b ce4c | 8bd8 4d8b | ee3b ef0f | 8d84 f2ff | ff81 ff00 | 0010 000f | 8792 0800 
  0x00000233a54ab43c: 004c 896c | 2438 8954 | 2434 894c | 2430 895c | 2478 4c89 | 5c24 4844 | 894c 2428 | 4c89 4424 
  0x00000233a54ab45c: 204d 8b97 | b801 0000 | 897c 242c | 4c63 c749 | 83c0 1749 | 83e0 f84d | 8bda 4d03 | d80f 1f80 
  0x00000233a54ab47c: 0000 0000 | 4d3b 9fc8 | 0100 000f | 8366 0800 | 004d 899f | b801 0000 | 410f 0d8b | c000 0000 
  0x00000233a54ab49c: 49c7 0201 | 0000 0041 | 0f0d 8b00 

  0x00000233a54ab4a8: ;   {metadata({type array byte})}
  0x00000233a54ab4a8: 0100 0041 | c742 0868 | 2200 0044 | 8bcf 4189 | 7a0c 410f | 0d8b 4001 | 0000 410f | 0d8b 8001 
  0x00000233a54ab4c8: 0000 85ed | 0f8e d900 | 0000 448b | c541 ffc8 | 453b c10f | 1f44 0000 | 0f83 ee13 | 0000 4585 
  0x00000233a54ab4e8: c90f 86e5 | 1300 0049 | 8bd2 418b | f944 8b54 | 2478 450f | be52 1044 | 8852 1041 | 83f8 010f 
  0x00000233a54ab508: 8e07 1400 | 0041 b901 | 0000 008b | cd41 2bc9 | ffc9 4533 | db45 3bc1 | 410f 4ccb | 81f9 d007 
  0x00000233a54ab528: 0000 41ba | d007 0000 | 410f 47ca | 4103 c966 | 0f1f 8400 | 0000 0000 | 4963 d944 | 8b5c 2478 
  0x00000233a54ab548: 450f be54 | 1b10 4488 | 541a 1044 | 8b54 2478 | 450f be5c | 1a11 4c8b | d245 885c | 1a11 4183 
  0x00000233a54ab568: c102 443b | c97c d14d | 8b97 5004 

  0x00000233a54ab574: ; ImmutableOopMap {rdx=Oop [32]=Oop [56]=Oop [64]=Oop [72]=Oop [80]=Oop [96]=Oop [120]=NarrowOop }
                      ;*goto {reexecute=1 rethrow=0 return_oop=0}
                      ; - (reexecute) java.lang.StringLatin1::replace@76 (line 305)
                      ; - java.lang.String::replace@18 (line 2933)
                      ; - jdk.internal.loader.BuiltinClassLoader::findClassOnClassPathOrNull@5 (line 755)
                      ; - jdk.internal.loader.BuiltinClassLoader::loadClassOrNull@111 (line 681)
                      ; - jdk.internal.loader.BuiltinClassLoader::loadClassOrNull@3 (line 700)
                      ; - jdk.internal.loader.BuiltinClassLoader::loadClassOrNull@86 (line 676)
                      ; - jdk.internal.loader.BuiltinClassLoader::loadClass@3 (line 639)
                      ; - jdk.internal.loader.ClassLoaders$AppClassLoader::loadClass@36 (line 188)
                      ; - java.lang.ClassLoader::loadClass@3 (line 526)
                      ;   {poll}
  0x00000233a54ab574: 0000 4185 | 0245 3bc8 | 0f1f 4000 | 7c91 443b | cd7d 1e90 | 4d63 d144 | 8b5c 2478 | 470f be5c 
  0x00000233a54ab594: 1310 4688 | 5c12 1041 | ffc1 6690 | 443b cd7c | e344 8bcf | 4c8b d241 | 3be9 0f8d | a3f0 ffff 
  0x00000233a54ab5b4: 413b e90f | 835c 1200 | 0044 8b5c | 2430 453b | d90f 834e | 1200 0044 | 8bc5 41ff | c049 8bca 
  0x00000233a54ab5d4: 4863 dd44 | 8b54 2478 | 450f be5c | 1a10 4183 | fb2e 0f84 | 3901 0000 | 4488 5c19 | 1044 8bdd 
  0x00000233a54ab5f4: 41ff c345 | 3bd8 7d06 | 418b eb90 | ebd2 443b | 5c24 340f | 8d3f f0ff | ffff c5e9 | a200 0000 
  0x00000233a54ab614: 41ba 2f00 | 0000 660f | 1f44 0000 | 4688 5401 | 1147 0fbe | 5403 1241 | 83fa 2e0f | 845b 0000 
  0x00000233a54ab634: 0046 8854 | 0112 470f | be54 0313 | 4183 fa2e | 0f84 4e00 | 0000 4688 | 5401 1383 | c504 3beb 
  0x00000233a54ab654: 0f8d 4800 | 0000 4c63 | c544 8b5c | 2478 470f | be54 0310 | 4183 fa2e | 741a 4688 | 5401 1047 
  0x00000233a54ab674: ;   {no_reloc}
  0x00000233a54ab674: 0fbe 5403 | 110f 1f80 | 0000 0000 | 4183 fa2e | 759a eb8c | 41ba 2f00 | 0000 ebde | 41ba 2f00 
  0x00000233a54ab694: 0000 eb9d | 41ba 2f00 | 0000 6690 | eba8 4d8b | 9750 0400 

  0x00000233a54ab6a8: ; ImmutableOopMap {rcx=Oop [32]=Oop [56]=Oop [64]=Oop [72]=Oop [80]=Oop [96]=Oop [120]=NarrowOop }
                      ;*goto {reexecute=1 rethrow=0 return_oop=0}
                      ; - (reexecute) java.lang.StringLatin1::replace@113 (line 312)
                      ; - java.lang.String::replace@18 (line 2933)
                      ; - jdk.internal.loader.BuiltinClassLoader::findClassOnClassPathOrNull@5 (line 755)
                      ; - jdk.internal.loader.BuiltinClassLoader::loadClassOrNull@111 (line 681)
                      ; - jdk.internal.loader.BuiltinClassLoader::loadClassOrNull@3 (line 700)
                      ; - jdk.internal.loader.BuiltinClassLoader::loadClassOrNull@86 (line 676)
                      ; - jdk.internal.loader.BuiltinClassLoader::loadClass@3 (line 639)
                      ; - jdk.internal.loader.ClassLoaders$AppClassLoader::loadClass@36 (line 188)
                      ; - java.lang.ClassLoader::loadClass@3 (line 526)
                      ;   {poll}
  0x00000233a54ab6a8: 0041 8502 | 3b6c 2434 | 0f8d 99ef | ffff 418b | d92b dd83 | c3fd 448b | 5424 3445 | 33c0 443b 
  0x00000233a54ab6c8: d541 0f4c | d881 fba0 | 0f00 0041 | bba0 0f00 | 0041 0f47 | db03 dd90 | e975 ffff | ff48 8bd8 
  0x00000233a54ab6e8: 448b 5008 | 49bb 0000 | 00b2 3302 | 0000 4d03 | da4d 8b53 

  0x00000233a54ab6fc: ;   {metadata('java/io/IOException')}
  0x00000233a54ab6fc: 4849 bb58 | 3104 b333 | 0200 004d | 3bd3 0f85 | 2a08 0000 | 33db e9dc | f7ff ff41 | b82f 0000 
  0x00000233a54ab71c: 0066 6690 | e965 f5ff | ff41 bb2f | 0000 00e9 | bcfe ffff | 448b 500c | 4d8b da4c | 8b44 2420 
  0x00000233a54ab73c: 0f1f 4000 | 4d3b d80f | 8450 0100 | 0045 85d2 | 0f84 ac14 | 0000 498b | d249 8be8 | 4c8b 4424 
  0x00000233a54ab75c: 284c 8944 | 2430 4c8b | 5424 504c | 8954 2448 

  0x00000233a54ab76c: ;   {optimized virtual_call}
  0x00000233a54ab76c: c5f8 77e8 

  0x00000233a54ab770: ; ImmutableOopMap {rbp=Oop [48]=Oop [64]=Oop [72]=Oop [80]=Oop [96]=Oop [104]=Oop }
                      ;*invokevirtual loadClassOrNull {reexecute=0 rethrow=0 return_oop=1}
                      ; - jdk.internal.loader.BuiltinClassLoader::loadClassOrNull@66 (line 669)
                      ; - jdk.internal.loader.BuiltinClassLoader::loadClassOrNull@3 (line 700)
                      ; - jdk.internal.loader.BuiltinClassLoader::loadClassOrNull@86 (line 676)
                      ; - jdk.internal.loader.BuiltinClassLoader::loadClass@3 (line 639)
                      ; - jdk.internal.loader.ClassLoaders$AppClassLoader::loadClass@36 (line 188)
                      ; - java.lang.ClassLoader::loadClass@3 (line 526)
  0x00000233a54ab770: 0c33 6aff 

  0x00000233a54ab774: ;   {other}
  0x00000233a54ab774: 0f1f 8400 | e41d 0015 | 4c8b c041 | ba01 0000 | 00e9 cef1 | ffff 33ed | e943 f9ff | ff48 8bd8 
  0x00000233a54ab794: 448b 5808 | 49ba 0000 | 00b2 3302 | 0000 4d03 | d34d 8b52 

  0x00000233a54ab7a8: ;   {metadata('java/io/IOException')}
  0x00000233a54ab7a8: 4849 bb58 | 3104 b333 | 0200 004d | 3bd3 0f85 | de06 0000 | 4533 c090 | e98e f1ff | ffbb 2f00 
  0x00000233a54ab7c8: 0000 e96c | eeff ff45 | 33c9 c5f8 | 7748 b8ff | ffff ffff 

  0x00000233a54ab7dc: ;   {virtual_call}
  0x00000233a54ab7dc: ffff ffe8 

  0x00000233a54ab7e0: ; ImmutableOopMap {}
                      ;*invokevirtual loadClass {reexecute=0 rethrow=0 return_oop=1}
                      ; - java.lang.ClassLoader::loadClass@3 (line 526)
  0x00000233a54ab7e0: ec4b 77ff 

  0x00000233a54ab7e4: ;   {other}
  0x00000233a54ab7e4: 0f1f 8400 | 541e 0016 | 488b d8e9 | a8f7 ffff | 33ed 41b9 | 0100 0000 | 0f1f 4000 | e924 fcff 
  0x00000233a54ab804: ff48 8944 | 2430 4c8b | 4424 28e9 | b7e6 ffff | 4c8b 5424 | 484c 8954 | 2430 4c8b | 5424 504c 
  0x00000233a54ab824: 8954 2440 

  0x00000233a54ab828: ;   {static_call}
  0x00000233a54ab828: c5f8 77e8 

  0x00000233a54ab82c: ; ImmutableOopMap {rbp=Oop [40]=Oop [48]=Oop [64]=Oop [72]=Oop [80]=Oop }
                      ;*invokestatic isModuleSystemInited {reexecute=0 rethrow=0 return_oop=0}
                      ; - jdk.internal.loader.BuiltinClassLoader::loadClassOrNull@45 (line 664)
                      ; - jdk.internal.loader.BuiltinClassLoader::loadClass@3 (line 639)
                      ; - jdk.internal.loader.ClassLoaders$AppClassLoader::loadClass@36 (line 188)
                      ; - java.lang.ClassLoader::loadClass@3 (line 526)
  0x00000233a54ab82c: 5038 6aff 

  0x00000233a54ab830: ;   {other}
  0x00000233a54ab830: 0f1f 8400 | a01e 0017 | 85c0 660f | 1f44 0000 | 0f84 5501 | 0000 48ff | 7424 2848 | 8f44 2420 
  0x00000233a54ab850: 488b 5424 | 204c 8bc5 | 4c8b 4c24 | 3049 8be9 | 4c8b 5424 | 404c 8954 | 2430 6690 

  0x00000233a54ab86c: ;   {optimized virtual_call}
  0x00000233a54ab86c: c5f8 77e8 

  0x00000233a54ab870: ; ImmutableOopMap {rbp=Oop [32]=Oop [48]=Oop [64]=Oop [72]=Oop [80]=Oop }
                      ;*invokevirtual findClassInModuleOrNull {reexecute=0 rethrow=0 return_oop=1}
                      ; - jdk.internal.loader.BuiltinClassLoader::loadClassOrNull@55 (line 665)
                      ; - jdk.internal.loader.BuiltinClassLoader::loadClass@3 (line 639)
                      ; - jdk.internal.loader.ClassLoaders$AppClassLoader::loadClass@36 (line 188)
                      ; - java.lang.ClassLoader::loadClass@3 (line 526)
  0x00000233a54ab870: 0c32 6aff 

  0x00000233a54ab874: ;   {other}
  0x00000233a54ab874: 0f1f 8400 | e41e 0018 | 488b d890 | e982 fbff | ff48 8944 | 2430 4c8b | 4424 204c | 8b54 2428 
  0x00000233a54ab894: e9e2 e8ff | ff48 8944 | 2420 498b | e848 ff74 | 2450 488f | 4424 4890 

  0x00000233a54ab8ac: ;   {static_call}
  0x00000233a54ab8ac: c5f8 77e8 

  0x00000233a54ab8b0: ; ImmutableOopMap {rbp=Oop [32]=Oop [40]=Oop [64]=Oop [72]=Oop [80]=Oop [96]=Oop [104]=Oop }
                      ;*invokestatic isModuleSystemInited {reexecute=0 rethrow=0 return_oop=0}
                      ; - jdk.internal.loader.BuiltinClassLoader::loadClassOrNull@45 (line 664)
                      ; - jdk.internal.loader.BuiltinClassLoader::loadClassOrNull@3 (line 700)
                      ; - jdk.internal.loader.BuiltinClassLoader::loadClassOrNull@86 (line 676)
                      ; - jdk.internal.loader.BuiltinClassLoader::loadClass@3 (line 639)
                      ; - jdk.internal.loader.ClassLoaders$AppClassLoader::loadClass@36 (line 188)
                      ; - java.lang.ClassLoader::loadClass@3 (line 526)
  0x00000233a54ab8b0: cc37 6aff 

  0x00000233a54ab8b4: ;   {other}
  0x00000233a54ab8b4: 0f1f 8400 | 241f 0019 | 0f1f 4000 | 85c0 0f84 | 7701 0000 | 488b d54c | 8b44 2420 | 4c8b 4c24 
  0x00000233a54ab8d4: 284c 894c | 2430 6690 

  0x00000233a54ab8dc: ;   {optimized virtual_call}
  0x00000233a54ab8dc: c5f8 77e8 

  0x00000233a54ab8e0: ; ImmutableOopMap {rbp=Oop [48]=Oop [64]=Oop [72]=Oop [80]=Oop [96]=Oop [104]=Oop }
                      ;*invokevirtual findClassInModuleOrNull {reexecute=0 rethrow=0 return_oop=1}
                      ; - jdk.internal.loader.BuiltinClassLoader::loadClassOrNull@55 (line 665)
                      ; - jdk.internal.loader.BuiltinClassLoader::loadClassOrNull@3 (line 700)
                      ; - jdk.internal.loader.BuiltinClassLoader::loadClassOrNull@86 (line 676)
                      ; - jdk.internal.loader.BuiltinClassLoader::loadClass@3 (line 639)
                      ; - jdk.internal.loader.ClassLoaders$AppClassLoader::loadClass@36 (line 188)
                      ; - java.lang.ClassLoader::loadClass@3 (line 526)
  0x00000233a54ab8e0: 9c31 6aff 

  0x00000233a54ab8e4: ;   {other}
  0x00000233a54ab8e4: 0f1f 8400 | 541f 001a | 4c8b c0e9 | 8bfe ffff | 4c89 4424 | 30e9 cde5 | ffff 48ff | 7424 4848 
  0x00000233a54ab904: 8f44 2468 | e9e6 f5ff | ff49 8b87 | b801 0000 | 4c8b d049 | 83c2 180f | 1f44 0000 | 4d3b 97c8 
  0x00000233a54ab924: 0100 000f | 8327 1200 | 004d 8997 | b801 0000 | 410f 0d8a | c000 0000 | 48c7 0001 

  0x00000233a54ab940: ;   {metadata('java/lang/String')}
  0x00000233a54ab940: 0000 00c7 | 4008 40e7 | 0000 4489 | 600c 4489 

  0x00000233a54ab950: ;   {oop([B{0x0000000081c70380})}
  0x00000233a54ab950: 6010 c740 | 1480 03c7 

  0x00000233a54ab958: ;   {oop(".class"{0x0000000081c70368})}
  0x00000233a54ab958: 8149 ba68 | 03c7 8100 | 0000 0045 | 0fb6 5211 | 4488 5011 

  0x00000233a54ab96c: ;   {oop(".class"{0x0000000081c70368})}
  0x00000233a54ab96c: 49ba 6803 | c781 0000 | 0000 458b | 5a0c 4489 | 580c 4c8b | c0e9 14f5 | ffff 4c89 | 5424 30e9 
  0x00000233a54ab98c: ebe7 ffff | 41ba 0100 | 0000 e9bd | efff ff33 | db66 6690 | e962 faff | ff44 8bce | 4c8b d84d 
  0x00000233a54ab9ac: 8bee 443b | d70f 8dfe | ecff ff90 | 420f be74 | 1310 6690 | 83fe 2e0f | 8486 0300 | 0041 ffc2 
  0x00000233a54ab9cc: 443b d77c | e7e9 dfec | ffff 498b | 87b8 0100 | 004c 8bd0 | 4983 c218 | 4d3b 97c8 | 0100 000f 
  0x00000233a54ab9ec: 83c7 1100 | 004d 8997 | b801 0000 | 410f 0d8a | c000 0000 | 48c7 0001 

  0x00000233a54aba04: ;   {metadata('java/lang/String')}
  0x00000233a54aba04: 0000 00c7 | 4008 40e7 | 0000 4489 | 600c 4489 

  0x00000233a54aba14: ;   {oop([B{0x0000000081c70380})}
  0x00000233a54aba14: 6010 c740 | 1480 03c7 

  0x00000233a54aba1c: ;   {oop(".class"{0x0000000081c70368})}
  0x00000233a54aba1c: 8149 ba68 | 03c7 8100 | 0000 0041 | 0fb6 4a11 | 8848 1145 | 8b52 0c44 | 8950 0c4c | 8bd0 e98b 
  0x00000233a54aba3c: eeff ff45 | 33c0 e938 | fdff ff4c | 8944 2428 

  0x00000233a54aba4c: ;   {metadata('java/lang/Object')}
  0x00000233a54aba4c: 48ba 700e | 00b2 3302 | 0000 6690 

  0x00000233a54aba58: ;   {runtime_call _new_instance_Java}
  0x00000233a54aba58: c5f8 77e8 

  0x00000233a54aba5c: ; ImmutableOopMap {rbp=NarrowOop [32]=Oop [40]=Oop }
                      ;*new {reexecute=0 rethrow=0 return_oop=1}
                      ; - java.lang.ClassLoader::getClassLoadingLock@9 (line 680)
                      ; - jdk.internal.loader.BuiltinClassLoader::loadClassOrNull@2 (line 651)
                      ; - jdk.internal.loader.BuiltinClassLoader::loadClass@3 (line 639)
                      ; - jdk.internal.loader.ClassLoaders$AppClassLoader::loadClass@36 (line 188)
                      ; - java.lang.ClassLoader::loadClass@3 (line 526)
  0x00000233a54aba5c: 20a2 76ff 

  0x00000233a54aba60: ;   {other}
  0x00000233a54aba60: 0f1f 8400 | d020 001b | e926 e4ff | ff48 898c | 2480 0000 | 0044 894c | 2478 4489 | 5424 5c89 
  0x00000233a54aba80: 7c24 584c | 8944 2448 | 4c89 5c24 | 3848 ff74 | 2440 488f | 4424 3048 | ff74 2468 | 488f 4424 
  0x00000233a54abaa0: ;   {metadata({type array byte})}
  0x00000233a54abaa0: 2848 ba68 | 2200 b233 | 0200 0048 | 8974 2420 | 448b c748 | ff74 2450 | 488f 4424 | 4066 6690 
  0x00000233a54abac0: ;   {runtime_call _new_array_Java}
  0x00000233a54abac0: c5f8 77e8 

  0x00000233a54abac4: ; ImmutableOopMap {[40]=Oop [48]=Oop [56]=Oop [64]=Oop [72]=Oop [80]=Oop }
                      ;*invokevirtual allocateUninitializedArray0 {reexecute=0 rethrow=0 return_oop=1}
                      ; - jdk.internal.misc.Unsafe::allocateUninitializedArray@51 (line 1380)
                      ; - java.lang.StringConcatHelper::newArray@33 (line 511)
                      ; - java.lang.StringConcatHelper::simpleConcat@61 (line 435)
                      ; - java.lang.String::concat@11 (line 2899)
                      ; - jdk.internal.loader.BuiltinClassLoader::findClassOnClassPathOrNull@10 (line 755)
                      ; - jdk.internal.loader.BuiltinClassLoader::loadClassOrNull@111 (line 681)
                      ; - jdk.internal.loader.BuiltinClassLoader::loadClass@3 (line 639)
                      ; - jdk.internal.loader.ClassLoaders$AppClassLoader::loadClass@36 (line 188)
                      ; - java.lang.ClassLoader::loadClass@3 (line 526)
  0x00000233a54abac4: b89e 76ff 

  0x00000233a54abac8: ;   {other}
  0x00000233a54abac8: 0f1f 8400 | 3821 001c | 48ff 7424 | 2848 8f44 | 2468 48ff | 7424 3048 | 8f44 2440 | 4c8b 5c24 
  0x00000233a54abae8: 384c 8b44 | 2448 8b7c | 2458 488b | d844 8b54 | 245c 448b | 4c24 7848 | 8b8c 2480 | 0000 00e9 
  0x00000233a54abb08: c5f2 ffff | 4889 5c24 

  0x00000233a54abb10: ;   {metadata('java/lang/String')}
  0x00000233a54abb10: 2848 ba40 | e700 b233 | 0200 004c | 8b54 2450 | 4c89 5424 | 3866 6690 

  0x00000233a54abb28: ;   {runtime_call _new_instance_Java}
  0x00000233a54abb28: c5f8 77e8 

  0x00000233a54abb2c: ; ImmutableOopMap {[40]=Oop [56]=Oop [64]=Oop [80]=Oop [104]=Oop }
                      ;*new {reexecute=0 rethrow=0 return_oop=1}
                      ; - java.lang.StringConcatHelper::newString@6 (line 400)
                      ; - java.lang.StringConcatHelper::simpleConcat@90 (line 440)
                      ; - java.lang.String::concat@11 (line 2899)
                      ; - jdk.internal.loader.BuiltinClassLoader::findClassOnClassPathOrNull@10 (line 755)
                      ; - jdk.internal.loader.BuiltinClassLoader::loadClassOrNull@111 (line 681)
                      ; - jdk.internal.loader.BuiltinClassLoader::loadClass@3 (line 639)
                      ; - jdk.internal.loader.ClassLoaders$AppClassLoader::loadClass@36 (line 188)
                      ; - java.lang.ClassLoader::loadClass@3 (line 526)
  0x00000233a54abb2c: 50a1 76ff 

  0x00000233a54abb30: ;   {other}
  0x00000233a54abb30: 0f1f 8400 | a021 001d | 4c8b c048 | 8b5c 2428 | e94e f3ff | ff4c 8954 

  0x00000233a54abb48: ;   {metadata('java/lang/Object')}
  0x00000233a54abb48: 2428 48ba | 700e 00b2 | 3302 0000 | 4c8b 5424 | 484c 8954 | 2430 48ff | 7424 5048 | 8f44 2440 
  0x00000233a54abb68: ;   {runtime_call _new_instance_Java}
  0x00000233a54abb68: c5f8 77e8 

  0x00000233a54abb6c: ; ImmutableOopMap {rbp=NarrowOop [32]=Oop [40]=Oop [48]=Oop [64]=Oop [72]=Oop [80]=Oop }
                      ;*new {reexecute=0 rethrow=0 return_oop=1}
                      ; - java.lang.ClassLoader::getClassLoadingLock@9 (line 680)
                      ; - jdk.internal.loader.BuiltinClassLoader::loadClassOrNull@2 (line 651)
                      ; - jdk.internal.loader.BuiltinClassLoader::loadClassOrNull@3 (line 700)
                      ; - jdk.internal.loader.BuiltinClassLoader::loadClassOrNull@86 (line 676)
                      ; - jdk.internal.loader.BuiltinClassLoader::loadClass@3 (line 639)
                      ; - jdk.internal.loader.ClassLoaders$AppClassLoader::loadClass@36 (line 188)
                      ; - java.lang.ClassLoader::loadClass@3 (line 526)
  0x00000233a54abb6c: 10a1 76ff 

  0x00000233a54abb70: ;   {other}
  0x00000233a54abb70: 0f1f 8400 | e021 001e | e9b6 e5ff | ff48 8974 | 2458 8954 | 2448 897c | 243c 894c | 2438 895c 
  0x00000233a54abb90: 2434 4489 | 5424 3048 | ff74 2440 | 488f 4424 | 2848 ff74 | 2468 488f 

  0x00000233a54abba8: ;   {metadata({type array byte})}
  0x00000233a54abba8: 4424 2048 | ba68 2200 | b233 0200 | 0044 8bc1 | 48ff 7424 | 5048 8f44 | 2440 6690 

  0x00000233a54abbc4: ;   {runtime_call _new_array_Java}
  0x00000233a54abbc4: c5f8 77e8 

  0x00000233a54abbc8: ; ImmutableOopMap {[32]=Oop [40]=Oop [52]=NarrowOop [64]=Oop [80]=Oop [88]=Oop }
                      ;*invokevirtual allocateUninitializedArray0 {reexecute=0 rethrow=0 return_oop=1}
                      ; - jdk.internal.misc.Unsafe::allocateUninitializedArray@51 (line 1380)
                      ; - java.lang.StringConcatHelper::newArray@33 (line 511)
                      ; - java.lang.StringLatin1::replace@49 (line 304)
                      ; - java.lang.String::replace@18 (line 2933)
                      ; - jdk.internal.loader.BuiltinClassLoader::findClassOnClassPathOrNull@5 (line 755)
                      ; - jdk.internal.loader.BuiltinClassLoader::loadClassOrNull@111 (line 681)
                      ; - jdk.internal.loader.BuiltinClassLoader::loadClass@3 (line 639)
                      ; - jdk.internal.loader.ClassLoaders$AppClassLoader::loadClass@36 (line 188)
                      ; - java.lang.ClassLoader::loadClass@3 (line 526)
  0x00000233a54abbc8: b49d 76ff 

  0x00000233a54abbcc: ;   {other}
  0x00000233a54abbcc: 0f1f 8400 | 3c22 001f | 48ff 7424 | 2048 8f44 | 2468 48ff | 7424 2848 | 8f44 2440 | 448b 5424 
  0x00000233a54abbec: 308b 5c24 | 348b 4c24 | 388b 7c24 | 3c8b 5424 | 4848 8b74 | 2458 4c8b | d8e9 41f5 | ffff 4c89 
  0x00000233a54abc0c: ;   {metadata('java/lang/String')}
  0x00000233a54abc0c: 5c24 2848 | ba40 e700 | b233 0200 | 004c 8b54 | 2450 4c89 | 5424 3890 

  0x00000233a54abc24: ;   {runtime_call _new_instance_Java}
  0x00000233a54abc24: c5f8 77e8 

  0x00000233a54abc28: ; ImmutableOopMap {[40]=Oop [56]=Oop [64]=Oop [80]=Oop [104]=Oop }
                      ;*new {reexecute=0 rethrow=0 return_oop=1}
                      ; - java.lang.StringLatin1::replace@116 (line 313)
                      ; - java.lang.String::replace@18 (line 2933)
                      ; - jdk.internal.loader.BuiltinClassLoader::findClassOnClassPathOrNull@5 (line 755)
                      ; - jdk.internal.loader.BuiltinClassLoader::loadClassOrNull@111 (line 681)
                      ; - jdk.internal.loader.BuiltinClassLoader::loadClass@3 (line 639)
                      ; - jdk.internal.loader.ClassLoaders$AppClassLoader::loadClass@36 (line 188)
                      ; - java.lang.ClassLoader::loadClass@3 (line 526)
  0x00000233a54abc28: 54a0 76ff 

  0x00000233a54abc2c: ;   {other}
  0x00000233a54abc2c: 0f1f 8400 | 9c22 0020 | 4c8b 5c24 | 284c 8bc0 | 0f1f 4000 | e991 f0ff | ff41 8be9 | e987 f4ff 
  0x00000233a54abc4c: ;   {metadata({type array byte})}
  0x00000233a54abc4c: ff48 ba68 | 2200 b233 | 0200 0044 | 8bc5 4c8b | 5424 684c | 8954 2438 | 48ff 7424 | 5048 8f44 
  0x00000233a54abc6c: 2448 4889 | 8424 a800 | 0000 6690 

  0x00000233a54abc78: ;   {runtime_call _new_array_Java}
  0x00000233a54abc78: c5f8 77e8 

  0x00000233a54abc7c: ; ImmutableOopMap {[56]=Oop [64]=Oop [72]=Oop [80]=Oop [96]=Oop [104]=Oop [112]=Oop [120]=Oop [128]=Oop }
                      ;*invokevirtual allocateUninitializedArray0 {reexecute=0 rethrow=0 return_oop=1}
                      ; - jdk.internal.misc.Unsafe::allocateUninitializedArray@51 (line 1380)
                      ; - java.lang.StringConcatHelper::newArray@33 (line 511)
                      ; - java.lang.StringConcatHelper::simpleConcat@61 (line 435)
                      ; - java.lang.String::concat@11 (line 2899)
                      ; - jdk.internal.loader.BuiltinClassLoader::findClassOnClassPathOrNull@10 (line 755)
                      ; - jdk.internal.loader.BuiltinClassLoader::loadClassOrNull@111 (line 681)
                      ; - jdk.internal.loader.BuiltinClassLoader::loadClassOrNull@3 (line 700)
                      ; - jdk.internal.loader.BuiltinClassLoader::loadClassOrNull@86 (line 676)
                      ; - jdk.internal.loader.BuiltinClassLoader::loadClass@3 (line 639)
                      ; - jdk.internal.loader.ClassLoaders$AppClassLoader::loadClass@36 (line 188)
                      ; - java.lang.ClassLoader::loadClass@3 (line 526)
  0x00000233a54abc7c: 009d 76ff 

  0x00000233a54abc80: ;   {other}
  0x00000233a54abc80: 0f1f 8400 | f022 0021 | 448b d548 | 8bd8 e936 | ebff ff48 

  0x00000233a54abc94: ;   {metadata('java/lang/String')}
  0x00000233a54abc94: 8beb 48ba | 40e7 00b2 | 3302 0000 | 4c8b 5424 | 684c 8954 | 2438 48ff | 7424 5048 | 8f44 2448 
  0x00000233a54abcb4: ;   {runtime_call _new_instance_Java}
  0x00000233a54abcb4: c5f8 77e8 

  0x00000233a54abcb8: ; ImmutableOopMap {rbp=Oop [56]=Oop [64]=Oop [72]=Oop [80]=Oop [96]=Oop [104]=Oop [112]=Oop }
                      ;*new {reexecute=0 rethrow=0 return_oop=1}
                      ; - java.lang.StringConcatHelper::newString@6 (line 400)
                      ; - java.lang.StringConcatHelper::simpleConcat@90 (line 440)
                      ; - java.lang.String::concat@11 (line 2899)
                      ; - jdk.internal.loader.BuiltinClassLoader::findClassOnClassPathOrNull@10 (line 755)
                      ; - jdk.internal.loader.BuiltinClassLoader::loadClassOrNull@111 (line 681)
                      ; - jdk.internal.loader.BuiltinClassLoader::loadClassOrNull@3 (line 700)
                      ; - jdk.internal.loader.BuiltinClassLoader::loadClassOrNull@86 (line 676)
                      ; - jdk.internal.loader.BuiltinClassLoader::loadClass@3 (line 639)
                      ; - jdk.internal.loader.ClassLoaders$AppClassLoader::loadClass@36 (line 188)
                      ; - java.lang.ClassLoader::loadClass@3 (line 526)
  0x00000233a54abcb8: c49f 76ff 

  0x00000233a54abcbc: ;   {other}
  0x00000233a54abcbc: 0f1f 8400 | 2c23 0022 | 488b dd4c | 8bd0 e9e5 | ebff ff4c | 8944 2420 | 4489 4c24 | 284c 895c 
  0x00000233a54abcdc: 2448 895c | 2478 897c | 242c 894c | 2430 8954 | 2434 4c89 

  0x00000233a54abcf0: ;   {metadata({type array byte})}
  0x00000233a54abcf0: 6c24 3848 | ba68 2200 | b233 0200 | 0044 8b44 | 242c 6690 

  0x00000233a54abd04: ;   {runtime_call _new_array_Java}
  0x00000233a54abd04: c5f8 77e8 

  0x00000233a54abd08: ; ImmutableOopMap {[32]=Oop [56]=Oop [64]=Oop [72]=Oop [80]=Oop [96]=Oop [120]=NarrowOop }
                      ;*invokevirtual allocateUninitializedArray0 {reexecute=0 rethrow=0 return_oop=1}
                      ; - jdk.internal.misc.Unsafe::allocateUninitializedArray@51 (line 1380)
                      ; - java.lang.StringConcatHelper::newArray@33 (line 511)
                      ; - java.lang.StringLatin1::replace@49 (line 304)
                      ; - java.lang.String::replace@18 (line 2933)
                      ; - jdk.internal.loader.BuiltinClassLoader::findClassOnClassPathOrNull@5 (line 755)
                      ; - jdk.internal.loader.BuiltinClassLoader::loadClassOrNull@111 (line 681)
                      ; - jdk.internal.loader.BuiltinClassLoader::loadClassOrNull@3 (line 700)
                      ; - jdk.internal.loader.BuiltinClassLoader::loadClassOrNull@86 (line 676)
                      ; - jdk.internal.loader.BuiltinClassLoader::loadClass@3 (line 639)
                      ; - jdk.internal.loader.ClassLoaders$AppClassLoader::loadClass@36 (line 188)
                      ; - java.lang.ClassLoader::loadClass@3 (line 526)
  0x00000233a54abd08: 749c 76ff 

  0x00000233a54abd0c: ;   {other}
  0x00000233a54abd0c: 0f1f 8400 | 7c23 0023 | 448b 4c24 | 2c4c 8bd0 | 0f1f 4000 | e9a5 f7ff | ff49 8bea 

  0x00000233a54abd28: ;   {metadata('java/lang/String')}
  0x00000233a54abd28: 48ba 40e7 | 00b2 3302 | 0000 6690 

  0x00000233a54abd34: ;   {runtime_call _new_instance_Java}
  0x00000233a54abd34: c5f8 77e8 

  0x00000233a54abd38: ; ImmutableOopMap {rbp=Oop [32]=Oop [64]=Oop [72]=Oop [80]=Oop [96]=Oop }
                      ;*new {reexecute=0 rethrow=0 return_oop=1}
                      ; - java.lang.StringLatin1::replace@116 (line 313)
                      ; - java.lang.String::replace@18 (line 2933)
                      ; - jdk.internal.loader.BuiltinClassLoader::findClassOnClassPathOrNull@5 (line 755)
                      ; - jdk.internal.loader.BuiltinClassLoader::loadClassOrNull@111 (line 681)
                      ; - jdk.internal.loader.BuiltinClassLoader::loadClassOrNull@3 (line 700)
                      ; - jdk.internal.loader.BuiltinClassLoader::loadClassOrNull@86 (line 676)
                      ; - jdk.internal.loader.BuiltinClassLoader::loadClass@3 (line 639)
                      ; - jdk.internal.loader.ClassLoaders$AppClassLoader::loadClass@36 (line 188)
                      ; - java.lang.ClassLoader::loadClass@3 (line 526)
  0x00000233a54abd38: 449f 76ff 

  0x00000233a54abd3c: ;   {other}
  0x00000233a54abd3c: 0f1f 8400 | ac23 0024 | 4c8b d548 | 8bd8 e948 | e9ff ff41 | 8bea e9d2 

  0x00000233a54abd54: ;   {metadata('java/lang/ClassNotFoundException')}
  0x00000233a54abd54: f6ff ff48 | bad8 b206 | b233 0200 | 0066 6690 

  0x00000233a54abd64: ;   {runtime_call _new_instance_Java}
  0x00000233a54abd64: c5f8 77e8 

  0x00000233a54abd68: ; ImmutableOopMap {[104]=Oop }
                      ;*new {reexecute=0 rethrow=0 return_oop=1}
                      ; - jdk.internal.loader.BuiltinClassLoader::loadClass@11 (line 641)
                      ; - jdk.internal.loader.ClassLoaders$AppClassLoader::loadClass@36 (line 188)
                      ; - java.lang.ClassLoader::loadClass@3 (line 526)
  0x00000233a54abd68: 149f 76ff 

  0x00000233a54abd6c: ;   {other}
  0x00000233a54abd6c: 0f1f 8400 | dc23 0025 | e901 f6ff | ff48 ff74 | 2430 488f | 4424 2849 | 8be8 488b | 5424 304c 
  0x00000233a54abd8c: 8d84 24b0 | 0000 0090 

  0x00000233a54abd94: ;   {runtime_call _complete_monitor_locking_Java}
  0x00000233a54abd94: c5f8 77e8 

  0x00000233a54abd98: ; ImmutableOopMap {rbp=Oop [32]=Oop [40]=Oop }
                      ;*monitorenter {reexecute=0 rethrow=0 return_oop=0}
                      ; - jdk.internal.loader.BuiltinClassLoader::loadClassOrNull@7 (line 651)
                      ; - jdk.internal.loader.BuiltinClassLoader::loadClass@3 (line 639)
                      ; - jdk.internal.loader.ClassLoaders$AppClassLoader::loadClass@36 (line 188)
                      ; - java.lang.ClassLoader::loadClass@3 (line 526)
  0x00000233a54abd98: e4a4 76ff 

  0x00000233a54abd9c: ;   {other}
  0x00000233a54abd9c: 0f1f 8400 | 0c24 0026 | 4c8b c54c | 8b54 2428 | e98a e1ff | ffba 45ff | ffff 4c89 | 4c24 284c 
  0x00000233a54abdbc: 8954 2438 | 4c89 4424 | 404c 894c | 2448 6690 

  0x00000233a54abdcc: ;   {runtime_call UncommonTrapBlob}
  0x00000233a54abdcc: c5f8 77e8 

  0x00000233a54abdd0: ; ImmutableOopMap {[40]=Oop [56]=Oop [64]=Oop [72]=Oop }
                      ;*ifeq {reexecute=1 rethrow=0 return_oop=0}
                      ; - (reexecute) java.lang.ClassLoader::checkName@8 (line 1155)
                      ; - java.lang.ClassLoader::findLoadedClass@1 (line 1298)
                      ; - jdk.internal.loader.BuiltinClassLoader::loadClassOrNull@10 (line 653)
                      ; - jdk.internal.loader.BuiltinClassLoader::loadClass@3 (line 639)
                      ; - jdk.internal.loader.ClassLoaders$AppClassLoader::loadClass@36 (line 188)
                      ; - java.lang.ClassLoader::loadClass@3 (line 526)
  0x00000233a54abdd0: 2c88 6aff 

  0x00000233a54abdd4: ;   {other}
  0x00000233a54abdd4: 0f1f 8400 | 4424 0027 | 498b cb48 | 8d94 24b0 | 0000 004d | 8bc7 c5f8 | 7749 ba70 | 39f5 6cfe 
  0x00000233a54abdf4: 7f00 0041 

  0x00000233a54abdf8: ;   {other}
  0x00000233a54abdf8: ffd2 0f1f | 8400 0000 | 0000 e98c | f1ff ff4c | 894c 2428 | 4c89 5424 | 384c 8944 | 2440 4c89 
  0x00000233a54abe18: 4c24 4889 | 5c24 5889 | 5424 5cba | ceff ffff 

  0x00000233a54abe28: ;   {runtime_call UncommonTrapBlob}
  0x00000233a54abe28: c5f8 77e8 

  0x00000233a54abe2c: ; ImmutableOopMap {[40]=Oop [56]=Oop [64]=Oop [72]=Oop [88]=NarrowOop }
                      ;*invokestatic indexOfChar {reexecute=0 rethrow=0 return_oop=0}
                      ; - java.lang.StringLatin1::indexOf@33 (line 204)
                      ; - java.lang.String::indexOf@17 (line 2461)
                      ; - java.lang.String::indexOf@3 (line 2405)
                      ; - java.lang.ClassLoader::checkName@16 (line 1157)
                      ; - java.lang.ClassLoader::findLoadedClass@1 (line 1298)
                      ; - jdk.internal.loader.BuiltinClassLoader::loadClassOrNull@10 (line 653)
                      ; - jdk.internal.loader.BuiltinClassLoader::loadClass@3 (line 639)
                      ; - jdk.internal.loader.ClassLoaders$AppClassLoader::loadClass@36 (line 188)
                      ; - java.lang.ClassLoader::loadClass@3 (line 526)
  0x00000233a54abe2c: d087 6aff 

  0x00000233a54abe30: ;   {other}
  0x00000233a54abe30: 0f1f 8400 | a024 0028 | 488b d80f | 1f44 0000 | e955 0000 | 004c 8bd0 | 498b dae9 | ea00 0000 
  0x00000233a54abe50: 488b d8e9 | e200 0000 | 488b d80f | 1f44 0000 | e9d5 0000 | 0048 8bd8 | e9cd 0000 | 004c 8bd0 
  0x00000233a54abe70: 498b dae9 | 6201 0000 | 488b d80f | 1f44 0000 | e9b5 0000 | 0048 8bd8 | eb10 488b | d8eb 0b4c 
  0x00000233a54abe90: 8bd0 eb03 | 4c8b d049 | 8bda 4c8b | 5c24 6048 | 8d84 24b8 | 0000 0048 | 8338 000f | 8479 0000 
  0x00000233a54abeb0: 004d 8b13 | 41f6 c202 | 0f84 6200 | 0000 4983 | ba86 0000 | 0000 7409 | 49ff 8a86 | 0000 00eb 
  0x00000233a54abed0: 4b49 8b82 | 9600 0000 | 490b 828e | 0000 0075 | 0a49 c742 | 3e00 0000 | 00eb 3d49 | 83ba 9e00 
  0x00000233a54abef0: 0000 0074 | 2248 33c0 | 49c7 423e | 0000 0000 | f083 0424 | 0049 83ba | 9e00 0000 | 0075 0df0 
  0x00000233a54abf10: 4d0f b17a | 3e75 0583 | c801 eb0c | a800 eb08 | 4c8b 10f0 | 4d0f b113 | 750a 49ff 

  0x00000233a54abf2c: ;   {no_reloc}
  0x00000233a54abf2c: 8f48 0500 | 0045 33d2 | 0f85 250d | 0000 4c8b | 5c24 5048 | 8d84 24b0 | 0000 0048 | 8338 000f 
  0x00000233a54abf4c: 8479 0000 | 004d 8b13 | 41f6 c202 | 0f84 6200 | 0000 4983 | ba86 0000 | 0000 7409 | 49ff 8a86 
  0x00000233a54abf6c: 0000 00eb | 4b49 8b82 | 9600 0000 | 490b 828e | 0000 0075 | 0a49 c742 | 3e00 0000 | 00eb 3d49 
  0x00000233a54abf8c: 83ba 9e00 | 0000 0074 | 2248 33c0 | 49c7 423e | 0000 0000 | f083 0424 | 0049 83ba | 9e00 0000 
  0x00000233a54abfac: 0075 0df0 | 4d0f b17a | 3e75 0583 | c801 eb0c | a800 eb08 | 4c8b 10f0 | 4d0f b113 | 750a 49ff 
  0x00000233a54abfcc: 8f48 0500 | 0045 33d2 | 0f85 5a0c | 0000 488b | d366 6690 | e9b6 f3ff | ff33 ed85 | c940 0f94 
  0x00000233a54abfec: c5ba 45ff | ffff 4c89 | 5424 404c | 8944 2448 

  0x00000233a54abffc: ;   {runtime_call UncommonTrapBlob}
  0x00000233a54abffc: c5f8 77e8 

  0x00000233a54ac000: ; ImmutableOopMap {[32]=Oop [64]=Oop [72]=Oop }
                      ;*ifeq {reexecute=1 rethrow=0 return_oop=0}
                      ; - (reexecute) java.lang.String::indexOf@4 (line 2461)
                      ; - java.lang.String::indexOf@3 (line 2405)
                      ; - java.lang.ClassLoader::checkName@16 (line 1157)
                      ; - java.lang.ClassLoader::findLoadedClass@1 (line 1298)
                      ; - jdk.internal.loader.BuiltinClassLoader::loadClassOrNull@10 (line 653)
                      ; - jdk.internal.loader.BuiltinClassLoader::loadClass@3 (line 639)
                      ; - jdk.internal.loader.ClassLoaders$AppClassLoader::loadClass@36 (line 188)
                      ; - java.lang.ClassLoader::loadClass@3 (line 526)
  0x00000233a54ac000: fc85 6aff 

  0x00000233a54ac004: ;   {other}
  0x00000233a54ac004: 0f1f 8400 | 7426 0029 | ba45 ffff | ff4c 895c | 2428 4c8b | 5424 504c | 8954 2438 | 4c89 5c24 
  0x00000233a54ac024: 4066 6690 

  0x00000233a54ac028: ;   {runtime_call UncommonTrapBlob}
  0x00000233a54ac028: c5f8 77e8 

  0x00000233a54ac02c: ; ImmutableOopMap {[32]=Oop [40]=Oop [56]=Oop [64]=Oop [80]=Oop }
                      ;*ifeq {reexecute=1 rethrow=0 return_oop=0}
                      ; - (reexecute) java.lang.ClassLoader::checkName@8 (line 1155)
                      ; - java.lang.ClassLoader::findBootstrapClassOrNull@1 (line 1275)
                      ; - java.lang.System$2::findBootstrapClassOrNull@1 (line 2397)
                      ; - jdk.internal.loader.ClassLoaders$BootClassLoader::loadClassOrNull@4 (line 140)
                      ; - jdk.internal.loader.BuiltinClassLoader::loadClassOrNull@3 (line 700)
                      ; - jdk.internal.loader.BuiltinClassLoader::loadClassOrNull@86 (line 676)
                      ; - jdk.internal.loader.BuiltinClassLoader::loadClass@3 (line 639)
                      ; - jdk.internal.loader.ClassLoaders$AppClassLoader::loadClass@36 (line 188)
                      ; - java.lang.ClassLoader::loadClass@3 (line 526)
  0x00000233a54ac02c: d085 6aff 

  0x00000233a54ac030: ;   {other}
  0x00000233a54ac030: 0f1f 8400 | a026 002a | ba45 ffff | ff4c 894c | 2428 4c89 | 5424 384c | 8944 2440 | 4c89 4c24 
  0x00000233a54ac050: 4889 5c24 | 5066 6690 

  0x00000233a54ac058: ;   {runtime_call UncommonTrapBlob}
  0x00000233a54ac058: c5f8 77e8 

  0x00000233a54ac05c: ; ImmutableOopMap {[40]=Oop [56]=Oop [64]=Oop [72]=Oop }
                      ;*if_icmpne {reexecute=1 rethrow=0 return_oop=0}
                      ; - (reexecute) java.lang.ClassLoader::checkName@20 (line 1157)
                      ; - java.lang.ClassLoader::findLoadedClass@1 (line 1298)
                      ; - jdk.internal.loader.BuiltinClassLoader::loadClassOrNull@10 (line 653)
                      ; - jdk.internal.loader.BuiltinClassLoader::loadClass@3 (line 639)
                      ; - jdk.internal.loader.ClassLoaders$AppClassLoader::loadClass@36 (line 188)
                      ; - java.lang.ClassLoader::loadClass@3 (line 526)
  0x00000233a54ac05c: a085 6aff 

  0x00000233a54ac060: ;   {other}
  0x00000233a54ac060: 0f1f 8400 | d026 002b | 4c89 5c24 | 284c 8b54 | 2450 4c89 | 5424 384c | 895c 2440 | 4489 4c24 
  0x00000233a54ac080: 5089 5424 | 54ba ceff | ffff 6690 

  0x00000233a54ac08c: ;   {runtime_call UncommonTrapBlob}
  0x00000233a54ac08c: c5f8 77e8 

  0x00000233a54ac090: ; ImmutableOopMap {[32]=Oop [40]=Oop [56]=Oop [64]=Oop [80]=NarrowOop }
                      ;*invokestatic indexOfChar {reexecute=0 rethrow=0 return_oop=0}
                      ; - java.lang.StringLatin1::indexOf@33 (line 204)
                      ; - java.lang.String::indexOf@17 (line 2461)
                      ; - java.lang.String::indexOf@3 (line 2405)
                      ; - java.lang.ClassLoader::checkName@16 (line 1157)
                      ; - java.lang.ClassLoader::findBootstrapClassOrNull@1 (line 1275)
                      ; - java.lang.System$2::findBootstrapClassOrNull@1 (line 2397)
                      ; - jdk.internal.loader.ClassLoaders$BootClassLoader::loadClassOrNull@4 (line 140)
                      ; - jdk.internal.loader.BuiltinClassLoader::loadClassOrNull@3 (line 700)
                      ; - jdk.internal.loader.BuiltinClassLoader::loadClassOrNull@86 (line 676)
                      ; - jdk.internal.loader.BuiltinClassLoader::loadClass@3 (line 639)
                      ; - jdk.internal.loader.ClassLoaders$AppClassLoader::loadClass@36 (line 188)
                      ; - java.lang.ClassLoader::loadClass@3 (line 526)
  0x00000233a54ac090: 6c85 6aff 

  0x00000233a54ac094: ;   {other}
  0x00000233a54ac094: 0f1f 8400 | 0427 002c | baf6 ffff | ff4c 8b54 | 2450 4c89 | 5424 3048 | ff74 2440 | 488f 4424 
  0x00000233a54ac0b4: 384c 8944 | 2448 6690 

  0x00000233a54ac0bc: ;   {runtime_call UncommonTrapBlob}
  0x00000233a54ac0bc: c5f8 77e8 

  0x00000233a54ac0c0: ; ImmutableOopMap {[48]=Oop [56]=Oop [72]=Oop [80]=Oop [104]=Oop }
                      ;*invokevirtual getResource {reexecute=0 rethrow=0 return_oop=0}
                      ; - jdk.internal.loader.BuiltinClassLoader::findClassOnClassPathOrNull@26 (line 757)
                      ; - jdk.internal.loader.BuiltinClassLoader::loadClassOrNull@111 (line 681)
                      ; - jdk.internal.loader.BuiltinClassLoader::loadClass@3 (line 639)
                      ; - jdk.internal.loader.ClassLoaders$AppClassLoader::loadClass@36 (line 188)
                      ; - java.lang.ClassLoader::loadClass@3 (line 526)
  0x00000233a54ac0c0: 3c85 6aff 

  0x00000233a54ac0c4: ;   {other}
  0x00000233a54ac0c4: 0f1f 8400 | 3427 002d | 4863 d7e9 | 9bec ffff | ba45 ffff | ff4c 894c | 2428 4c89 | 5424 384c 
  0x00000233a54ac0e4: 8944 2440 | 4c89 4c24 | 4844 895c | 2450 6690 

  0x00000233a54ac0f4: ;   {runtime_call UncommonTrapBlob}
  0x00000233a54ac0f4: c5f8 77e8 

  0x00000233a54ac0f8: ; ImmutableOopMap {[40]=Oop [56]=Oop [64]=Oop [72]=Oop }
                      ;*if_icmpne {reexecute=1 rethrow=0 return_oop=0}
                      ; - (reexecute) java.lang.ClassLoader::checkName@30 (line 1157)
                      ; - java.lang.ClassLoader::findLoadedClass@1 (line 1298)
                      ; - jdk.internal.loader.BuiltinClassLoader::loadClassOrNull@10 (line 653)
                      ; - jdk.internal.loader.BuiltinClassLoader::loadClass@3 (line 639)
                      ; - jdk.internal.loader.ClassLoaders$AppClassLoader::loadClass@36 (line 188)
                      ; - java.lang.ClassLoader::loadClass@3 (line 526)
  0x00000233a54ac0f8: 0485 6aff 

  0x00000233a54ac0fc: ;   {other}
  0x00000233a54ac0fc: 0f1f 8400 | 6c27 002e | ba45 ffff | ff4c 8b54 | 2440 4c89 | 5424 204c | 8b54 2450 | 4c89 4424 
  0x00000233a54ac11c: 384c 8954 | 2440 6690 

  0x00000233a54ac124: ;   {runtime_call UncommonTrapBlob}
  0x00000233a54ac124: c5f8 77e8 

  0x00000233a54ac128: ; ImmutableOopMap {[32]=Oop [56]=Oop [64]=Oop [80]=Oop [104]=Oop }
                      ;*ifnonnull {reexecute=1 rethrow=0 return_oop=0}
                      ; - (reexecute) jdk.internal.loader.BuiltinClassLoader::loadClassOrNull@93 (line 680)
                      ; - jdk.internal.loader.BuiltinClassLoader::loadClass@3 (line 639)
                      ; - jdk.internal.loader.ClassLoaders$AppClassLoader::loadClass@36 (line 188)
                      ; - java.lang.ClassLoader::loadClass@3 (line 526)
  0x00000233a54ac128: d484 6aff 

  0x00000233a54ac12c: ;   {other}
  0x00000233a54ac12c: 0f1f 8400 | 9c27 002f | bacc ffff | ff4c 8b54 | 2450 4c89 | 5424 3848 | ff74 2468 | 488f 4424 
  0x00000233a54ac14c: 484c 8944 | 2450 4889 | 4c24 6048 | 895c 2468 

  0x00000233a54ac15c: ;   {runtime_call UncommonTrapBlob}
  0x00000233a54ac15c: c5f8 77e8 

  0x00000233a54ac160: ; ImmutableOopMap {[56]=Oop [64]=Oop [72]=Oop [80]=Oop [104]=Oop }
                      ;*invokestatic arraycopy {reexecute=0 rethrow=0 return_oop=0}
                      ; - java.lang.String::getBytes@22 (line 4726)
                      ; - java.lang.StringConcatHelper::prepend@21 (line 324)
                      ; - java.lang.StringConcatHelper::simpleConcat@71 (line 438)
                      ; - java.lang.String::concat@11 (line 2899)
                      ; - jdk.internal.loader.BuiltinClassLoader::findClassOnClassPathOrNull@10 (line 755)
                      ; - jdk.internal.loader.BuiltinClassLoader::loadClassOrNull@111 (line 681)
                      ; - jdk.internal.loader.BuiltinClassLoader::loadClass@3 (line 639)
                      ; - jdk.internal.loader.ClassLoaders$AppClassLoader::loadClass@36 (line 188)
                      ; - java.lang.ClassLoader::loadClass@3 (line 526)
  0x00000233a54ac160: 9c84 6aff 

  0x00000233a54ac164: ;   {other}
  0x00000233a54ac164: 0f1f 8400 | d427 0030 | bacc ffff | ff4c 8b44 | 2450 4c89 | 4424 3048 | ff74 2440 | 488f 4424 
  0x00000233a54ac184: 384c 895c | 2450 4889 | 5c24 5844 | 8954 2460 

  0x00000233a54ac194: ;   {runtime_call UncommonTrapBlob}
  0x00000233a54ac194: c5f8 77e8 

  0x00000233a54ac198: ; ImmutableOopMap {[48]=Oop [56]=Oop [80]=Oop [88]=Oop [104]=Oop }
                      ;*invokestatic arraycopy {reexecute=0 rethrow=0 return_oop=0}
                      ; - java.lang.String::getBytes@22 (line 4726)
                      ; - java.lang.StringConcatHelper::prepend@21 (line 324)
                      ; - java.lang.StringConcatHelper::simpleConcat@81 (line 439)
                      ; - java.lang.String::concat@11 (line 2899)
                      ; - jdk.internal.loader.BuiltinClassLoader::findClassOnClassPathOrNull@10 (line 755)
                      ; - jdk.internal.loader.BuiltinClassLoader::loadClassOrNull@111 (line 681)
                      ; - jdk.internal.loader.BuiltinClassLoader::loadClass@3 (line 639)
                      ; - jdk.internal.loader.ClassLoaders$AppClassLoader::loadClass@36 (line 188)
                      ; - java.lang.ClassLoader::loadClass@3 (line 526)
  0x00000233a54ac198: 6484 6aff 

  0x00000233a54ac19c: ;   {other}
  0x00000233a54ac19c: 0f1f 8400 | 0c28 0031 | ba76 ffff | ff4c 8b54 | 2450 4c89 | 5424 3048 | ff74 2440 | 488f 4424 
  0x00000233a54ac1bc: 3889 5c24 | 5089 4c24 | 5866 6690 

  0x00000233a54ac1c8: ;   {runtime_call UncommonTrapBlob}
  0x00000233a54ac1c8: c5f8 77e8 

  0x00000233a54ac1cc: ; ImmutableOopMap {[48]=Oop [56]=Oop [80]=NarrowOop [104]=Oop }
                      ;*if_icmpge {reexecute=1 rethrow=0 return_oop=0}
                      ; - (reexecute) java.lang.StringLatin1::replace@19 (line 297)
                      ; - java.lang.String::replace@18 (line 2933)
                      ; - jdk.internal.loader.BuiltinClassLoader::findClassOnClassPathOrNull@5 (line 755)
                      ; - jdk.internal.loader.BuiltinClassLoader::loadClassOrNull@111 (line 681)
                      ; - jdk.internal.loader.BuiltinClassLoader::loadClass@3 (line 639)
                      ; - jdk.internal.loader.ClassLoaders$AppClassLoader::loadClass@36 (line 188)
                      ; - java.lang.ClassLoader::loadClass@3 (line 526)
  0x00000233a54ac1cc: 3084 6aff 

  0x00000233a54ac1d0: ;   {other}
  0x00000233a54ac1d0: 0f1f 8400 | 4028 0032 | bac6 ffff | ff48 8b6c | 2448 4c8b | 5c24 504c | 895c 2438 | 4489 5424 
  0x00000233a54ac1f0: 4066 6690 

  0x00000233a54ac1f4: ;   {runtime_call UncommonTrapBlob}
  0x00000233a54ac1f4: c5f8 77e8 

  0x00000233a54ac1f8: ; ImmutableOopMap {rbp=Oop [32]=Oop [56]=Oop [64]=NarrowOop [80]=Oop }
                      ;*invokevirtual loadClassOrNull {reexecute=0 rethrow=0 return_oop=0}
                      ; - jdk.internal.loader.BuiltinClassLoader::loadClassOrNull@3 (line 700)
                      ; - jdk.internal.loader.BuiltinClassLoader::loadClassOrNull@86 (line 676)
                      ; - jdk.internal.loader.BuiltinClassLoader::loadClass@3 (line 639)
                      ; - jdk.internal.loader.ClassLoaders$AppClassLoader::loadClass@36 (line 188)
                      ; - java.lang.ClassLoader::loadClass@3 (line 526)
  0x00000233a54ac1f8: 0484 6aff 

  0x00000233a54ac1fc: ;   {other}
  0x00000233a54ac1fc: 0f1f 8400 | 6c28 0033 | 48ff 7424 | 3048 8f44 | 2428 4c89 | 5424 2049 | 8be8 488b | 5424 304c 
  0x00000233a54ac21c: 8d84 24b8 | 0000 004c | 8b54 2448 | 4c89 5424 | 3848 ff74 | 2450 488f | 4424 4090 

  0x00000233a54ac238: ;   {runtime_call _complete_monitor_locking_Java}
  0x00000233a54ac238: c5f8 77e8 

  0x00000233a54ac23c: ; ImmutableOopMap {rbp=Oop [32]=Oop [40]=Oop [56]=Oop [64]=Oop [72]=Oop [80]=Oop }
                      ;*monitorenter {reexecute=0 rethrow=0 return_oop=0}
                      ; - jdk.internal.loader.BuiltinClassLoader::loadClassOrNull@7 (line 651)
                      ; - jdk.internal.loader.BuiltinClassLoader::loadClassOrNull@3 (line 700)
                      ; - jdk.internal.loader.BuiltinClassLoader::loadClassOrNull@86 (line 676)
                      ; - jdk.internal.loader.BuiltinClassLoader::loadClass@3 (line 639)
                      ; - jdk.internal.loader.ClassLoaders$AppClassLoader::loadClass@36 (line 188)
                      ; - java.lang.ClassLoader::loadClass@3 (line 526)
  0x00000233a54ac23c: 40a0 76ff 

  0x00000233a54ac240: ;   {other}
  0x00000233a54ac240: 0f1f 8400 | b028 0034 | 4c8b c54c | 8b54 2420 | 4c8b 4c24 | 28e9 91df | ffff ba45 | ffff ff4c 
  0x00000233a54ac260: 8944 2420 | 4889 7424 | 284c 8b5c | 2450 4c89 | 5c24 384c | 894c 2458 | 4c89 5424 | 6066 6690 
  0x00000233a54ac280: ;   {runtime_call UncommonTrapBlob}
  0x00000233a54ac280: c5f8 77e8 

  0x00000233a54ac284: ; ImmutableOopMap {[32]=Oop [40]=Oop [56]=Oop [72]=Oop [88]=Oop [96]=Oop }
                      ;*ifeq {reexecute=1 rethrow=0 return_oop=0}
                      ; - (reexecute) java.lang.ClassLoader::checkName@8 (line 1155)
                      ; - java.lang.ClassLoader::findLoadedClass@1 (line 1298)
                      ; - jdk.internal.loader.BuiltinClassLoader::loadClassOrNull@10 (line 653)
                      ; - jdk.internal.loader.BuiltinClassLoader::loadClassOrNull@3 (line 700)
                      ; - jdk.internal.loader.BuiltinClassLoader::loadClassOrNull@86 (line 676)
                      ; - jdk.internal.loader.BuiltinClassLoader::loadClass@3 (line 639)
                      ; - jdk.internal.loader.ClassLoaders$AppClassLoader::loadClass@36 (line 188)
                      ; - java.lang.ClassLoader::loadClass@3 (line 526)
  0x00000233a54ac284: 7883 6aff 

  0x00000233a54ac288: ;   {other}
  0x00000233a54ac288: 0f1f 8400 | f828 0035 | 41b9 0100 | 0000 e947 | eaff ff4c | 8944 2420 | 4889 7424 | 284c 8b5c 
  0x00000233a54ac2a8: 2450 4c89 | 5c24 384c | 894c 2458 | 4c89 5424 | 6089 5c24 | 7889 5424 | 7cba ceff | ffff 6690 
  0x00000233a54ac2c8: ;   {runtime_call UncommonTrapBlob}
  0x00000233a54ac2c8: c5f8 77e8 

  0x00000233a54ac2cc: ; ImmutableOopMap {[32]=Oop [40]=Oop [56]=Oop [72]=Oop [88]=Oop [96]=Oop [120]=NarrowOop }
                      ;*invokestatic indexOfChar {reexecute=0 rethrow=0 return_oop=0}
                      ; - java.lang.StringLatin1::indexOf@33 (line 204)
                      ; - java.lang.String::indexOf@17 (line 2461)
                      ; - java.lang.String::indexOf@3 (line 2405)
                      ; - java.lang.ClassLoader::checkName@16 (line 1157)
                      ; - java.lang.ClassLoader::findLoadedClass@1 (line 1298)
                      ; - jdk.internal.loader.BuiltinClassLoader::loadClassOrNull@10 (line 653)
                      ; - jdk.internal.loader.BuiltinClassLoader::loadClassOrNull@3 (line 700)
                      ; - jdk.internal.loader.BuiltinClassLoader::loadClassOrNull@86 (line 676)
                      ; - jdk.internal.loader.BuiltinClassLoader::loadClass@3 (line 639)
                      ; - jdk.internal.loader.ClassLoaders$AppClassLoader::loadClass@36 (line 188)
                      ; - java.lang.ClassLoader::loadClass@3 (line 526)
  0x00000233a54ac2cc: 3083 6aff 

  0x00000233a54ac2d0: ;   {other}
  0x00000233a54ac2d0: 0f1f 8400 | 4029 0036 | ba76 ffff | ff4c 8b54 | 2450 4c89 | 5424 3848 | ff74 2468 | 488f 4424 
  0x00000233a54ac2f0: 4848 ff74 | 2468 488f | 4424 5089 | 5c24 584c | 895c 2460 | 894c 246c 

  0x00000233a54ac308: ;   {runtime_call UncommonTrapBlob}
  0x00000233a54ac308: c5f8 77e8 

  0x00000233a54ac30c: ; ImmutableOopMap {[56]=Oop [64]=Oop [72]=Oop [80]=Oop [88]=NarrowOop [96]=Oop }
                      ;*if_icmpge {reexecute=1 rethrow=0 return_oop=0}
                      ; - (reexecute) java.lang.StringLatin1::replace@82 (line 308)
                      ; - java.lang.String::replace@18 (line 2933)
                      ; - jdk.internal.loader.BuiltinClassLoader::findClassOnClassPathOrNull@5 (line 755)
                      ; - jdk.internal.loader.BuiltinClassLoader::loadClassOrNull@111 (line 681)
                      ; - jdk.internal.loader.BuiltinClassLoader::loadClass@3 (line 639)
                      ; - jdk.internal.loader.ClassLoaders$AppClassLoader::loadClass@36 (line 188)
                      ; - java.lang.ClassLoader::loadClass@3 (line 526)
  0x00000233a54ac30c: f082 6aff 

  0x00000233a54ac310: ;   {other}
  0x00000233a54ac310: 0f1f 8400 | 8029 0037 | 33ed 85db | 400f 94c5 | ba45 ffff | ff4c 8944 | 2428 4c89 | 5c24 304c 
  0x00000233a54ac330: 8b54 2450 | 4c89 5424 | 4066 6690 

  0x00000233a54ac33c: ;   {runtime_call UncommonTrapBlob}
  0x00000233a54ac33c: c5f8 77e8 

  0x00000233a54ac340: ; ImmutableOopMap {[40]=Oop [48]=Oop [64]=Oop [72]=Oop }
                      ;*ifeq {reexecute=1 rethrow=0 return_oop=0}
                      ; - (reexecute) java.lang.String::indexOf@4 (line 2461)
                      ; - java.lang.String::indexOf@3 (line 2405)
                      ; - java.lang.ClassLoader::checkName@16 (line 1157)
                      ; - java.lang.ClassLoader::findBootstrapClassOrNull@1 (line 1275)
                      ; - java.lang.System$2::findBootstrapClassOrNull@1 (line 2397)
                      ; - jdk.internal.loader.ClassLoaders$BootClassLoader::loadClassOrNull@4 (line 140)
                      ; - jdk.internal.loader.BuiltinClassLoader::loadClassOrNull@3 (line 700)
                      ; - jdk.internal.loader.BuiltinClassLoader::loadClassOrNull@86 (line 676)
                      ; - jdk.internal.loader.BuiltinClassLoader::loadClass@3 (line 639)
                      ; - jdk.internal.loader.ClassLoaders$AppClassLoader::loadClass@36 (line 188)
                      ; - java.lang.ClassLoader::loadClass@3 (line 526)
  0x00000233a54ac340: bc82 6aff 

  0x00000233a54ac344: ;   {other}
  0x00000233a54ac344: 0f1f 8400 | b429 0038 | ba45 ffff | ff4c 895c | 2428 4c8b | 5424 504c | 8954 2438 | 4c89 5c24 
  0x00000233a54ac364: 4089 5c24 | 4866 6690 

  0x00000233a54ac36c: ;   {runtime_call UncommonTrapBlob}
  0x00000233a54ac36c: c5f8 77e8 

  0x00000233a54ac370: ; ImmutableOopMap {[32]=Oop [40]=Oop [56]=Oop [64]=Oop [80]=Oop }
                      ;*if_icmpne {reexecute=1 rethrow=0 return_oop=0}
                      ; - (reexecute) java.lang.ClassLoader::checkName@20 (line 1157)
                      ; - java.lang.ClassLoader::findBootstrapClassOrNull@1 (line 1275)
                      ; - java.lang.System$2::findBootstrapClassOrNull@1 (line 2397)
                      ; - jdk.internal.loader.ClassLoaders$BootClassLoader::loadClassOrNull@4 (line 140)
                      ; - jdk.internal.loader.BuiltinClassLoader::loadClassOrNull@3 (line 700)
                      ; - jdk.internal.loader.BuiltinClassLoader::loadClassOrNull@86 (line 676)
                      ; - jdk.internal.loader.BuiltinClassLoader::loadClass@3 (line 639)
                      ; - jdk.internal.loader.ClassLoaders$AppClassLoader::loadClass@36 (line 188)
                      ; - java.lang.ClassLoader::loadClass@3 (line 526)
  0x00000233a54ac370: 8c82 6aff 

  0x00000233a54ac374: ;   {other}
  0x00000233a54ac374: 0f1f 8400 | e429 0039 | ba76 ffff | ff4c 8b54 | 2450 4c89 | 5424 3848 | ff74 2468 | 488f 4424 
  0x00000233a54ac394: 4848 ff74 | 2468 488f | 4424 5089 | 5c24 5889 | 4c24 5c4c | 895c 2460 

  0x00000233a54ac3ac: ;   {runtime_call UncommonTrapBlob}
  0x00000233a54ac3ac: c5f8 77e8 

  0x00000233a54ac3b0: ; ImmutableOopMap {[56]=Oop [64]=Oop [72]=Oop [80]=Oop [88]=NarrowOop [96]=Oop }
                      ;*if_icmpge {reexecute=1 rethrow=0 return_oop=0}
                      ; - (reexecute) java.lang.StringLatin1::replace@61 (line 305)
                      ; - java.lang.String::replace@18 (line 2933)
                      ; - jdk.internal.loader.BuiltinClassLoader::findClassOnClassPathOrNull@5 (line 755)
                      ; - jdk.internal.loader.BuiltinClassLoader::loadClassOrNull@111 (line 681)
                      ; - jdk.internal.loader.BuiltinClassLoader::loadClass@3 (line 639)
                      ; - jdk.internal.loader.ClassLoaders$AppClassLoader::loadClass@36 (line 188)
                      ; - java.lang.ClassLoader::loadClass@3 (line 526)
  0x00000233a54ac3b0: 4c82 6aff 

  0x00000233a54ac3b4: ;   {other}
  0x00000233a54ac3b4: 0f1f 8400 | 242a 003a | ba45 ffff | ff4c 895c | 2428 4c8b | 4424 504c | 8944 2438 | 4c89 5c24 
  0x00000233a54ac3d4: 4044 8954 | 2448 6690 

  0x00000233a54ac3dc: ;   {runtime_call UncommonTrapBlob}
  0x00000233a54ac3dc: c5f8 77e8 

  0x00000233a54ac3e0: ; ImmutableOopMap {[32]=Oop [40]=Oop [56]=Oop [64]=Oop [80]=Oop }
                      ;*if_icmpne {reexecute=1 rethrow=0 return_oop=0}
                      ; - (reexecute) java.lang.ClassLoader::checkName@30 (line 1157)
                      ; - java.lang.ClassLoader::findBootstrapClassOrNull@1 (line 1275)
                      ; - java.lang.System$2::findBootstrapClassOrNull@1 (line 2397)
                      ; - jdk.internal.loader.ClassLoaders$BootClassLoader::loadClassOrNull@4 (line 140)
                      ; - jdk.internal.loader.BuiltinClassLoader::loadClassOrNull@3 (line 700)
                      ; - jdk.internal.loader.BuiltinClassLoader::loadClassOrNull@86 (line 676)
                      ; - jdk.internal.loader.BuiltinClassLoader::loadClass@3 (line 639)
                      ; - jdk.internal.loader.ClassLoaders$AppClassLoader::loadClass@36 (line 188)
                      ; - java.lang.ClassLoader::loadClass@3 (line 526)
  0x00000233a54ac3e0: 1c82 6aff 

  0x00000233a54ac3e4: ;   {other}
  0x00000233a54ac3e4: 0f1f 8400 | 542a 003b | ba45 ffff | ff48 ff74 | 2440 488f | 4424 204c | 8b54 2450 | 4c89 5424 
  0x00000233a54ac404: 3844 895c | 2440 6690 

  0x00000233a54ac40c: ;   {runtime_call UncommonTrapBlob}
  0x00000233a54ac40c: c5f8 77e8 

  0x00000233a54ac410: ; ImmutableOopMap {[32]=Oop [56]=Oop [80]=Oop [104]=Oop }
                      ;*if_icmplt {reexecute=1 rethrow=0 return_oop=0}
                      ; - (reexecute) jdk.internal.misc.VM::isModuleSystemInited@4 (line 91)
                      ; - jdk.internal.loader.BuiltinClassLoader::loadClassOrNull@103 (line 680)
                      ; - jdk.internal.loader.BuiltinClassLoader::loadClass@3 (line 639)
                      ; - jdk.internal.loader.ClassLoaders$AppClassLoader::loadClass@36 (line 188)
                      ; - java.lang.ClassLoader::loadClass@3 (line 526)
  0x00000233a54ac410: ec81 6aff 

  0x00000233a54ac414: ;   {other}
  0x00000233a54ac414: 0f1f 8400 | 842a 003c | 33ed 4585 | c040 0f94 | c5ba 45ff | ffff 4c8b | 5424 504c | 8954 2438 
  0x00000233a54ac434: ;   {runtime_call UncommonTrapBlob}
  0x00000233a54ac434: c5f8 77e8 

  0x00000233a54ac438: ; ImmutableOopMap {[56]=Oop [64]=Oop [104]=Oop }
                      ;*ifeq {reexecute=1 rethrow=0 return_oop=0}
                      ; - (reexecute) java.lang.String::replace@9 (line 2933)
                      ; - jdk.internal.loader.BuiltinClassLoader::findClassOnClassPathOrNull@5 (line 755)
                      ; - jdk.internal.loader.BuiltinClassLoader::loadClassOrNull@111 (line 681)
                      ; - jdk.internal.loader.BuiltinClassLoader::loadClass@3 (line 639)
                      ; - jdk.internal.loader.ClassLoaders$AppClassLoader::loadClass@36 (line 188)
                      ; - java.lang.ClassLoader::loadClass@3 (line 526)
  0x00000233a54ac438: c481 6aff 

  0x00000233a54ac43c: ;   {other}
  0x00000233a54ac43c: 0f1f 8400 | ac2a 003d | ba45 ffff | ff4c 8b54 | 2450 4c89 | 5424 384c | 8944 2450 

  0x00000233a54ac458: ;   {runtime_call UncommonTrapBlob}
  0x00000233a54ac458: c5f8 77e8 

  0x00000233a54ac45c: ; ImmutableOopMap {[56]=Oop [64]=Oop [80]=Oop [104]=Oop }
                      ;*iflt {reexecute=1 rethrow=0 return_oop=0}
                      ; - (reexecute) java.lang.StringConcatHelper::checkOverflow@2 (line 65)
                      ; - java.lang.StringConcatHelper::mix@23 (line 127)
                      ; - java.lang.StringConcatHelper::simpleConcat@46 (line 433)
                      ; - java.lang.String::concat@11 (line 2899)
                      ; - jdk.internal.loader.BuiltinClassLoader::findClassOnClassPathOrNull@10 (line 755)
                      ; - jdk.internal.loader.BuiltinClassLoader::loadClassOrNull@111 (line 681)
                      ; - jdk.internal.loader.BuiltinClassLoader::loadClass@3 (line 639)
                      ; - jdk.internal.loader.ClassLoaders$AppClassLoader::loadClass@36 (line 188)
                      ; - java.lang.ClassLoader::loadClass@3 (line 526)
  0x00000233a54ac45c: a081 6aff 

  0x00000233a54ac460: ;   {other}
  0x00000233a54ac460: 0f1f 8400 | d02a 003e | ba45 ffff | ff4c 8b54 | 2450 4c89 | 5424 3048 | ff74 2440 | 488f 4424 
  0x00000233a54ac480: 384c 8944 | 2448 895c | 2450 6690 

  0x00000233a54ac48c: ;   {runtime_call UncommonTrapBlob}
  0x00000233a54ac48c: c5f8 77e8 

  0x00000233a54ac490: ; ImmutableOopMap {[48]=Oop [56]=Oop [72]=Oop [104]=Oop }
                      ;*iflt {reexecute=1 rethrow=0 return_oop=0}
                      ; - (reexecute) java.lang.StringConcatHelper::checkOverflow@2 (line 65)
                      ; - java.lang.StringConcatHelper::mix@23 (line 127)
                      ; - java.lang.StringConcatHelper::simpleConcat@54 (line 434)
                      ; - java.lang.String::concat@11 (line 2899)
                      ; - jdk.internal.loader.BuiltinClassLoader::findClassOnClassPathOrNull@10 (line 755)
                      ; - jdk.internal.loader.BuiltinClassLoader::loadClassOrNull@111 (line 681)
                      ; - jdk.internal.loader.BuiltinClassLoader::loadClass@3 (line 639)
                      ; - jdk.internal.loader.ClassLoaders$AppClassLoader::loadClass@36 (line 188)
                      ; - java.lang.ClassLoader::loadClass@3 (line 526)
  0x00000233a54ac490: 6c81 6aff 

  0x00000233a54ac494: ;   {other}
  0x00000233a54ac494: 0f1f 8400 | 042b 003f | ba45 ffff | ff4c 8b54 | 2450 4c89 | 5424 3048 | ff74 2440 | 488f 4424 
  0x00000233a54ac4b4: 384c 8944 | 2450 4889 | 5c24 5844 | 894c 2460 

  0x00000233a54ac4c4: ;   {runtime_call UncommonTrapBlob}
  0x00000233a54ac4c4: c5f8 77e8 

  0x00000233a54ac4c8: ; ImmutableOopMap {[48]=Oop [56]=Oop [80]=Oop [88]=Oop [104]=Oop }
                      ;*if_icmpne {reexecute=1 rethrow=0 return_oop=0}
                      ; - (reexecute) java.lang.String::getBytes@5 (line 4725)
                      ; - java.lang.StringConcatHelper::prepend@21 (line 324)
                      ; - java.lang.StringConcatHelper::simpleConcat@81 (line 439)
                      ; - java.lang.String::concat@11 (line 2899)
                      ; - jdk.internal.loader.BuiltinClassLoader::findClassOnClassPathOrNull@10 (line 755)
                      ; - jdk.internal.loader.BuiltinClassLoader::loadClassOrNull@111 (line 681)
                      ; - jdk.internal.loader.BuiltinClassLoader::loadClass@3 (line 639)
                      ; - jdk.internal.loader.ClassLoaders$AppClassLoader::loadClass@36 (line 188)
                      ; - java.lang.ClassLoader::loadClass@3 (line 526)
  0x00000233a54ac4c8: 3481 6aff 

  0x00000233a54ac4cc: ;   {other}
  0x00000233a54ac4cc: 0f1f 8400 | 3c2b 0040 | ba45 ffff | ff4c 8b54 | 2450 4c89 | 5424 3048 | ff74 2440 | 488f 4424 
  0x00000233a54ac4ec: 384c 8944 | 2448 4889 | 4c24 5044 | 894c 2458 

  0x00000233a54ac4fc: ;   {runtime_call UncommonTrapBlob}
  0x00000233a54ac4fc: c5f8 77e8 

  0x00000233a54ac500: ; ImmutableOopMap {[48]=Oop [56]=Oop [72]=Oop [104]=Oop }
                      ;*if_icmpne {reexecute=1 rethrow=0 return_oop=0}
                      ; - (reexecute) java.lang.StringConcatHelper::mix@13 (line 124)
                      ; - java.lang.StringConcatHelper::simpleConcat@46 (line 433)
                      ; - java.lang.String::concat@11 (line 2899)
                      ; - jdk.internal.loader.BuiltinClassLoader::findClassOnClassPathOrNull@10 (line 755)
                      ; - jdk.internal.loader.BuiltinClassLoader::loadClassOrNull@111 (line 681)
                      ; - jdk.internal.loader.BuiltinClassLoader::loadClass@3 (line 639)
                      ; - jdk.internal.loader.ClassLoaders$AppClassLoader::loadClass@36 (line 188)
                      ; - java.lang.ClassLoader::loadClass@3 (line 526)
  0x00000233a54ac500: fc80 6aff 

  0x00000233a54ac504: ;   {other}
  0x00000233a54ac504: 0f1f 8400 | 742b 0041 | ba45 ffff | ff4c 8b54 | 2450 4c89 | 5424 3048 | ff74 2440 | 488f 4424 
  0x00000233a54ac524: 384c 8944 | 2448 4889 | 7424 5089 | 7c24 5890 

  0x00000233a54ac534: ;   {runtime_call UncommonTrapBlob}
  0x00000233a54ac534: c5f8 77e8 

  0x00000233a54ac538: ; ImmutableOopMap {[48]=Oop [56]=Oop [72]=Oop [104]=Oop }
                      ;*ifge {reexecute=1 rethrow=0 return_oop=0}
                      ; - (reexecute) java.lang.StringConcatHelper::newArray@13 (line 508)
                      ; - java.lang.StringConcatHelper::simpleConcat@61 (line 435)
                      ; - java.lang.String::concat@11 (line 2899)
                      ; - jdk.internal.loader.BuiltinClassLoader::findClassOnClassPathOrNull@10 (line 755)
                      ; - jdk.internal.loader.BuiltinClassLoader::loadClassOrNull@111 (line 681)
                      ; - jdk.internal.loader.BuiltinClassLoader::loadClass@3 (line 639)
                      ; - jdk.internal.loader.ClassLoaders$AppClassLoader::loadClass@36 (line 188)
                      ; - java.lang.ClassLoader::loadClass@3 (line 526)
  0x00000233a54ac538: c480 6aff 

  0x00000233a54ac53c: ;   {other}
  0x00000233a54ac53c: 0f1f 8400 | ac2b 0042 | 33ed 85c9 | 400f 94c5 | ba45 ffff | ff4c 8944 | 2428 4889 | 7424 304c 
  0x00000233a54ac55c: 8b5c 2450 | 4c89 5c24 | 4048 8974 | 2450 4c89 | 4c24 604c | 8954 2468 

  0x00000233a54ac574: ;   {runtime_call UncommonTrapBlob}
  0x00000233a54ac574: c5f8 77e8 

  0x00000233a54ac578: ; ImmutableOopMap {[40]=Oop [48]=Oop [64]=Oop [80]=Oop [96]=Oop [104]=Oop }
                      ;*ifeq {reexecute=1 rethrow=0 return_oop=0}
                      ; - (reexecute) java.lang.String::indexOf@4 (line 2461)
                      ; - java.lang.String::indexOf@3 (line 2405)
                      ; - java.lang.ClassLoader::checkName@16 (line 1157)
                      ; - java.lang.ClassLoader::findLoadedClass@1 (line 1298)
                      ; - jdk.internal.loader.BuiltinClassLoader::loadClassOrNull@10 (line 653)
                      ; - jdk.internal.loader.BuiltinClassLoader::loadClassOrNull@3 (line 700)
                      ; - jdk.internal.loader.BuiltinClassLoader::loadClassOrNull@86 (line 676)
                      ; - jdk.internal.loader.BuiltinClassLoader::loadClass@3 (line 639)
                      ; - jdk.internal.loader.ClassLoaders$AppClassLoader::loadClass@36 (line 188)
                      ; - java.lang.ClassLoader::loadClass@3 (line 526)
  0x00000233a54ac578: 8480 6aff 

  0x00000233a54ac57c: ;   {other}
  0x00000233a54ac57c: 0f1f 8400 | ec2b 0043 | ba45 ffff | ff4c 8b54 | 2440 4c89 | 5424 204c | 895c 2440 | 4c8b 5424 
  0x00000233a54ac59c: 604c 8954 | 2458 4c89 | 4424 6090 

  0x00000233a54ac5a8: ;   {runtime_call UncommonTrapBlob}
  0x00000233a54ac5a8: c5f8 77e8 

  0x00000233a54ac5ac: ; ImmutableOopMap {[32]=Oop [40]=Oop [48]=Oop [64]=Oop [88]=Oop [96]=Oop }
                      ;*ifeq {reexecute=1 rethrow=0 return_oop=0}
                      ; - (reexecute) java.lang.ClassLoader::checkName@8 (line 1155)
                      ; - java.lang.ClassLoader::findBootstrapClassOrNull@1 (line 1275)
                      ; - java.lang.System$2::findBootstrapClassOrNull@1 (line 2397)
                      ; - jdk.internal.loader.ClassLoaders$BootClassLoader::loadClassOrNull@4 (line 140)
                      ; - jdk.internal.loader.BuiltinClassLoader::loadClassOrNull@3 (line 700)
                      ; - jdk.internal.loader.BuiltinClassLoader::loadClassOrNull@86 (line 676)
                      ; - jdk.internal.loader.BuiltinClassLoader::loadClassOrNull@3 (line 700)
                      ; - jdk.internal.loader.BuiltinClassLoader::loadClassOrNull@86 (line 676)
                      ; - jdk.internal.loader.BuiltinClassLoader::loadClass@3 (line 639)
                      ; - jdk.internal.loader.ClassLoaders$AppClassLoader::loadClass@36 (line 188)
                      ; - java.lang.ClassLoader::loadClass@3 (line 526)
  0x00000233a54ac5ac: 5080 6aff 

  0x00000233a54ac5b0: ;   {other}
  0x00000233a54ac5b0: 0f1f 8400 | 202c 0044 | ba45 ffff | ff4c 8944 | 2420 4889 | 7424 284c | 8b5c 2450 | 4c89 5c24 
  0x00000233a54ac5d0: 384c 894c | 2458 4c89 | 5424 6089 | 5c24 7090 

  0x00000233a54ac5e0: ;   {runtime_call UncommonTrapBlob}
  0x00000233a54ac5e0: c5f8 77e8 

  0x00000233a54ac5e4: ; ImmutableOopMap {[32]=Oop [40]=Oop [56]=Oop [72]=Oop [88]=Oop [96]=Oop }
                      ;*if_icmpne {reexecute=1 rethrow=0 return_oop=0}
                      ; - (reexecute) java.lang.ClassLoader::checkName@20 (line 1157)
                      ; - java.lang.ClassLoader::findLoadedClass@1 (line 1298)
                      ; - jdk.internal.loader.BuiltinClassLoader::loadClassOrNull@10 (line 653)
                      ; - jdk.internal.loader.BuiltinClassLoader::loadClassOrNull@3 (line 700)
                      ; - jdk.internal.loader.BuiltinClassLoader::loadClassOrNull@86 (line 676)
                      ; - jdk.internal.loader.BuiltinClassLoader::loadClass@3 (line 639)
                      ; - jdk.internal.loader.ClassLoaders$AppClassLoader::loadClass@36 (line 188)
                      ; - java.lang.ClassLoader::loadClass@3 (line 526)
  0x00000233a54ac5e4: 1880 6aff 

  0x00000233a54ac5e8: ;   {other}
  0x00000233a54ac5e8: 0f1f 8400 | 582c 0045 | 4c8b 5424 | 404c 8954 | 2420 4c89 | 5c24 404c | 8b54 2460 | 4c89 5424 
  0x00000233a54ac608: 584c 8944 | 2460 4489 | 4c24 7089 | 5424 74ba | ceff ffff 

  0x00000233a54ac61c: ;   {runtime_call UncommonTrapBlob}
  0x00000233a54ac61c: c5f8 77e8 

  0x00000233a54ac620: ; ImmutableOopMap {[32]=Oop [40]=Oop [48]=Oop [64]=Oop [88]=Oop [96]=Oop [112]=NarrowOop }
                      ;*invokestatic indexOfChar {reexecute=0 rethrow=0 return_oop=0}
                      ; - java.lang.StringLatin1::indexOf@33 (line 204)
                      ; - java.lang.String::indexOf@17 (line 2461)
                      ; - java.lang.String::indexOf@3 (line 2405)
                      ; - java.lang.ClassLoader::checkName@16 (line 1157)
                      ; - java.lang.ClassLoader::findBootstrapClassOrNull@1 (line 1275)
                      ; - java.lang.System$2::findBootstrapClassOrNull@1 (line 2397)
                      ; - jdk.internal.loader.ClassLoaders$BootClassLoader::loadClassOrNull@4 (line 140)
                      ; - jdk.internal.loader.BuiltinClassLoader::loadClassOrNull@3 (line 700)
                      ; - jdk.internal.loader.BuiltinClassLoader::loadClassOrNull@86 (line 676)
                      ; - jdk.internal.loader.BuiltinClassLoader::loadClassOrNull@3 (line 700)
                      ; - jdk.internal.loader.BuiltinClassLoader::loadClassOrNull@86 (line 676)
                      ; - jdk.internal.loader.BuiltinClassLoader::loadClass@3 (line 639)
                      ; - jdk.internal.loader.ClassLoaders$AppClassLoader::loadClass@36 (line 188)
                      ; - java.lang.ClassLoader::loadClass@3 (line 526)
  0x00000233a54ac620: dc7f 6aff 

  0x00000233a54ac624: ;   {other}
  0x00000233a54ac624: 0f1f 8400 | 942c 0046 | baf6 ffff | ff4c 8b4c | 2440 4c89 | 4c24 204c | 8944 2428 | 4c8b 4c24 
  0x00000233a54ac644: 504c 894c | 2438 4c8b | 4c24 604c | 894c 2450 | 4c89 5c24 | 584c 8944 | 2460 4c89 | 5424 6890 
  0x00000233a54ac664: ;   {runtime_call UncommonTrapBlob}
  0x00000233a54ac664: c5f8 77e8 

  0x00000233a54ac668: ; ImmutableOopMap {[32]=Oop [40]=Oop [56]=Oop [80]=Oop [88]=Oop [96]=Oop [104]=Oop }
                      ;*invokevirtual getResource {reexecute=0 rethrow=0 return_oop=0}
                      ; - jdk.internal.loader.BuiltinClassLoader::findClassOnClassPathOrNull@26 (line 757)
                      ; - jdk.internal.loader.BuiltinClassLoader::loadClassOrNull@111 (line 681)
                      ; - jdk.internal.loader.BuiltinClassLoader::loadClassOrNull@3 (line 700)
                      ; - jdk.internal.loader.BuiltinClassLoader::loadClassOrNull@86 (line 676)
                      ; - jdk.internal.loader.BuiltinClassLoader::loadClass@3 (line 639)
                      ; - jdk.internal.loader.ClassLoaders$AppClassLoader::loadClass@36 (line 188)
                      ; - java.lang.ClassLoader::loadClass@3 (line 526)
  0x00000233a54ac668: 947f 6aff 

  0x00000233a54ac66c: ;   {other}
  0x00000233a54ac66c: 0f1f 8400 | dc2c 0047 | 4c63 d5e9 | d9e0 ffff | ba45 ffff | ff4c 8944 | 2420 4889 | 7424 284c 
  0x00000233a54ac68c: 8b44 2450 | 4c89 4424 | 384c 894c | 2458 4c89 | 5424 6044 | 895c 2470 

  0x00000233a54ac6a4: ;   {runtime_call UncommonTrapBlob}
  0x00000233a54ac6a4: c5f8 77e8 

  0x00000233a54ac6a8: ; ImmutableOopMap {[32]=Oop [40]=Oop [56]=Oop [72]=Oop [88]=Oop [96]=Oop }
                      ;*if_icmpne {reexecute=1 rethrow=0 return_oop=0}
                      ; - (reexecute) java.lang.ClassLoader::checkName@30 (line 1157)
                      ; - java.lang.ClassLoader::findLoadedClass@1 (line 1298)
                      ; - jdk.internal.loader.BuiltinClassLoader::loadClassOrNull@10 (line 653)
                      ; - jdk.internal.loader.BuiltinClassLoader::loadClassOrNull@3 (line 700)
                      ; - jdk.internal.loader.BuiltinClassLoader::loadClassOrNull@86 (line 676)
                      ; - jdk.internal.loader.BuiltinClassLoader::loadClass@3 (line 639)
                      ; - jdk.internal.loader.ClassLoaders$AppClassLoader::loadClass@36 (line 188)
                      ; - java.lang.ClassLoader::loadClass@3 (line 526)
  0x00000233a54ac6a8: 547f 6aff 

  0x00000233a54ac6ac: ;   {other}
  0x00000233a54ac6ac: 0f1f 8400 | 1c2d 0048 | ba45 ffff | ff48 8b6c | 2428 4c8b | 5424 404c | 8954 2420 | 4c8b 5424 
  0x00000233a54ac6cc: 484c 8954 | 2440 4889 | 4424 5890 

  0x00000233a54ac6d8: ;   {runtime_call UncommonTrapBlob}
  0x00000233a54ac6d8: c5f8 77e8 

  0x00000233a54ac6dc: ; ImmutableOopMap {rbp=Oop [32]=Oop [48]=Oop [64]=Oop [88]=Oop [96]=Oop }
                      ;*ifnonnull {reexecute=1 rethrow=0 return_oop=0}
                      ; - (reexecute) jdk.internal.loader.BuiltinClassLoader::loadClassOrNull@93 (line 680)
                      ; - jdk.internal.loader.BuiltinClassLoader::loadClassOrNull@3 (line 700)
                      ; - jdk.internal.loader.BuiltinClassLoader::loadClassOrNull@86 (line 676)
                      ; - jdk.internal.loader.BuiltinClassLoader::loadClass@3 (line 639)
                      ; - jdk.internal.loader.ClassLoaders$AppClassLoader::loadClass@36 (line 188)
                      ; - java.lang.ClassLoader::loadClass@3 (line 526)
  0x00000233a54ac6dc: 207f 6aff 

  0x00000233a54ac6e0: ;   {other}
  0x00000233a54ac6e0: 0f1f 8400 | 502d 0049 | bacc ffff | ff48 8b6c | 2468 4c8b | 5424 404c | 8954 2420 | 4c8b 5424 
  0x00000233a54ac700: 504c 8954 | 2438 4c8b | 5424 704c | 8954 2440 | 4c8b 5424 | 604c 8954 | 2450 4c8b | 9424 8000 
  0x00000233a54ac720: 0000 4c89 | 5424 6848 | 899c 2480 | 0000 0090 

  0x00000233a54ac730: ;   {runtime_call UncommonTrapBlob}
  0x00000233a54ac730: c5f8 77e8 

  0x00000233a54ac734: ; ImmutableOopMap {rbp=Oop [32]=Oop [56]=Oop [64]=Oop [80]=Oop [104]=Oop [128]=Oop }
                      ;*invokestatic arraycopy {reexecute=0 rethrow=0 return_oop=0}
                      ; - java.lang.String::getBytes@22 (line 4726)
                      ; - java.lang.StringConcatHelper::prepend@21 (line 324)
                      ; - java.lang.StringConcatHelper::simpleConcat@71 (line 438)
                      ; - java.lang.String::concat@11 (line 2899)
                      ; - jdk.internal.loader.BuiltinClassLoader::findClassOnClassPathOrNull@10 (line 755)
                      ; - jdk.internal.loader.BuiltinClassLoader::loadClassOrNull@111 (line 681)
                      ; - jdk.internal.loader.BuiltinClassLoader::loadClassOrNull@3 (line 700)
                      ; - jdk.internal.loader.BuiltinClassLoader::loadClassOrNull@86 (line 676)
                      ; - jdk.internal.loader.BuiltinClassLoader::loadClass@3 (line 639)
                      ; - jdk.internal.loader.ClassLoaders$AppClassLoader::loadClass@36 (line 188)
                      ; - java.lang.ClassLoader::loadClass@3 (line 526)
  0x00000233a54ac734: c87e 6aff 

  0x00000233a54ac738: ;   {other}
  0x00000233a54ac738: 0f1f 8400 | a82d 004a | bacc ffff | ff48 8b6c | 2468 4c8b | 5424 404c | 8954 2420 | 4c8b 5424 
  0x00000233a54ac758: 504c 8954 | 2438 4c8b | 5424 704c | 8954 2440 | 4c8b 5424 | 604c 8954 | 2450 4c8b | 5424 784c 
  0x00000233a54ac778: 8954 2468 | 4889 5c24 | 7866 6690 

  0x00000233a54ac784: ;   {runtime_call UncommonTrapBlob}
  0x00000233a54ac784: c5f8 77e8 

  0x00000233a54ac788: ; ImmutableOopMap {rbp=Oop [32]=Oop [56]=Oop [64]=Oop [80]=Oop [104]=Oop [120]=Oop }
                      ;*invokestatic arraycopy {reexecute=0 rethrow=0 return_oop=0}
                      ; - java.lang.String::getBytes@22 (line 4726)
                      ; - java.lang.StringConcatHelper::prepend@21 (line 324)
                      ; - java.lang.StringConcatHelper::simpleConcat@81 (line 439)
                      ; - java.lang.String::concat@11 (line 2899)
                      ; - jdk.internal.loader.BuiltinClassLoader::findClassOnClassPathOrNull@10 (line 755)
                      ; - jdk.internal.loader.BuiltinClassLoader::loadClassOrNull@111 (line 681)
                      ; - jdk.internal.loader.BuiltinClassLoader::loadClassOrNull@3 (line 700)
                      ; - jdk.internal.loader.BuiltinClassLoader::loadClassOrNull@86 (line 676)
                      ; - jdk.internal.loader.BuiltinClassLoader::loadClass@3 (line 639)
                      ; - jdk.internal.loader.ClassLoaders$AppClassLoader::loadClass@36 (line 188)
                      ; - java.lang.ClassLoader::loadClass@3 (line 526)
  0x00000233a54ac788: 747e 6aff 

  0x00000233a54ac78c: ;   {other}
  0x00000233a54ac78c: 0f1f 8400 | fc2d 004b | 4c8b 5424 | 404c 8954 | 2420 4c8b | 5424 604c | 8954 2450 | 4c89 5c24 
  0x00000233a54ac7ac: 584c 8944 | 2460 895c | 2470 897c | 2478 ba76 | ffff ff90 

  0x00000233a54ac7c0: ;   {runtime_call UncommonTrapBlob}
  0x00000233a54ac7c0: c5f8 77e8 

  0x00000233a54ac7c4: ; ImmutableOopMap {[32]=Oop [40]=Oop [48]=Oop [80]=Oop [88]=Oop [96]=Oop [112]=NarrowOop }
                      ;*if_icmpge {reexecute=1 rethrow=0 return_oop=0}
                      ; - (reexecute) java.lang.StringLatin1::replace@19 (line 297)
                      ; - java.lang.String::replace@18 (line 2933)
                      ; - jdk.internal.loader.BuiltinClassLoader::findClassOnClassPathOrNull@5 (line 755)
                      ; - jdk.internal.loader.BuiltinClassLoader::loadClassOrNull@111 (line 681)
                      ; - jdk.internal.loader.BuiltinClassLoader::loadClassOrNull@3 (line 700)
                      ; - jdk.internal.loader.BuiltinClassLoader::loadClassOrNull@86 (line 676)
                      ; - jdk.internal.loader.BuiltinClassLoader::loadClass@3 (line 639)
                      ; - jdk.internal.loader.ClassLoaders$AppClassLoader::loadClass@36 (line 188)
                      ; - java.lang.ClassLoader::loadClass@3 (line 526)
  0x00000233a54ac7c4: 387e 6aff 

  0x00000233a54ac7c8: ;   {other}
  0x00000233a54ac7c8: 0f1f 8400 | 382e 004c | bac6 ffff | ff48 8b6c | 2428 4c8b | 5424 404c | 8954 2420 | 4c89 5c24 
  0x00000233a54ac7e8: 404c 8b54 | 2460 4c89 | 5424 5844 | 8944 2460 

  0x00000233a54ac7f8: ;   {runtime_call UncommonTrapBlob}
  0x00000233a54ac7f8: c5f8 77e8 

  0x00000233a54ac7fc: ; ImmutableOopMap {rbp=Oop [32]=Oop [48]=Oop [64]=Oop [88]=Oop [96]=NarrowOop }
                      ;*invokevirtual loadClassOrNull {reexecute=0 rethrow=0 return_oop=0}
                      ; - jdk.internal.loader.BuiltinClassLoader::loadClassOrNull@3 (line 700)
                      ; - jdk.internal.loader.BuiltinClassLoader::loadClassOrNull@86 (line 676)
                      ; - jdk.internal.loader.BuiltinClassLoader::loadClassOrNull@3 (line 700)
                      ; - jdk.internal.loader.BuiltinClassLoader::loadClassOrNull@86 (line 676)
                      ; - jdk.internal.loader.BuiltinClassLoader::loadClass@3 (line 639)
                      ; - jdk.internal.loader.ClassLoaders$AppClassLoader::loadClass@36 (line 188)
                      ; - java.lang.ClassLoader::loadClass@3 (line 526)
  0x00000233a54ac7fc: 007e 6aff 

  0x00000233a54ac800: ;   {other}
  0x00000233a54ac800: 0f1f 8400 | 702e 004d | 41ba 0100 | 0000 41b9 | 0100 0000 | e995 f1ff | ffba 76ff | ffff 48ff 
  0x00000233a54ac820: 7424 4048 | 8f44 2428 | 4c8b 5c24 | 504c 895c | 2440 4c8b | 5c24 604c | 895c 2458 | 4c89 9424 
  0x00000233a54ac840: 8000 0000 | 4489 8c24 | 8c00 0000 

  0x00000233a54ac84c: ;   {runtime_call UncommonTrapBlob}
  0x00000233a54ac84c: c5f8 77e8 

  0x00000233a54ac850: ; ImmutableOopMap {[32]=Oop [40]=Oop [64]=Oop [72]=Oop [88]=Oop [120]=NarrowOop [128]=Oop }
                      ;*if_icmpge {reexecute=1 rethrow=0 return_oop=0}
                      ; - (reexecute) java.lang.StringLatin1::replace@82 (line 308)
                      ; - java.lang.String::replace@18 (line 2933)
                      ; - jdk.internal.loader.BuiltinClassLoader::findClassOnClassPathOrNull@5 (line 755)
                      ; - jdk.internal.loader.BuiltinClassLoader::loadClassOrNull@111 (line 681)
                      ; - jdk.internal.loader.BuiltinClassLoader::loadClassOrNull@3 (line 700)
                      ; - jdk.internal.loader.BuiltinClassLoader::loadClassOrNull@86 (line 676)
                      ; - jdk.internal.loader.BuiltinClassLoader::loadClass@3 (line 639)
                      ; - jdk.internal.loader.ClassLoaders$AppClassLoader::loadClass@36 (line 188)
                      ; - java.lang.ClassLoader::loadClass@3 (line 526)
  0x00000233a54ac850: ac7d 6aff 

  0x00000233a54ac854: ;   {other}
  0x00000233a54ac854: 0f1f 8400 | c42e 004e | 33ed 85db | 400f 94c5 | ba45 ffff | ff48 ff74 | 2440 488f | 4424 284c 
  0x00000233a54ac874: 8944 2430 | 4c8b 5424 | 504c 8954 | 2440 4c89 | 5c24 484c | 8944 2450 

  0x00000233a54ac88c: ;   {runtime_call UncommonTrapBlob}
  0x00000233a54ac88c: c5f8 77e8 

  0x00000233a54ac890: ; ImmutableOopMap {[40]=Oop [48]=Oop [64]=Oop [72]=Oop [80]=Oop [96]=Oop }
                      ;*ifeq {reexecute=1 rethrow=0 return_oop=0}
                      ; - (reexecute) java.lang.String::indexOf@4 (line 2461)
                      ; - java.lang.String::indexOf@3 (line 2405)
                      ; - java.lang.ClassLoader::checkName@16 (line 1157)
                      ; - java.lang.ClassLoader::findBootstrapClassOrNull@1 (line 1275)
                      ; - java.lang.System$2::findBootstrapClassOrNull@1 (line 2397)
                      ; - jdk.internal.loader.ClassLoaders$BootClassLoader::loadClassOrNull@4 (line 140)
                      ; - jdk.internal.loader.BuiltinClassLoader::loadClassOrNull@3 (line 700)
                      ; - jdk.internal.loader.BuiltinClassLoader::loadClassOrNull@86 (line 676)
                      ; - jdk.internal.loader.BuiltinClassLoader::loadClassOrNull@3 (line 700)
                      ; - jdk.internal.loader.BuiltinClassLoader::loadClassOrNull@86 (line 676)
                      ; - jdk.internal.loader.BuiltinClassLoader::loadClass@3 (line 639)
                      ; - jdk.internal.loader.ClassLoaders$AppClassLoader::loadClass@36 (line 188)
                      ; - java.lang.ClassLoader::loadClass@3 (line 526)
  0x00000233a54ac890: 6c7d 6aff 

  0x00000233a54ac894: ;   {other}
  0x00000233a54ac894: 0f1f 8400 | 042f 004f | ba45 ffff | ff4c 8b54 | 2440 4c89 | 5424 204c | 895c 2440 | 4c8b 5424 
  0x00000233a54ac8b4: 604c 8954 | 2458 4c89 | 4424 6089 | 5c24 6890 

  0x00000233a54ac8c4: ;   {runtime_call UncommonTrapBlob}
  0x00000233a54ac8c4: c5f8 77e8 

  0x00000233a54ac8c8: ; ImmutableOopMap {[32]=Oop [40]=Oop [48]=Oop [64]=Oop [88]=Oop [96]=Oop }
                      ;*if_icmpne {reexecute=1 rethrow=0 return_oop=0}
                      ; - (reexecute) java.lang.ClassLoader::checkName@20 (line 1157)
                      ; - java.lang.ClassLoader::findBootstrapClassOrNull@1 (line 1275)
                      ; - java.lang.System$2::findBootstrapClassOrNull@1 (line 2397)
                      ; - jdk.internal.loader.ClassLoaders$BootClassLoader::loadClassOrNull@4 (line 140)
                      ; - jdk.internal.loader.BuiltinClassLoader::loadClassOrNull@3 (line 700)
                      ; - jdk.internal.loader.BuiltinClassLoader::loadClassOrNull@86 (line 676)
                      ; - jdk.internal.loader.BuiltinClassLoader::loadClassOrNull@3 (line 700)
                      ; - jdk.internal.loader.BuiltinClassLoader::loadClassOrNull@86 (line 676)
                      ; - jdk.internal.loader.BuiltinClassLoader::loadClass@3 (line 639)
                      ; - jdk.internal.loader.ClassLoaders$AppClassLoader::loadClass@36 (line 188)
                      ; - java.lang.ClassLoader::loadClass@3 (line 526)
  0x00000233a54ac8c8: 347d 6aff 

  0x00000233a54ac8cc: ;   {other}
  0x00000233a54ac8cc: 0f1f 8400 | 3c2f 0050 | ba76 ffff | ff48 ff74 | 2440 488f | 4424 284c | 8b5c 2450 | 4c89 5c24 
  0x00000233a54ac8ec: 404c 8b5c | 2460 4c89 | 5c24 5844 | 894c 247c | 4c89 9424 | 8000 0000 

  0x00000233a54ac904: ;   {runtime_call UncommonTrapBlob}
  0x00000233a54ac904: c5f8 77e8 

  0x00000233a54ac908: ; ImmutableOopMap {[32]=Oop [40]=Oop [64]=Oop [72]=Oop [88]=Oop [120]=NarrowOop [128]=Oop }
                      ;*if_icmpge {reexecute=1 rethrow=0 return_oop=0}
                      ; - (reexecute) java.lang.StringLatin1::replace@61 (line 305)
                      ; - java.lang.String::replace@18 (line 2933)
                      ; - jdk.internal.loader.BuiltinClassLoader::findClassOnClassPathOrNull@5 (line 755)
                      ; - jdk.internal.loader.BuiltinClassLoader::loadClassOrNull@111 (line 681)
                      ; - jdk.internal.loader.BuiltinClassLoader::loadClassOrNull@3 (line 700)
                      ; - jdk.internal.loader.BuiltinClassLoader::loadClassOrNull@86 (line 676)
                      ; - jdk.internal.loader.BuiltinClassLoader::loadClass@3 (line 639)
                      ; - jdk.internal.loader.ClassLoaders$AppClassLoader::loadClass@36 (line 188)
                      ; - java.lang.ClassLoader::loadClass@3 (line 526)
  0x00000233a54ac908: f47c 6aff 

  0x00000233a54ac90c: ;   {other}
  0x00000233a54ac90c: 0f1f 8400 | 7c2f 0051 | 41b9 0100 | 0000 e963 | ecff ffba | 45ff ffff | 4c8b 4c24 | 404c 894c 
  0x00000233a54ac92c: 2420 4c89 | 5c24 404c | 8b5c 2460 | 4c89 5c24 | 584c 8944 | 2460 4489 | 5424 6890 

  0x00000233a54ac948: ;   {runtime_call UncommonTrapBlob}
  0x00000233a54ac948: c5f8 77e8 

  0x00000233a54ac94c: ; ImmutableOopMap {[32]=Oop [40]=Oop [48]=Oop [64]=Oop [88]=Oop [96]=Oop }
                      ;*if_icmpne {reexecute=1 rethrow=0 return_oop=0}
                      ; - (reexecute) java.lang.ClassLoader::checkName@30 (line 1157)
                      ; - java.lang.ClassLoader::findBootstrapClassOrNull@1 (line 1275)
                      ; - java.lang.System$2::findBootstrapClassOrNull@1 (line 2397)
                      ; - jdk.internal.loader.ClassLoaders$BootClassLoader::loadClassOrNull@4 (line 140)
                      ; - jdk.internal.loader.BuiltinClassLoader::loadClassOrNull@3 (line 700)
                      ; - jdk.internal.loader.BuiltinClassLoader::loadClassOrNull@86 (line 676)
                      ; - jdk.internal.loader.BuiltinClassLoader::loadClassOrNull@3 (line 700)
                      ; - jdk.internal.loader.BuiltinClassLoader::loadClassOrNull@86 (line 676)
                      ; - jdk.internal.loader.BuiltinClassLoader::loadClass@3 (line 639)
                      ; - jdk.internal.loader.ClassLoaders$AppClassLoader::loadClass@36 (line 188)
                      ; - java.lang.ClassLoader::loadClass@3 (line 526)
  0x00000233a54ac94c: b07c 6aff 

  0x00000233a54ac950: ;   {other}
  0x00000233a54ac950: 0f1f 8400 | c02f 0052 | ba45 ffff | ff4c 8b54 | 2428 4c89 | 5424 2048 | ff74 2440 | 488f 4424 
  0x00000233a54ac970: 284c 8b54 | 2450 4c89 | 5424 4090 

  0x00000233a54ac97c: ;   {runtime_call UncommonTrapBlob}
  0x00000233a54ac97c: c5f8 77e8 

  0x00000233a54ac980: ; ImmutableOopMap {[32]=Oop [40]=Oop [64]=Oop [72]=Oop [96]=Oop }
                      ;*if_icmplt {reexecute=1 rethrow=0 return_oop=0}
                      ; - (reexecute) jdk.internal.misc.VM::isModuleSystemInited@4 (line 91)
                      ; - jdk.internal.loader.BuiltinClassLoader::loadClassOrNull@103 (line 680)
                      ; - jdk.internal.loader.BuiltinClassLoader::loadClassOrNull@3 (line 700)
                      ; - jdk.internal.loader.BuiltinClassLoader::loadClassOrNull@86 (line 676)
                      ; - jdk.internal.loader.BuiltinClassLoader::loadClass@3 (line 639)
                      ; - jdk.internal.loader.ClassLoaders$AppClassLoader::loadClass@36 (line 188)
                      ; - java.lang.ClassLoader::loadClass@3 (line 526)
  0x00000233a54ac980: 7c7c 6aff 

  0x00000233a54ac984: ;   {other}
  0x00000233a54ac984: 0f1f 8400 | f42f 0053 | 33ed 4585 | d240 0f94 | c5ba 45ff | ffff 48ff | 7424 4048 | 8f44 2428 
  0x00000233a54ac9a4: 4c89 4424 | 304c 8b54 | 2450 4c89 | 5424 404c | 8b54 2460 | 4c89 5424 | 5866 6690 

  0x00000233a54ac9c0: ;   {runtime_call UncommonTrapBlob}
  0x00000233a54ac9c0: c5f8 77e8 

  0x00000233a54ac9c4: ; ImmutableOopMap {[40]=Oop [48]=Oop [64]=Oop [72]=Oop [88]=Oop [104]=Oop }
                      ;*ifeq {reexecute=1 rethrow=0 return_oop=0}
                      ; - (reexecute) java.lang.String::replace@9 (line 2933)
                      ; - jdk.internal.loader.BuiltinClassLoader::findClassOnClassPathOrNull@5 (line 755)
                      ; - jdk.internal.loader.BuiltinClassLoader::loadClassOrNull@111 (line 681)
                      ; - jdk.internal.loader.BuiltinClassLoader::loadClassOrNull@3 (line 700)
                      ; - jdk.internal.loader.BuiltinClassLoader::loadClassOrNull@86 (line 676)
                      ; - jdk.internal.loader.BuiltinClassLoader::loadClass@3 (line 639)
                      ; - jdk.internal.loader.ClassLoaders$AppClassLoader::loadClass@36 (line 188)
                      ; - java.lang.ClassLoader::loadClass@3 (line 526)
  0x00000233a54ac9c4: 387c 6aff 

  0x00000233a54ac9c8: ;   {other}
  0x00000233a54ac9c8: 0f1f 8400 | 3830 0054 | ba45 ffff | ff4c 8b54 | 2440 4c89 | 5424 204c | 8944 2428 | 4c8b 5424 
  0x00000233a54ac9e8: 504c 8954 | 2438 4c8b | 5424 604c | 8954 2450 | 4c89 5c24 | 584c 8944 | 2460 4889 | 5c24 6889 
  0x00000233a54aca08: 4c24 7090 

  0x00000233a54aca0c: ;   {runtime_call UncommonTrapBlob}
  0x00000233a54aca0c: c5f8 77e8 

  0x00000233a54aca10: ; ImmutableOopMap {[32]=Oop [40]=Oop [56]=Oop [80]=Oop [88]=Oop [96]=Oop [104]=Oop }
                      ;*iflt {reexecute=1 rethrow=0 return_oop=0}
                      ; - (reexecute) java.lang.StringConcatHelper::checkOverflow@2 (line 65)
                      ; - java.lang.StringConcatHelper::mix@23 (line 127)
                      ; - java.lang.StringConcatHelper::simpleConcat@46 (line 433)
                      ; - java.lang.String::concat@11 (line 2899)
                      ; - jdk.internal.loader.BuiltinClassLoader::findClassOnClassPathOrNull@10 (line 755)
                      ; - jdk.internal.loader.BuiltinClassLoader::loadClassOrNull@111 (line 681)
                      ; - jdk.internal.loader.BuiltinClassLoader::loadClassOrNull@3 (line 700)
                      ; - jdk.internal.loader.BuiltinClassLoader::loadClassOrNull@86 (line 676)
                      ; - jdk.internal.loader.BuiltinClassLoader::loadClass@3 (line 639)
                      ; - jdk.internal.loader.ClassLoaders$AppClassLoader::loadClass@36 (line 188)
                      ; - java.lang.ClassLoader::loadClass@3 (line 526)
  0x00000233a54aca10: ec7b 6aff 

  0x00000233a54aca14: ;   {other}
  0x00000233a54aca14: 0f1f 8400 | 8430 0055 | ba45 ffff | ff48 ff74 | 2440 488f | 4424 284c | 8944 2430 | 4c8b 5424 
  0x00000233a54aca34: 504c 8954 | 2440 4c8b | 5424 604c | 8954 2458 | 4c89 5c24 | 604c 8944 | 2468 4889 | 5c24 7090 
  0x00000233a54aca54: ;   {runtime_call UncommonTrapBlob}
  0x00000233a54aca54: c5f8 77e8 

  0x00000233a54aca58: ; ImmutableOopMap {[40]=Oop [48]=Oop [64]=Oop [88]=Oop [96]=Oop [104]=Oop [112]=Oop }
                      ;*iflt {reexecute=1 rethrow=0 return_oop=0}
                      ; - (reexecute) java.lang.StringConcatHelper::checkOverflow@2 (line 65)
                      ; - java.lang.StringConcatHelper::mix@23 (line 127)
                      ; - java.lang.StringConcatHelper::simpleConcat@54 (line 434)
                      ; - java.lang.String::concat@11 (line 2899)
                      ; - jdk.internal.loader.BuiltinClassLoader::findClassOnClassPathOrNull@10 (line 755)
                      ; - jdk.internal.loader.BuiltinClassLoader::loadClassOrNull@111 (line 681)
                      ; - jdk.internal.loader.BuiltinClassLoader::loadClassOrNull@3 (line 700)
                      ; - jdk.internal.loader.BuiltinClassLoader::loadClassOrNull@86 (line 676)
                      ; - jdk.internal.loader.BuiltinClassLoader::loadClass@3 (line 639)
                      ; - jdk.internal.loader.ClassLoaders$AppClassLoader::loadClass@36 (line 188)
                      ; - java.lang.ClassLoader::loadClass@3 (line 526)
  0x00000233a54aca58: a47b 6aff 

  0x00000233a54aca5c: ;   {other}
  0x00000233a54aca5c: 0f1f 8400 | cc30 0056 | ba45 ffff | ff4c 8b54 | 2468 48ff | 7424 4048 | 8f44 2428 | 4c89 5424 
  0x00000233a54aca7c: 304c 8b54 | 2450 4c89 | 5424 404c | 8b54 2470 | 4c89 5424 | 484c 8b54 | 2460 4c89 | 5424 584c 
  0x00000233a54aca9c: 8b94 2480 | 0000 004c | 8954 2478 | 4889 9c24 | 8000 0000 

  0x00000233a54acab0: ;   {runtime_call UncommonTrapBlob}
  0x00000233a54acab0: c5f8 77e8 

  0x00000233a54acab4: ; ImmutableOopMap {[40]=Oop [48]=Oop [64]=Oop [72]=Oop [88]=Oop [104]=Oop [120]=Oop [128]=Oop }
                      ;*if_icmpne {reexecute=1 rethrow=0 return_oop=0}
                      ; - (reexecute) java.lang.String::getBytes@5 (line 4725)
                      ; - java.lang.StringConcatHelper::prepend@21 (line 324)
                      ; - java.lang.StringConcatHelper::simpleConcat@81 (line 439)
                      ; - java.lang.String::concat@11 (line 2899)
                      ; - jdk.internal.loader.BuiltinClassLoader::findClassOnClassPathOrNull@10 (line 755)
                      ; - jdk.internal.loader.BuiltinClassLoader::loadClassOrNull@111 (line 681)
                      ; - jdk.internal.loader.BuiltinClassLoader::loadClassOrNull@3 (line 700)
                      ; - jdk.internal.loader.BuiltinClassLoader::loadClassOrNull@86 (line 676)
                      ; - jdk.internal.loader.BuiltinClassLoader::loadClass@3 (line 639)
                      ; - jdk.internal.loader.ClassLoaders$AppClassLoader::loadClass@36 (line 188)
                      ; - java.lang.ClassLoader::loadClass@3 (line 526)
  0x00000233a54acab4: 487b 6aff 

  0x00000233a54acab8: ;   {other}
  0x00000233a54acab8: 0f1f 8400 | 2831 0057 | ba45 ffff | ff4c 8b54 | 2440 4c89 | 5424 204c | 8944 2428 | 4c8b 5424 
  0x00000233a54acad8: 504c 8954 | 2438 4c8b | 5424 604c | 8954 2450 | 4c89 5c24 | 584c 8944 | 2460 4889 | 5c24 684c 
  0x00000233a54acaf8: 896c 2470 | 8974 2478 

  0x00000233a54acb00: ;   {runtime_call UncommonTrapBlob}
  0x00000233a54acb00: c5f8 77e8 

  0x00000233a54acb04: ; ImmutableOopMap {[32]=Oop [40]=Oop [56]=Oop [80]=Oop [88]=Oop [96]=Oop [104]=Oop }
                      ;*if_icmpne {reexecute=1 rethrow=0 return_oop=0}
                      ; - (reexecute) java.lang.StringConcatHelper::mix@13 (line 124)
                      ; - java.lang.StringConcatHelper::simpleConcat@46 (line 433)
                      ; - java.lang.String::concat@11 (line 2899)
                      ; - jdk.internal.loader.BuiltinClassLoader::findClassOnClassPathOrNull@10 (line 755)
                      ; - jdk.internal.loader.BuiltinClassLoader::loadClassOrNull@111 (line 681)
                      ; - jdk.internal.loader.BuiltinClassLoader::loadClassOrNull@3 (line 700)
                      ; - jdk.internal.loader.BuiltinClassLoader::loadClassOrNull@86 (line 676)
                      ; - jdk.internal.loader.BuiltinClassLoader::loadClass@3 (line 639)
                      ; - jdk.internal.loader.ClassLoaders$AppClassLoader::loadClass@36 (line 188)
                      ; - java.lang.ClassLoader::loadClass@3 (line 526)
  0x00000233a54acb04: f87a 6aff 

  0x00000233a54acb08: ;   {other}
  0x00000233a54acb08: 0f1f 8400 | 7831 0058 | ba45 ffff | ff48 ff74 | 2440 488f | 4424 284c | 8944 2430 | 4c8b 5424 
  0x00000233a54acb28: 504c 8954 | 2440 4c8b | 5424 604c | 8954 2458 | 4c89 5c24 | 6048 8944 | 2478 6690 

  0x00000233a54acb44: ;   {runtime_call UncommonTrapBlob}
  0x00000233a54acb44: c5f8 77e8 

  0x00000233a54acb48: ; ImmutableOopMap {[40]=Oop [48]=Oop [64]=Oop [88]=Oop [96]=Oop [104]=Oop [128]=Oop }
                      ;*ifge {reexecute=1 rethrow=0 return_oop=0}
                      ; - (reexecute) java.lang.StringConcatHelper::newArray@13 (line 508)
                      ; - java.lang.StringConcatHelper::simpleConcat@61 (line 435)
                      ; - java.lang.String::concat@11 (line 2899)
                      ; - jdk.internal.loader.BuiltinClassLoader::findClassOnClassPathOrNull@10 (line 755)
                      ; - jdk.internal.loader.BuiltinClassLoader::loadClassOrNull@111 (line 681)
                      ; - jdk.internal.loader.BuiltinClassLoader::loadClassOrNull@3 (line 700)
                      ; - jdk.internal.loader.BuiltinClassLoader::loadClassOrNull@86 (line 676)
                      ; - jdk.internal.loader.BuiltinClassLoader::loadClass@3 (line 639)
                      ; - jdk.internal.loader.ClassLoaders$AppClassLoader::loadClass@36 (line 188)
                      ; - java.lang.ClassLoader::loadClass@3 (line 526)
  0x00000233a54acb48: b47a 6aff 

  0x00000233a54acb4c: ;   {other}
  0x00000233a54acb4c: 0f1f 8400 | bc31 0059 | 48ff 7424 | 4048 8f44 

  0x00000233a54acb5c: ;   {metadata('java/lang/String')}
  0x00000233a54acb5c: 2420 48ba | 40e7 00b2 | 3302 0000 | 4c8b 5424 | 504c 8954 | 2430 6690 

  0x00000233a54acb74: ;   {runtime_call _new_instance_Java}
  0x00000233a54acb74: c5f8 77e8 

  0x00000233a54acb78: ; ImmutableOopMap {[32]=Oop [48]=Oop [80]=Oop [104]=Oop }
                      ;*new {reexecute=0 rethrow=0 return_oop=1}
                      ; - java.lang.StringConcatHelper::simpleConcat@17 (line 425)
                      ; - java.lang.String::concat@11 (line 2899)
                      ; - jdk.internal.loader.BuiltinClassLoader::findClassOnClassPathOrNull@10 (line 755)
                      ; - jdk.internal.loader.BuiltinClassLoader::loadClassOrNull@111 (line 681)
                      ; - jdk.internal.loader.BuiltinClassLoader::loadClass@3 (line 639)
                      ; - jdk.internal.loader.ClassLoaders$AppClassLoader::loadClass@36 (line 188)
                      ; - java.lang.ClassLoader::loadClass@3 (line 526)
  0x00000233a54acb78: 0491 76ff 

  0x00000233a54acb7c: ;   {other}
  0x00000233a54acb7c: 0f1f 8400 | ec31 005a | 48ff 7424 | 2048 8f44 | 2440 e9bf | edff ffba | f6ff ffff | 488b 6c24 
  0x00000233a54acb9c: 484c 8b54 | 2450 4c89 | 5424 2890 

  0x00000233a54acba8: ;   {runtime_call UncommonTrapBlob}
  0x00000233a54acba8: c5f8 77e8 

  0x00000233a54acbac: ; ImmutableOopMap {rbp=Oop [32]=Oop [40]=Oop }
                      ;*invokevirtual loadClassOrNull {reexecute=0 rethrow=0 return_oop=0}
                      ; - jdk.internal.loader.BuiltinClassLoader::loadClassOrNull@66 (line 669)
                      ; - jdk.internal.loader.BuiltinClassLoader::loadClass@3 (line 639)
                      ; - jdk.internal.loader.ClassLoaders$AppClassLoader::loadClass@36 (line 188)
                      ; - java.lang.ClassLoader::loadClass@3 (line 526)
  0x00000233a54acbac: 507a 6aff 

  0x00000233a54acbb0: ;   {other}
  0x00000233a54acbb0: 0f1f 8400 | 2032 005b | 4c89 5c24 | 2844 894c | 2420 498b 

  0x00000233a54acbc4: ;   {metadata('java/lang/String')}
  0x00000233a54acbc4: e848 ba40 | e700 b233 | 0200 0048 | ff74 2450 | 488f 4424 | 4866 6690 

  0x00000233a54acbdc: ;   {runtime_call _new_instance_Java}
  0x00000233a54acbdc: c5f8 77e8 

  0x00000233a54acbe0: ; ImmutableOopMap {rbp=Oop [40]=Oop [64]=Oop [72]=Oop [80]=Oop [96]=Oop }
                      ;*new {reexecute=0 rethrow=0 return_oop=1}
                      ; - java.lang.StringConcatHelper::simpleConcat@17 (line 425)
                      ; - java.lang.String::concat@11 (line 2899)
                      ; - jdk.internal.loader.BuiltinClassLoader::findClassOnClassPathOrNull@10 (line 755)
                      ; - jdk.internal.loader.BuiltinClassLoader::loadClassOrNull@111 (line 681)
                      ; - jdk.internal.loader.BuiltinClassLoader::loadClassOrNull@3 (line 700)
                      ; - jdk.internal.loader.BuiltinClassLoader::loadClassOrNull@86 (line 676)
                      ; - jdk.internal.loader.BuiltinClassLoader::loadClass@3 (line 639)
                      ; - jdk.internal.loader.ClassLoaders$AppClassLoader::loadClass@36 (line 188)
                      ; - java.lang.ClassLoader::loadClass@3 (line 526)
  0x00000233a54acbe0: 9c90 76ff 

  0x00000233a54acbe4: ;   {other}
  0x00000233a54acbe4: 0f1f 8400 | 5432 005c | 4c8b c544 | 8b4c 2420 | 4c8b 5c24 | 28e9 18ee | ffff baf6 | ffff ff48 
  0x00000233a54acc04: 8b6c 2428 | 4c8b 5424 | 404c 8954 | 2420 4c89 | 4424 404c | 8b54 2460 | 4c89 5424 | 4866 6690 
  0x00000233a54acc24: ;   {runtime_call UncommonTrapBlob}
  0x00000233a54acc24: c5f8 77e8 

  0x00000233a54acc28: ; ImmutableOopMap {rbp=Oop [32]=Oop [48]=Oop [64]=Oop [72]=Oop }
                      ;*invokevirtual loadClassOrNull {reexecute=0 rethrow=0 return_oop=0}
                      ; - jdk.internal.loader.BuiltinClassLoader::loadClassOrNull@66 (line 669)
                      ; - jdk.internal.loader.BuiltinClassLoader::loadClassOrNull@3 (line 700)
                      ; - jdk.internal.loader.BuiltinClassLoader::loadClassOrNull@86 (line 676)
                      ; - jdk.internal.loader.BuiltinClassLoader::loadClass@3 (line 639)
                      ; - jdk.internal.loader.ClassLoaders$AppClassLoader::loadClass@36 (line 188)
                      ; - java.lang.ClassLoader::loadClass@3 (line 526)
  0x00000233a54acc28: d479 6aff 

  0x00000233a54acc2c: ;   {other}
  0x00000233a54acc2c: 0f1f 8400 | 9c32 005d | 498b cb48 | 8d94 24b0 | 0000 004d | 8bc7 c5f8 | 7749 ba70 | 39f5 6cfe 
  0x00000233a54acc4c: 7f00 0041 

  0x00000233a54acc50: ;   {other}
  0x00000233a54acc50: ffd2 0f1f | 8400 0000 | 0000 e97b | f3ff ff49 | 8bcb 488d | 9424 b800 | 0000 4d8b | c7c5 f877 
  0x00000233a54acc70: 49ba 7039 | f56c fe7f | 0000 41ff 

  0x00000233a54acc7c: ;   {other}
  0x00000233a54acc7c: d20f 1f84 | 0000 0000 | 00e9 b0f2 | ffff baf6 | ffff ff4c | 8944 2420 | 4c89 4c24 | 284c 8954 
  0x00000233a54acc9c: 2438 6690 

  0x00000233a54acca0: ;   {runtime_call UncommonTrapBlob}
  0x00000233a54acca0: c5f8 77e8 

  0x00000233a54acca4: ; ImmutableOopMap {[32]=Oop [40]=Oop [56]=Oop }
                      ;*arraylength {reexecute=0 rethrow=0 return_oop=0}
                      ; - java.lang.String::isEmpty@4 (line 1532)
                      ; - java.lang.ClassLoader::checkName@5 (line 1155)
                      ; - java.lang.ClassLoader::findLoadedClass@1 (line 1298)
                      ; - jdk.internal.loader.BuiltinClassLoader::loadClassOrNull@10 (line 653)
                      ; - jdk.internal.loader.BuiltinClassLoader::loadClass@3 (line 639)
                      ; - jdk.internal.loader.ClassLoaders$AppClassLoader::loadClass@36 (line 188)
                      ; - java.lang.ClassLoader::loadClass@3 (line 526)
  0x00000233a54acca4: 5879 6aff 

  0x00000233a54acca8: ;   {other}
  0x00000233a54acca8: 0f1f 8400 | 1833 005e | 488b d8e9 | 22f3 ffff | 488b d80f | 1f44 0000 | e975 f2ff | ffba f6ff 
  0x00000233a54accc8: ffff 4c89 | 5c24 284c | 8b54 2450 | 4c89 5424 | 3866 6690 

  0x00000233a54accdc: ;   {runtime_call UncommonTrapBlob}
  0x00000233a54accdc: c5f8 77e8 

  0x00000233a54acce0: ; ImmutableOopMap {[32]=Oop [40]=Oop [56]=Oop [72]=Oop [80]=Oop }
                      ;*arraylength {reexecute=0 rethrow=0 return_oop=0}
                      ; - java.lang.String::isEmpty@4 (line 1532)
                      ; - java.lang.ClassLoader::checkName@5 (line 1155)
                      ; - java.lang.ClassLoader::findBootstrapClassOrNull@1 (line 1275)
                      ; - java.lang.System$2::findBootstrapClassOrNull@1 (line 2397)
                      ; - jdk.internal.loader.ClassLoaders$BootClassLoader::loadClassOrNull@4 (line 140)
                      ; - jdk.internal.loader.BuiltinClassLoader::loadClassOrNull@3 (line 700)
                      ; - jdk.internal.loader.BuiltinClassLoader::loadClassOrNull@86 (line 676)
                      ; - jdk.internal.loader.BuiltinClassLoader::loadClass@3 (line 639)
                      ; - jdk.internal.loader.ClassLoaders$AppClassLoader::loadClass@36 (line 188)
                      ; - java.lang.ClassLoader::loadClass@3 (line 526)
  0x00000233a54acce0: 1c79 6aff 

  0x00000233a54acce4: ;   {other}
  0x00000233a54acce4: 0f1f 8400 | 5433 005f | baf6 ffff | ff4c 8b54 | 2450 4c89 | 5424 3048 | ff74 2440 | 488f 4424 
  0x00000233a54acd04: 3866 6690 

  0x00000233a54acd08: ;   {runtime_call UncommonTrapBlob}
  0x00000233a54acd08: c5f8 77e8 

  0x00000233a54acd0c: ; ImmutableOopMap {[48]=Oop [56]=Oop [80]=Oop [104]=Oop }
                      ;*arraylength {reexecute=0 rethrow=0 return_oop=0}
                      ; - java.lang.StringLatin1::replace@8 (line 295)
                      ; - java.lang.String::replace@18 (line 2933)
                      ; - jdk.internal.loader.BuiltinClassLoader::findClassOnClassPathOrNull@5 (line 755)
                      ; - jdk.internal.loader.BuiltinClassLoader::loadClassOrNull@111 (line 681)
                      ; - jdk.internal.loader.BuiltinClassLoader::loadClass@3 (line 639)
                      ; - jdk.internal.loader.ClassLoaders$AppClassLoader::loadClass@36 (line 188)
                      ; - java.lang.ClassLoader::loadClass@3 (line 526)
  0x00000233a54acd0c: f078 6aff 

  0x00000233a54acd10: ;   {other}
  0x00000233a54acd10: 0f1f 8400 | 8033 0060 | ba45 ffff | ff4c 894c | 2428 4c89 | 5424 384c | 8944 2440 | 4c89 4c24 
  0x00000233a54acd30: 4866 6690 

  0x00000233a54acd34: ;   {runtime_call UncommonTrapBlob}
  0x00000233a54acd34: c5f8 77e8 

  0x00000233a54acd38: ; ImmutableOopMap {[40]=Oop [56]=Oop [64]=Oop [72]=Oop }
                      ;*ifnull {reexecute=1 rethrow=0 return_oop=0}
                      ; - (reexecute) java.lang.ClassLoader::checkName@1 (line 1155)
                      ; - java.lang.ClassLoader::findLoadedClass@1 (line 1298)
                      ; - jdk.internal.loader.BuiltinClassLoader::loadClassOrNull@10 (line 653)
                      ; - jdk.internal.loader.BuiltinClassLoader::loadClass@3 (line 639)
                      ; - jdk.internal.loader.ClassLoaders$AppClassLoader::loadClass@36 (line 188)
                      ; - java.lang.ClassLoader::loadClass@3 (line 526)
  0x00000233a54acd38: c478 6aff 

  0x00000233a54acd3c: ;   {other}
  0x00000233a54acd3c: 0f1f 8400 | ac33 0061 | baf6 ffff | ff4c 8944 | 2420 4889 | 7424 284c | 8b5c 2450 | 4c89 5c24 
  0x00000233a54acd5c: 384c 8954 | 2440 4c89 | 4c24 5890 

  0x00000233a54acd68: ;   {runtime_call UncommonTrapBlob}
  0x00000233a54acd68: c5f8 77e8 

  0x00000233a54acd6c: ; ImmutableOopMap {[32]=Oop [40]=Oop [56]=Oop [64]=Oop [72]=Oop [88]=Oop }
                      ;*arraylength {reexecute=0 rethrow=0 return_oop=0}
                      ; - java.lang.String::isEmpty@4 (line 1532)
                      ; - java.lang.ClassLoader::checkName@5 (line 1155)
                      ; - java.lang.ClassLoader::findLoadedClass@1 (line 1298)
                      ; - jdk.internal.loader.BuiltinClassLoader::loadClassOrNull@10 (line 653)
                      ; - jdk.internal.loader.BuiltinClassLoader::loadClassOrNull@3 (line 700)
                      ; - jdk.internal.loader.BuiltinClassLoader::loadClassOrNull@86 (line 676)
                      ; - jdk.internal.loader.BuiltinClassLoader::loadClass@3 (line 639)
                      ; - jdk.internal.loader.ClassLoaders$AppClassLoader::loadClass@36 (line 188)
                      ; - java.lang.ClassLoader::loadClass@3 (line 526)
  0x00000233a54acd6c: 9078 6aff 

  0x00000233a54acd70: ;   {other}
  0x00000233a54acd70: 0f1f 8400 | e033 0062 | ba45 ffff | ff48 8b6c | 2448 4c8b | 5c24 5044 | 8954 2438 | 4c89 5c24 
  0x00000233a54acd90: 4066 6690 

  0x00000233a54acd94: ;   {runtime_call UncommonTrapBlob}
  0x00000233a54acd94: c5f8 77e8 

  0x00000233a54acd98: ; ImmutableOopMap {rbp=Oop [32]=Oop [56]=NarrowOop [64]=Oop [80]=Oop }
                      ;*ifnull {reexecute=1 rethrow=0 return_oop=0}
                      ; - (reexecute) jdk.internal.loader.BuiltinClassLoader::loadClassOrNull@78 (line 675)
                      ; - jdk.internal.loader.BuiltinClassLoader::loadClass@3 (line 639)
                      ; - jdk.internal.loader.ClassLoaders$AppClassLoader::loadClass@36 (line 188)
                      ; - java.lang.ClassLoader::loadClass@3 (line 526)
  0x00000233a54acd98: 6478 6aff 

  0x00000233a54acd9c: ;   {other}
  0x00000233a54acd9c: 0f1f 8400 | 0c34 0063 | 488b d8e9 | eef0 ffff | baf6 ffff | ff49 8be8 | 4c8b 5424 | 404c 8954 
  0x00000233a54acdbc: 2420 4c89 | 5c24 404c | 8b54 2460 | 4c89 5424 | 5866 6690 

  0x00000233a54acdd0: ;   {runtime_call UncommonTrapBlob}
  0x00000233a54acdd0: c5f8 77e8 

  0x00000233a54acdd4: ; ImmutableOopMap {rbp=Oop [32]=Oop [48]=Oop [64]=Oop [88]=Oop [96]=Oop }
                      ;*arraylength {reexecute=0 rethrow=0 return_oop=0}
                      ; - java.lang.String::isEmpty@4 (line 1532)
                      ; - java.lang.ClassLoader::checkName@5 (line 1155)
                      ; - java.lang.ClassLoader::findBootstrapClassOrNull@1 (line 1275)
                      ; - java.lang.System$2::findBootstrapClassOrNull@1 (line 2397)
                      ; - jdk.internal.loader.ClassLoaders$BootClassLoader::loadClassOrNull@4 (line 140)
                      ; - jdk.internal.loader.BuiltinClassLoader::loadClassOrNull@3 (line 700)
                      ; - jdk.internal.loader.BuiltinClassLoader::loadClassOrNull@86 (line 676)
                      ; - jdk.internal.loader.BuiltinClassLoader::loadClassOrNull@3 (line 700)
                      ; - jdk.internal.loader.BuiltinClassLoader::loadClassOrNull@86 (line 676)
                      ; - jdk.internal.loader.BuiltinClassLoader::loadClass@3 (line 639)
                      ; - jdk.internal.loader.ClassLoaders$AppClassLoader::loadClass@36 (line 188)
                      ; - java.lang.ClassLoader::loadClass@3 (line 526)
  0x00000233a54acdd4: 2878 6aff 

  0x00000233a54acdd8: ;   {other}
  0x00000233a54acdd8: 0f1f 8400 | 4834 0064 | baf6 ffff | ff4c 8b54 | 2440 4c89 | 5424 204c | 8b54 2460 | 4c89 5424 
  0x00000233a54acdf8: 504c 895c | 2458 4c89 | 4424 6090 

  0x00000233a54ace04: ;   {runtime_call UncommonTrapBlob}
  0x00000233a54ace04: c5f8 77e8 

  0x00000233a54ace08: ; ImmutableOopMap {[32]=Oop [40]=Oop [48]=Oop [80]=Oop [88]=Oop [96]=Oop }
                      ;*arraylength {reexecute=0 rethrow=0 return_oop=0}
                      ; - java.lang.StringLatin1::replace@8 (line 295)
                      ; - java.lang.String::replace@18 (line 2933)
                      ; - jdk.internal.loader.BuiltinClassLoader::findClassOnClassPathOrNull@5 (line 755)
                      ; - jdk.internal.loader.BuiltinClassLoader::loadClassOrNull@111 (line 681)
                      ; - jdk.internal.loader.BuiltinClassLoader::loadClassOrNull@3 (line 700)
                      ; - jdk.internal.loader.BuiltinClassLoader::loadClassOrNull@86 (line 676)
                      ; - jdk.internal.loader.BuiltinClassLoader::loadClass@3 (line 639)
                      ; - jdk.internal.loader.ClassLoaders$AppClassLoader::loadClass@36 (line 188)
                      ; - java.lang.ClassLoader::loadClass@3 (line 526)
  0x00000233a54ace08: f477 6aff 

  0x00000233a54ace0c: ;   {other}
  0x00000233a54ace0c: 0f1f 8400 | 7c34 0065 | ba45 ffff | ff48 8b6c | 2428 4c8b | 5424 404c | 8954 2420 | 4c89 5c24 
  0x00000233a54ace2c: 4044 8944 | 2458 6690 

  0x00000233a54ace34: ;   {runtime_call UncommonTrapBlob}
  0x00000233a54ace34: c5f8 77e8 

  0x00000233a54ace38: ; ImmutableOopMap {rbp=Oop [32]=Oop [48]=Oop [64]=Oop [88]=NarrowOop [96]=Oop }
                      ;*ifnull {reexecute=1 rethrow=0 return_oop=0}
                      ; - (reexecute) jdk.internal.loader.BuiltinClassLoader::loadClassOrNull@78 (line 675)
                      ; - jdk.internal.loader.BuiltinClassLoader::loadClassOrNull@3 (line 700)
                      ; - jdk.internal.loader.BuiltinClassLoader::loadClassOrNull@86 (line 676)
                      ; - jdk.internal.loader.BuiltinClassLoader::loadClass@3 (line 639)
                      ; - jdk.internal.loader.ClassLoaders$AppClassLoader::loadClass@36 (line 188)
                      ; - java.lang.ClassLoader::loadClass@3 (line 526)
  0x00000233a54ace38: c477 6aff 

  0x00000233a54ace3c: ;   {other}
  0x00000233a54ace3c: 0f1f 8400 | ac34 0066 | 488b d0e9 | 4fe5 ffff | 488b d8e9 | e6f0 ffff | 488b d8e9 | def0 ffff 
  0x00000233a54ace5c: 488b d890 | e935 f0ff | ff48 8bd8 | e92d f0ff | ff4c 8bd0 | e9fb efff | ff4c 8bd0 | e9cb efff 
  0x00000233a54ace7c: ff4c 8bd0 | eb03 4c8b | d049 8bda | e9ad f0ff | ff4c 8bd0 | eb03 4c8b | d049 8bda | e9fd efff 
  0x00000233a54ace9c: ff48 8bd8 | e935 f1ff | ff4c 8bd0 | eb08 4c8b | d0eb 034c | 8bd0 498b | dae9 80f0 | ffff 4c8b 
  0x00000233a54acebc: d0eb 084c | 8bd0 eb03 | 4c8b d049 | 8bda e9cb 

  0x00000233a54acecc: ;   {internal_word}
  0x00000233a54acecc: efff ff49 | baaa af4a | a533 0200 | 004d 8997 | 6004 0000 

  0x00000233a54acee0: ;   {runtime_call SafepointBlob}
  0x00000233a54acee0: e91b 886a 

  0x00000233a54acee4: ;   {runtime_call StubRoutines (final stubs)}
  0x00000233a54acee4: ffe8 767e | 68ff e92f | cfff fff4 
[Stub Code]
  0x00000233a54acef0: ;   {no_reloc}
  0x00000233a54acef0: 48bb 0000 | 0000 0000 

  0x00000233a54acef8: ;   {runtime_call nmethod}
  0x00000233a54acef8: 0000 e9fb 

  0x00000233a54acefc: ;   {static_stub}
  0x00000233a54acefc: ffff ff48 | bb00 0000 | 0000 0000 

  0x00000233a54acf08: ;   {runtime_call nmethod}
  0x00000233a54acf08: 00e9 fbff 

  0x00000233a54acf0c: ;   {static_stub}
  0x00000233a54acf0c: ffff 48bb | 0000 0000 | 0000 0000 

  0x00000233a54acf18: ;   {runtime_call nmethod}
  0x00000233a54acf18: e9fb ffff 

  0x00000233a54acf1c: ;   {static_stub}
  0x00000233a54acf1c: ff48 bb00 | 0000 0000 

  0x00000233a54acf24: ;   {runtime_call nmethod}
  0x00000233a54acf24: 0000 00e9 | fbff ffff 

  0x00000233a54acf2c: ;   {static_stub}
  0x00000233a54acf2c: 48bb 0000 | 0000 0000 

  0x00000233a54acf34: ;   {runtime_call nmethod}
  0x00000233a54acf34: 0000 e9fb 

  0x00000233a54acf38: ;   {static_stub}
  0x00000233a54acf38: ffff ff48 | bb00 0000 | 0000 0000 

  0x00000233a54acf44: ;   {runtime_call nmethod}
  0x00000233a54acf44: 00e9 fbff 

  0x00000233a54acf48: ;   {static_stub}
  0x00000233a54acf48: ffff 48bb | 0000 0000 | 0000 0000 

  0x00000233a54acf54: ;   {runtime_call nmethod}
  0x00000233a54acf54: e9fb ffff 

  0x00000233a54acf58: ;   {static_stub}
  0x00000233a54acf58: ff48 bb00 | 0000 0000 

  0x00000233a54acf60: ;   {runtime_call nmethod}
  0x00000233a54acf60: 0000 00e9 | fbff ffff 

  0x00000233a54acf68: ;   {static_stub}
  0x00000233a54acf68: 48bb 0000 | 0000 0000 

  0x00000233a54acf70: ;   {runtime_call nmethod}
  0x00000233a54acf70: 0000 e9fb 

  0x00000233a54acf74: ;   {static_stub}
  0x00000233a54acf74: ffff ff48 | bb00 0000 | 0000 0000 

  0x00000233a54acf80: ;   {runtime_call nmethod}
  0x00000233a54acf80: 00e9 fbff 

  0x00000233a54acf84: ;   {static_stub}
  0x00000233a54acf84: ffff 48bb | 0000 0000 | 0000 0000 

  0x00000233a54acf90: ;   {runtime_call nmethod}
  0x00000233a54acf90: e9fb ffff 

  0x00000233a54acf94: ;   {static_stub}
  0x00000233a54acf94: ff48 bb00 | 0000 0000 

  0x00000233a54acf9c: ;   {runtime_call nmethod}
  0x00000233a54acf9c: 0000 00e9 | fbff ffff 
[Exception Handler]
  0x00000233a54acfa4: ;   {runtime_call ExceptionBlob}
  0x00000233a54acfa4: e9d7 8f76 | ffe8 0000 | 0000 4883 

  0x00000233a54acfb0: ;   {runtime_call DeoptimizationBlob}
  0x00000233a54acfb0: 2c24 05e9 | e879 6aff 
[/MachCode]


---------------  P R O C E S S  ---------------

Threads class SMR info:
_java_thread_list=0x00000233f83358a0, length=17, elements={
0x00000233979f6020, 0x00000233b1267e10, 0x00000233b12693c0, 0x00000233b126f360,
0x00000233b1271dc0, 0x00000233b1272810, 0x00000233b12734e0, 0x00000233b1274260,
0x00000233b1299710, 0x00000233b13b9bb0, 0x00000233b13c4bc0, 0x00000233f7771a10,
0x00000233f8e72370, 0x00000233f9e14050, 0x00000233f92bcca0, 0x00000233f92bd300,
0x00000233f8823030
}

Java Threads: ( => current thread )
=>0x00000233979f6020 JavaThread "main"                              [_thread_in_vm, id=10864, stack(0x000000cc04200000,0x000000cc04300000) (1024K)]
  0x00000233b1267e10 JavaThread "Reference Handler"          daemon [_thread_blocked, id=16736, stack(0x000000cc04a00000,0x000000cc04b00000) (1024K)]
  0x00000233b12693c0 JavaThread "Finalizer"                  daemon [_thread_blocked, id=17136, stack(0x000000cc04b00000,0x000000cc04c00000) (1024K)]
  0x00000233b126f360 JavaThread "Signal Dispatcher"          daemon [_thread_blocked, id=8540, stack(0x000000cc04c00000,0x000000cc04d00000) (1024K)]
  0x00000233b1271dc0 JavaThread "Attach Listener"            daemon [_thread_blocked, id=6036, stack(0x000000cc04d00000,0x000000cc04e00000) (1024K)]
  0x00000233b1272810 JavaThread "Service Thread"             daemon [_thread_blocked, id=17092, stack(0x000000cc04e00000,0x000000cc04f00000) (1024K)]
  0x00000233b12734e0 JavaThread "Monitor Deflation Thread"   daemon [_thread_blocked, id=12304, stack(0x000000cc04f00000,0x000000cc05000000) (1024K)]
  0x00000233b1274260 JavaThread "C2 CompilerThread0"         daemon [_thread_blocked, id=12320, stack(0x000000cc05000000,0x000000cc05100000) (1024K)]
  0x00000233b1299710 JavaThread "C1 CompilerThread0"         daemon [_thread_blocked, id=17152, stack(0x000000cc05100000,0x000000cc05200000) (1024K)]
  0x00000233b13b9bb0 JavaThread "Notification Thread"        daemon [_thread_blocked, id=8392, stack(0x000000cc05200000,0x000000cc05300000) (1024K)]
  0x00000233b13c4bc0 JavaThread "Common-Cleaner"             daemon [_thread_blocked, id=15492, stack(0x000000cc05300000,0x000000cc05400000) (1024K)]
  0x00000233f7771a10 JavaThread "Keep-Alive-Timer"           daemon [_thread_blocked, id=14408, stack(0x000000cc05800000,0x000000cc05900000) (1024K)]
  0x00000233f8e72370 JavaThread "Catalina-utility-1"                [_thread_blocked, id=3832, stack(0x000000cc05b00000,0x000000cc05c00000) (1024K)]
  0x00000233f9e14050 JavaThread "Catalina-utility-2"                [_thread_blocked, id=15340, stack(0x000000cc05c00000,0x000000cc05d00000) (1024K)]
  0x00000233f92bcca0 JavaThread "container-0"                       [_thread_blocked, id=7900, stack(0x000000cc05d00000,0x000000cc05e00000) (1024K)]
  0x00000233f92bd300 JavaThread "mysql-cj-abandoned-connection-cleanup" daemon [_thread_blocked, id=12148, stack(0x000000cc05e00000,0x000000cc05f00000) (1024K)]
  0x00000233f8823030 JavaThread "HikariPool-1:housekeeper"   daemon [_thread_blocked, id=5216, stack(0x000000cc04100000,0x000000cc04200000) (1024K)]
Total: 17

Other Threads:
  0x00000233979dd110 VMThread "VM Thread"                           [id=11688, stack(0x000000cc04900000,0x000000cc04a00000) (1024K)] _threads_hazard_ptr=0x00000233f83358a0
  0x00000233b1237450 WatcherThread "VM Periodic Task Thread"        [id=10824, stack(0x000000cc04800000,0x000000cc04900000) (1024K)]
  0x00000233979de330 WorkerThread "GC Thread#0"                     [id=12772, stack(0x000000cc04300000,0x000000cc04400000) (1024K)]
  0x00000233979de6d0 WorkerThread "GC Thread#1"                     [id=17376, stack(0x000000cc05500000,0x000000cc05600000) (1024K)]
  0x00000233979dd4b0 WorkerThread "GC Thread#2"                     [id=12456, stack(0x000000cc05600000,0x000000cc05700000) (1024K)]
  0x00000233979dd850 WorkerThread "GC Thread#3"                     [id=14076, stack(0x000000cc05700000,0x000000cc05800000) (1024K)]
  0x0000023399c9d490 ConcurrentGCThread "G1 Main Marker"            [id=6356, stack(0x000000cc04400000,0x000000cc04500000) (1024K)]
  0x00000233979dcd70 WorkerThread "G1 Conc#0"                       [id=13104, stack(0x000000cc04500000,0x000000cc04600000) (1024K)]
  0x0000023399cee940 ConcurrentGCThread "G1 Refine#0"               [id=5872, stack(0x000000cc04600000,0x000000cc04700000) (1024K)]
  0x00000233b10fd530 ConcurrentGCThread "G1 Service"                [id=10060, stack(0x000000cc04700000,0x000000cc04800000) (1024K)]
Total: 10

Threads with active compile tasks:
Total: 0

VM state: synchronizing (normal execution)

VM Mutex/Monitor currently owned by a thread:  ([mutex/lock_event])
[0x00007ffe6d4cc308] Metaspace_lock - owner thread: 0x00000233979f6020
[0x00007ffe6d4ce308] Threads_lock - owner thread: 0x00000233979dd110

Heap address: 0x0000000081400000, size: 2028 MB, Compressed Oops mode: 32-bit

CDS archive(s) mapped at: [0x00000233b2000000-0x00000233b2c80000-0x00000233b2c80000), size 13107200, SharedBaseAddress: 0x00000233b2000000, ArchiveRelocationMode: 1.
Compressed class space mapped at: 0x00000233b3000000-0x00000233f3000000, reserved size: 1073741824
Narrow klass base: 0x00000233b2000000, Narrow klass shift: 0, Narrow klass range: 0x100000000

GC Precious Log:
 CardTable entry size: 512
 Card Set container configuration: InlinePtr #cards 5 size 8 Array Of Cards #cards 12 size 40 Howl #buckets 4 coarsen threshold 1843 Howl Bitmap #cards 512 size 80 coarsen threshold 460 Card regions per heap region 1 cards per card region 2048
 CPUs: 4 total, 4 available
 Memory: 8108M
 Large Page Support: Disabled
 NUMA Support: Disabled
 Compressed Oops: Enabled (32-bit)
 Heap Region Size: 1M
 Heap Min Capacity: 8M
 Heap Initial Capacity: 128M
 Heap Max Capacity: 2028M
 Pre-touch: Disabled
 Parallel Workers: 4
 Concurrent Workers: 1
 Concurrent Refinement Workers: 4
 Periodic GC: Disabled

Heap:
 garbage-first heap   total 68608K, used 57205K [0x0000000081400000, 0x0000000100000000)
  region size 1024K, 27 young (27648K), 4 survivors (4096K)
 Metaspace       used 60703K, committed 61312K, reserved 1114112K
  class space    used 8108K, committed 8384K, reserved 1048576K

Heap Regions: E=young(eden), S=young(survivor), O=old, HS=humongous(starts), HC=humongous(continues), CS=collection set, F=free, TAMS=top-at-mark-start, PB=parsable bottom
|   0|0x0000000081400000, 0x0000000081500000, 0x0000000081500000|100%|HS|  |TAMS 0x0000000081400000| PB 0x0000000081400000| Complete 
|   1|0x0000000081500000, 0x0000000081600000, 0x0000000081600000|100%|HS|  |TAMS 0x0000000081500000| PB 0x0000000081500000| Complete 
|   2|0x0000000081600000, 0x0000000081700000, 0x0000000081700000|100%| O|  |TAMS 0x0000000081600000| PB 0x0000000081600000| Untracked 
|   3|0x0000000081700000, 0x0000000081800000, 0x0000000081800000|100%|HS|  |TAMS 0x0000000081700000| PB 0x0000000081700000| Complete 
|   4|0x0000000081800000, 0x0000000081900000, 0x0000000081900000|100%| O|  |TAMS 0x0000000081800000| PB 0x0000000081800000| Untracked 
|   5|0x0000000081900000, 0x0000000081a00000, 0x0000000081a00000|100%| O|  |TAMS 0x0000000081900000| PB 0x0000000081900000| Untracked 
|   6|0x0000000081a00000, 0x0000000081b00000, 0x0000000081b00000|100%| O|  |TAMS 0x0000000081a00000| PB 0x0000000081a00000| Untracked 
|   7|0x0000000081b00000, 0x0000000081c00000, 0x0000000081c00000|100%| O|  |TAMS 0x0000000081b00000| PB 0x0000000081b00000| Untracked 
|   8|0x0000000081c00000, 0x0000000081d00000, 0x0000000081d00000|100%| O|  |TAMS 0x0000000081c00000| PB 0x0000000081c00000| Untracked 
|   9|0x0000000081d00000, 0x0000000081de1e10, 0x0000000081e00000| 88%| O|  |TAMS 0x0000000081d00000| PB 0x0000000081d00000| Untracked 
|  10|0x0000000081e00000, 0x0000000081f00000, 0x0000000081f00000|100%| O|  |TAMS 0x0000000081e00000| PB 0x0000000081e00000| Untracked 
|  11|0x0000000081f00000, 0x0000000082000000, 0x0000000082000000|100%| O|  |TAMS 0x0000000081f00000| PB 0x0000000081f00000| Untracked 
|  12|0x0000000082000000, 0x0000000082100000, 0x0000000082100000|100%| O|  |TAMS 0x0000000082000000| PB 0x0000000082000000| Untracked 
|  13|0x0000000082100000, 0x0000000082200000, 0x0000000082200000|100%| O|  |TAMS 0x0000000082100000| PB 0x0000000082100000| Untracked 
|  14|0x0000000082200000, 0x0000000082300000, 0x0000000082300000|100%| O|  |TAMS 0x0000000082200000| PB 0x0000000082200000| Untracked 
|  15|0x0000000082300000, 0x0000000082400000, 0x0000000082400000|100%| O|  |TAMS 0x0000000082300000| PB 0x0000000082300000| Untracked 
|  16|0x0000000082400000, 0x0000000082500000, 0x0000000082500000|100%| O|  |TAMS 0x0000000082400000| PB 0x0000000082400000| Untracked 
|  17|0x0000000082500000, 0x0000000082600000, 0x0000000082600000|100%| O|  |TAMS 0x0000000082500000| PB 0x0000000082500000| Untracked 
|  18|0x0000000082600000, 0x0000000082700000, 0x0000000082700000|100%| O|  |TAMS 0x0000000082600000| PB 0x0000000082600000| Untracked 
|  19|0x0000000082700000, 0x0000000082800000, 0x0000000082800000|100%| O|  |TAMS 0x0000000082700000| PB 0x0000000082700000| Untracked 
|  20|0x0000000082800000, 0x0000000082900000, 0x0000000082900000|100%| O|  |TAMS 0x0000000082800000| PB 0x0000000082800000| Untracked 
|  21|0x0000000082900000, 0x0000000082a00000, 0x0000000082a00000|100%| O|  |TAMS 0x0000000082900000| PB 0x0000000082900000| Untracked 
|  22|0x0000000082a00000, 0x0000000082a00000, 0x0000000082b00000|  0%| F|  |TAMS 0x0000000082a00000| PB 0x0000000082a00000| Untracked 
|  23|0x0000000082b00000, 0x0000000082c00000, 0x0000000082c00000|100%| O|  |TAMS 0x0000000082b00000| PB 0x0000000082b00000| Untracked 
|  24|0x0000000082c00000, 0x0000000082d00000, 0x0000000082d00000|100%| O|Cm|TAMS 0x0000000082c00000| PB 0x0000000082c00000| Complete 
|  25|0x0000000082d00000, 0x0000000082e00000, 0x0000000082e00000|100%| O|  |TAMS 0x0000000082d00000| PB 0x0000000082d00000| Untracked 
|  26|0x0000000082e00000, 0x0000000082f00000, 0x0000000082f00000|100%| O|  |TAMS 0x0000000082e00000| PB 0x0000000082e00000| Untracked 
|  27|0x0000000082f00000, 0x0000000083000000, 0x0000000083000000|100%| O|  |TAMS 0x0000000082f00000| PB 0x0000000082f00000| Untracked 
|  28|0x0000000083000000, 0x0000000083100000, 0x0000000083100000|100%| O|  |TAMS 0x0000000083000000| PB 0x0000000083000000| Untracked 
|  29|0x0000000083100000, 0x0000000083200000, 0x0000000083200000|100%| O|  |TAMS 0x0000000083100000| PB 0x0000000083100000| Untracked 
|  30|0x0000000083200000, 0x0000000083300000, 0x0000000083300000|100%| O|  |TAMS 0x0000000083200000| PB 0x0000000083200000| Untracked 
|  31|0x0000000083300000, 0x0000000083400000, 0x0000000083400000|100%| O|  |TAMS 0x0000000083300000| PB 0x0000000083300000| Untracked 
|  32|0x0000000083400000, 0x0000000083400000, 0x0000000083500000|  0%| F|  |TAMS 0x0000000083400000| PB 0x0000000083400000| Untracked 
|  33|0x0000000083500000, 0x0000000083500000, 0x0000000083600000|  0%| F|  |TAMS 0x0000000083500000| PB 0x0000000083500000| Untracked 
|  34|0x0000000083600000, 0x0000000083600000, 0x0000000083700000|  0%| F|  |TAMS 0x0000000083600000| PB 0x0000000083600000| Untracked 
|  35|0x0000000083700000, 0x00000000837fb880, 0x0000000083800000| 98%| S|CS|TAMS 0x0000000083700000| PB 0x0000000083700000| Complete 
|  36|0x0000000083800000, 0x0000000083900000, 0x0000000083900000|100%| S|CS|TAMS 0x0000000083800000| PB 0x0000000083800000| Complete 
|  37|0x0000000083900000, 0x0000000083a00000, 0x0000000083a00000|100%| S|CS|TAMS 0x0000000083900000| PB 0x0000000083900000| Complete 
|  38|0x0000000083a00000, 0x0000000083b00000, 0x0000000083b00000|100%| S|CS|TAMS 0x0000000083a00000| PB 0x0000000083a00000| Complete 
|  39|0x0000000083b00000, 0x0000000083b00000, 0x0000000083c00000|  0%| F|  |TAMS 0x0000000083b00000| PB 0x0000000083b00000| Untracked 
|  40|0x0000000083c00000, 0x0000000083c00000, 0x0000000083d00000|  0%| F|  |TAMS 0x0000000083c00000| PB 0x0000000083c00000| Untracked 
|  41|0x0000000083d00000, 0x0000000083d00000, 0x0000000083e00000|  0%| F|  |TAMS 0x0000000083d00000| PB 0x0000000083d00000| Untracked 
|  42|0x0000000083e00000, 0x0000000083e00000, 0x0000000083f00000|  0%| F|  |TAMS 0x0000000083e00000| PB 0x0000000083e00000| Untracked 
|  43|0x0000000083f00000, 0x0000000083f00000, 0x0000000084000000|  0%| F|  |TAMS 0x0000000083f00000| PB 0x0000000083f00000| Untracked 
|  44|0x0000000084000000, 0x00000000840f7420, 0x0000000084100000| 96%| E|  |TAMS 0x0000000084000000| PB 0x0000000084000000| Complete 
|  45|0x0000000084100000, 0x0000000084200000, 0x0000000084200000|100%| E|CS|TAMS 0x0000000084100000| PB 0x0000000084100000| Complete 
|  46|0x0000000084200000, 0x0000000084300000, 0x0000000084300000|100%| E|CS|TAMS 0x0000000084200000| PB 0x0000000084200000| Complete 
|  47|0x0000000084300000, 0x0000000084400000, 0x0000000084400000|100%| E|CS|TAMS 0x0000000084300000| PB 0x0000000084300000| Complete 
|  48|0x0000000084400000, 0x0000000084500000, 0x0000000084500000|100%| E|CS|TAMS 0x0000000084400000| PB 0x0000000084400000| Complete 
|  49|0x0000000084500000, 0x0000000084600000, 0x0000000084600000|100%| E|CS|TAMS 0x0000000084500000| PB 0x0000000084500000| Complete 
|  50|0x0000000084600000, 0x0000000084700000, 0x0000000084700000|100%| E|CS|TAMS 0x0000000084600000| PB 0x0000000084600000| Complete 
|  51|0x0000000084700000, 0x0000000084800000, 0x0000000084800000|100%| E|CS|TAMS 0x0000000084700000| PB 0x0000000084700000| Complete 
|  52|0x0000000084800000, 0x0000000084900000, 0x0000000084900000|100%| E|CS|TAMS 0x0000000084800000| PB 0x0000000084800000| Complete 
|  53|0x0000000084900000, 0x0000000084a00000, 0x0000000084a00000|100%| E|CS|TAMS 0x0000000084900000| PB 0x0000000084900000| Complete 
|  54|0x0000000084a00000, 0x0000000084b00000, 0x0000000084b00000|100%| E|CS|TAMS 0x0000000084a00000| PB 0x0000000084a00000| Complete 
|  55|0x0000000084b00000, 0x0000000084c00000, 0x0000000084c00000|100%| E|CS|TAMS 0x0000000084b00000| PB 0x0000000084b00000| Complete 
|  56|0x0000000084c00000, 0x0000000084d00000, 0x0000000084d00000|100%| E|CS|TAMS 0x0000000084c00000| PB 0x0000000084c00000| Complete 
|  57|0x0000000084d00000, 0x0000000084e00000, 0x0000000084e00000|100%| E|CS|TAMS 0x0000000084d00000| PB 0x0000000084d00000| Complete 
|  58|0x0000000084e00000, 0x0000000084f00000, 0x0000000084f00000|100%| E|CS|TAMS 0x0000000084e00000| PB 0x0000000084e00000| Complete 
|  67|0x0000000085700000, 0x0000000085800000, 0x0000000085800000|100%| E|CS|TAMS 0x0000000085700000| PB 0x0000000085700000| Complete 
|  68|0x0000000085800000, 0x0000000085900000, 0x0000000085900000|100%| E|CS|TAMS 0x0000000085800000| PB 0x0000000085800000| Complete 
|  69|0x0000000085900000, 0x0000000085a00000, 0x0000000085a00000|100%| E|CS|TAMS 0x0000000085900000| PB 0x0000000085900000| Complete 
|  70|0x0000000085a00000, 0x0000000085b00000, 0x0000000085b00000|100%| E|CS|TAMS 0x0000000085a00000| PB 0x0000000085a00000| Complete 
|  71|0x0000000085b00000, 0x0000000085c00000, 0x0000000085c00000|100%| E|  |TAMS 0x0000000085b00000| PB 0x0000000085b00000| Complete 
|  72|0x0000000085c00000, 0x0000000085d00000, 0x0000000085d00000|100%| E|CS|TAMS 0x0000000085c00000| PB 0x0000000085c00000| Complete 
|  73|0x0000000085d00000, 0x0000000085e00000, 0x0000000085e00000|100%| E|CS|TAMS 0x0000000085d00000| PB 0x0000000085d00000| Complete 
| 127|0x0000000089300000, 0x0000000089400000, 0x0000000089400000|100%| E|CS|TAMS 0x0000000089300000| PB 0x0000000089300000| Complete 

Card table byte_map: [0x00000233ac9d0000,0x00000233acdd0000] _byte_map_base: 0x00000233ac5c6000

Marking Bits: (CMBitMap*) 0x0000023399c8c4e0
 Bits: [0x00000233acdd0000, 0x00000233aed80000)

Polling page: 0x0000023397c00000

Metaspace:

Usage:
  Non-class:     51.36 MB used.
      Class:      7.92 MB used.
       Both:     59.28 MB used.

Virtual space:
  Non-class space:       64.00 MB reserved,      51.69 MB ( 81%) committed,  1 nodes.
      Class space:        1.00 GB reserved,       8.19 MB ( <1%) committed,  1 nodes.
             Both:        1.06 GB reserved,      59.88 MB (  6%) committed. 

Chunk freelists:
   Non-Class:  12.11 MB
       Class:  7.66 MB
        Both:  19.77 MB

MaxMetaspaceSize: unlimited
CompressedClassSpaceSize: 1.00 GB
Initial GC threshold: 21.00 MB
Current GC threshold: 88.56 MB
CDS: on
 - commit_granule_bytes: 65536.
 - commit_granule_words: 8192.
 - virtual_space_node_default_size: 8388608.
 - enlarge_chunks_in_place: 1.
 - use_allocation_guard: 0.


Internal statistics:

num_allocs_failed_limit: 6.
num_arena_births: 872.
num_arena_deaths: 0.
num_vsnodes_births: 2.
num_vsnodes_deaths: 0.
num_space_committed: 958.
num_space_uncommitted: 0.
num_chunks_returned_to_freelist: 6.
num_chunks_taken_from_freelist: 3021.
num_chunk_merges: 6.
num_chunk_splits: 2188.
num_chunks_enlarged: 1714.
num_inconsistent_stats: 0.

CodeHeap 'non-profiled nmethods': size=120000Kb used=3755Kb max_used=4423Kb free=116244Kb
 bounds [0x00000233a50a0000, 0x00000233a5500000, 0x00000233ac5d0000]
CodeHeap 'profiled nmethods': size=120000Kb used=9959Kb max_used=11416Kb free=110040Kb
 bounds [0x000002339d5d0000, 0x000002339e100000, 0x00000233a4b00000]
CodeHeap 'non-nmethods': size=5760Kb used=1602Kb max_used=1618Kb free=4157Kb
 bounds [0x00000233a4b00000, 0x00000233a4d70000, 0x00000233a50a0000]
 total_blobs=5639 nmethods=4983 adapters=559
 compilation: enabled
              stopped_count=0, restarted_count=0
 full_count=0

Compilation events (20 events):
Event: 80.723 Thread 0x00000233b1299710 nmethod 5832 0x000002339d714d90 code [0x000002339d714f40, 0x000002339d715088]
Event: 80.726 Thread 0x00000233b1299710 5833       3       net.bytebuddy.jar.asm.SymbolTable::get (13 bytes)
Event: 80.727 Thread 0x00000233b1299710 nmethod 5833 0x000002339d77ce10 code [0x000002339d77cfc0, 0x000002339d77d118]
Event: 80.733 Thread 0x00000233b1299710 5834       3       net.bytebuddy.implementation.bytecode.StackManipulation$Size::aggregate (13 bytes)
Event: 80.733 Thread 0x00000233b1299710 nmethod 5834 0x000002339d7a8690 code [0x000002339d7a8840, 0x000002339d7a8988]
Event: 80.734 Thread 0x00000233b1299710 5835       3       net.bytebuddy.description.type.TypeDescription$ForLoadedType::isPrimitive (8 bytes)
Event: 80.734 Thread 0x00000233b1299710 nmethod 5835 0x000002339d880390 code [0x000002339d880520, 0x000002339d880660]
Event: 80.734 Thread 0x00000233b1299710 5836       3       net.bytebuddy.description.type.TypeDescription$Generic$OfNonGenericType::isPrimitive (10 bytes)
Event: 80.734 Thread 0x00000233b1299710 nmethod 5836 0x000002339dce6a10 code [0x000002339dce6be0, 0x000002339dce6e70]
Event: 80.735 Thread 0x00000233b1299710 5837       1       net.bytebuddy.implementation.bytecode.member.FieldAccess$AccessDispatcher::access$000 (5 bytes)
Event: 80.735 Thread 0x00000233b1299710 nmethod 5837 0x00000233a5275890 code [0x00000233a5275a20, 0x00000233a5275ad0]
Event: 80.735 Thread 0x00000233b1299710 5838       3       net.bytebuddy.description.type.TypeDescription$ForLoadedType::getStackSize (8 bytes)
Event: 80.736 Thread 0x00000233b1299710 nmethod 5838 0x000002339dbc2b10 code [0x000002339dbc2ce0, 0x000002339dbc2f68]
Event: 80.736 Thread 0x00000233b1299710 5839       3       net.bytebuddy.jar.asm.SymbolTable::hash (10 bytes)
Event: 80.736 Thread 0x00000233b1299710 nmethod 5839 0x000002339d7f0790 code [0x000002339d7f0940, 0x000002339d7f0a70]
Event: 80.751 Thread 0x00000233b1299710 5840       3       net.bytebuddy.jar.asm.ByteVector::putShort (52 bytes)
Event: 80.751 Thread 0x00000233b1299710 nmethod 5840 0x000002339dc08110 code [0x000002339dc082c0, 0x000002339dc084c0]
Event: 80.869 Thread 0x00000233b1299710 5841       3       jdk.internal.org.objectweb.asm.Frame::getAbstractTypeFromDescriptor (415 bytes)
Event: 80.871 Thread 0x00000233b1299710 nmethod 5841 0x000002339da77a10 code [0x000002339da77dc0, 0x000002339da79840]
Event: 80.883 Thread 0x00000233b1274260 5842       4       java.lang.invoke.TypeConvertingMethodAdapter::descriptorToName (36 bytes)

GC Heap History (20 events):
Event: 3.078 GC heap before
{Heap before GC invocations=1 (full 0):
 garbage-first heap   total 131072K, used 23106K [0x0000000081400000, 0x0000000100000000)
  region size 1024K, 12 young (12288K), 2 survivors (2048K)
 Metaspace       used 2559K, committed 2752K, reserved 1114112K
  class space    used 252K, committed 320K, reserved 1048576K
}
Event: 3.088 GC heap after
{Heap after GC invocations=2 (full 0):
 garbage-first heap   total 131072K, used 16651K [0x0000000081400000, 0x0000000100000000)
  region size 1024K, 2 young (2048K), 2 survivors (2048K)
 Metaspace       used 2559K, committed 2752K, reserved 1114112K
  class space    used 252K, committed 320K, reserved 1048576K
}
Event: 4.047 GC heap before
{Heap before GC invocations=2 (full 0):
 garbage-first heap   total 131072K, used 35083K [0x0000000081400000, 0x0000000100000000)
  region size 1024K, 20 young (20480K), 2 survivors (2048K)
 Metaspace       used 7948K, committed 8128K, reserved 1114112K
  class space    used 898K, committed 960K, reserved 1048576K
}
Event: 4.054 GC heap after
{Heap after GC invocations=3 (full 0):
 garbage-first heap   total 131072K, used 16839K [0x0000000081400000, 0x0000000100000000)
  region size 1024K, 3 young (3072K), 3 survivors (3072K)
 Metaspace       used 7948K, committed 8128K, reserved 1114112K
  class space    used 898K, committed 960K, reserved 1048576K
}
Event: 16.575 GC heap before
{Heap before GC invocations=3 (full 0):
 garbage-first heap   total 131072K, used 68039K [0x0000000081400000, 0x0000000100000000)
  region size 1024K, 54 young (55296K), 3 survivors (3072K)
 Metaspace       used 21123K, committed 21504K, reserved 1114112K
  class space    used 2579K, committed 2752K, reserved 1048576K
}
Event: 16.592 GC heap after
{Heap after GC invocations=4 (full 0):
 garbage-first heap   total 131072K, used 21225K [0x0000000081400000, 0x0000000100000000)
  region size 1024K, 7 young (7168K), 7 survivors (7168K)
 Metaspace       used 21123K, committed 21504K, reserved 1114112K
  class space    used 2579K, committed 2752K, reserved 1048576K
}
Event: 19.890 GC heap before
{Heap before GC invocations=5 (full 0):
 garbage-first heap   total 68608K, used 52969K [0x0000000081400000, 0x0000000100000000)
  region size 1024K, 40 young (40960K), 7 survivors (7168K)
 Metaspace       used 25056K, committed 25408K, reserved 1114112K
  class space    used 2996K, committed 3136K, reserved 1048576K
}
Event: 19.920 GC heap after
{Heap after GC invocations=6 (full 0):
 garbage-first heap   total 68608K, used 23533K [0x0000000081400000, 0x0000000100000000)
  region size 1024K, 4 young (4096K), 4 survivors (4096K)
 Metaspace       used 25056K, committed 25408K, reserved 1114112K
  class space    used 2996K, committed 3136K, reserved 1048576K
}
Event: 24.861 GC heap before
{Heap before GC invocations=6 (full 0):
 garbage-first heap   total 68608K, used 52205K [0x0000000081400000, 0x0000000100000000)
  region size 1024K, 32 young (32768K), 4 survivors (4096K)
 Metaspace       used 27764K, committed 28096K, reserved 1114112K
  class space    used 3356K, committed 3520K, reserved 1048576K
}
Event: 24.879 GC heap after
{Heap after GC invocations=7 (full 0):
 garbage-first heap   total 68608K, used 25222K [0x0000000081400000, 0x0000000100000000)
  region size 1024K, 3 young (3072K), 3 survivors (3072K)
 Metaspace       used 27764K, committed 28096K, reserved 1114112K
  class space    used 3356K, committed 3520K, reserved 1048576K
}
Event: 31.770 GC heap before
{Heap before GC invocations=7 (full 0):
 garbage-first heap   total 68608K, used 54918K [0x0000000081400000, 0x0000000100000000)
  region size 1024K, 32 young (32768K), 3 survivors (3072K)
 Metaspace       used 31761K, committed 32192K, reserved 1114112K
  class space    used 4010K, committed 4224K, reserved 1048576K
}
Event: 31.785 GC heap after
{Heap after GC invocations=8 (full 0):
 garbage-first heap   total 68608K, used 27426K [0x0000000081400000, 0x0000000100000000)
  region size 1024K, 3 young (3072K), 3 survivors (3072K)
 Metaspace       used 31761K, committed 32192K, reserved 1114112K
  class space    used 4010K, committed 4224K, reserved 1048576K
}
Event: 41.831 GC heap before
{Heap before GC invocations=8 (full 0):
 garbage-first heap   total 68608K, used 49954K [0x0000000081400000, 0x0000000100000000)
  region size 1024K, 26 young (26624K), 3 survivors (3072K)
 Metaspace       used 35537K, committed 35968K, reserved 1114112K
  class space    used 4563K, committed 4736K, reserved 1048576K
}
Event: 41.847 GC heap after
{Heap after GC invocations=9 (full 0):
 garbage-first heap   total 68608K, used 29575K [0x0000000081400000, 0x0000000100000000)
  region size 1024K, 4 young (4096K), 4 survivors (4096K)
 Metaspace       used 35537K, committed 35968K, reserved 1114112K
  class space    used 4563K, committed 4736K, reserved 1048576K
}
Event: 54.749 GC heap before
{Heap before GC invocations=10 (full 0):
 garbage-first heap   total 68608K, used 59271K [0x0000000081400000, 0x0000000100000000)
  region size 1024K, 32 young (32768K), 4 survivors (4096K)
 Metaspace       used 40875K, committed 41472K, reserved 1114112K
  class space    used 5216K, committed 5504K, reserved 1048576K
}
Event: 54.771 GC heap after
{Heap after GC invocations=11 (full 0):
 garbage-first heap   total 68608K, used 32157K [0x0000000081400000, 0x0000000100000000)
  region size 1024K, 3 young (3072K), 3 survivors (3072K)
 Metaspace       used 40875K, committed 41472K, reserved 1114112K
  class space    used 5216K, committed 5504K, reserved 1048576K
}
Event: 66.480 GC heap before
{Heap before GC invocations=11 (full 0):
 garbage-first heap   total 68608K, used 58781K [0x0000000081400000, 0x0000000100000000)
  region size 1024K, 29 young (29696K), 3 survivors (3072K)
 Metaspace       used 47007K, committed 47552K, reserved 1114112K
  class space    used 6203K, committed 6464K, reserved 1048576K
}
Event: 66.489 GC heap after
{Heap after GC invocations=12 (full 0):
 garbage-first heap   total 68608K, used 33376K [0x0000000081400000, 0x0000000100000000)
  region size 1024K, 2 young (2048K), 2 survivors (2048K)
 Metaspace       used 47007K, committed 47552K, reserved 1114112K
  class space    used 6203K, committed 6464K, reserved 1048576K
}
Event: 77.263 GC heap before
{Heap before GC invocations=12 (full 0):
 garbage-first heap   total 68608K, used 60000K [0x0000000081400000, 0x0000000100000000)
  region size 1024K, 28 young (28672K), 2 survivors (2048K)
 Metaspace       used 53801K, committed 54400K, reserved 1114112K
  class space    used 7027K, committed 7296K, reserved 1048576K
}
Event: 77.272 GC heap after
{Heap after GC invocations=13 (full 0):
 garbage-first heap   total 68608K, used 35701K [0x0000000081400000, 0x0000000100000000)
  region size 1024K, 4 young (4096K), 4 survivors (4096K)
 Metaspace       used 53801K, committed 54400K, reserved 1114112K
  class space    used 7027K, committed 7296K, reserved 1048576K
}

Dll operation events (11 events):
Event: 0.310 Loaded shared library C:\Users\Shree\.p2\pool\plugins\org.eclipse.justj.openjdk.hotspot.jre.full.win32.x86_64_21.0.7.v20250502-0916\jre\bin\java.dll
Event: 0.902 Loaded shared library C:\Users\Shree\.p2\pool\plugins\org.eclipse.justj.openjdk.hotspot.jre.full.win32.x86_64_21.0.7.v20250502-0916\jre\bin\zip.dll
Event: 2.250 Loaded shared library C:\Users\Shree\.p2\pool\plugins\org.eclipse.justj.openjdk.hotspot.jre.full.win32.x86_64_21.0.7.v20250502-0916\jre\bin\net.dll
Event: 2.280 Loaded shared library C:\Users\Shree\.p2\pool\plugins\org.eclipse.justj.openjdk.hotspot.jre.full.win32.x86_64_21.0.7.v20250502-0916\jre\bin\nio.dll
Event: 2.284 Loaded shared library C:\Users\Shree\.p2\pool\plugins\org.eclipse.justj.openjdk.hotspot.jre.full.win32.x86_64_21.0.7.v20250502-0916\jre\bin\zip.dll
Event: 2.446 Loaded shared library C:\Users\Shree\.p2\pool\plugins\org.eclipse.justj.openjdk.hotspot.jre.full.win32.x86_64_21.0.7.v20250502-0916\jre\bin\jimage.dll
Event: 5.350 Loaded shared library C:\Users\Shree\.p2\pool\plugins\org.eclipse.justj.openjdk.hotspot.jre.full.win32.x86_64_21.0.7.v20250502-0916\jre\bin\extnet.dll
Event: 16.035 Loaded shared library C:\Users\Shree\.p2\pool\plugins\org.eclipse.justj.openjdk.hotspot.jre.full.win32.x86_64_21.0.7.v20250502-0916\jre\bin\sunmscapi.dll
Event: 42.784 Loaded shared library C:\Users\Shree\.p2\pool\plugins\org.eclipse.justj.openjdk.hotspot.jre.full.win32.x86_64_21.0.7.v20250502-0916\jre\bin\management.dll
Event: 42.789 Loaded shared library C:\Users\Shree\.p2\pool\plugins\org.eclipse.justj.openjdk.hotspot.jre.full.win32.x86_64_21.0.7.v20250502-0916\jre\bin\management_ext.dll
Event: 57.624 Loaded shared library C:\Users\Shree\.p2\pool\plugins\org.eclipse.justj.openjdk.hotspot.jre.full.win32.x86_64_21.0.7.v20250502-0916\jre\bin\verify.dll

Deoptimization events (20 events):
Event: 76.960 Thread 0x00000233979f6020 DEOPT PACKING pc=0x00000233a54e10c8 sp=0x000000cc042fe3a0
Event: 76.960 Thread 0x00000233979f6020 DEOPT UNPACKING pc=0x00000233a4b546a2 sp=0x000000cc042fe330 mode 2
Event: 76.969 Thread 0x00000233979f6020 Uncommon trap: trap_request=0xffffff45 fr.pc=0x00000233a50d9488 relative=0x00000000000000e8
Event: 76.969 Thread 0x00000233979f6020 Uncommon trap: reason=unstable_if action=reinterpret pc=0x00000233a50d9488 method=java.lang.Integer.stringSize(I)I @ 3 c2
Event: 76.969 Thread 0x00000233979f6020 DEOPT PACKING pc=0x00000233a50d9488 sp=0x000000cc042fdaf0
Event: 76.969 Thread 0x00000233979f6020 DEOPT UNPACKING pc=0x00000233a4b546a2 sp=0x000000cc042fda78 mode 2
Event: 76.969 Thread 0x00000233979f6020 Uncommon trap: trap_request=0xffffff45 fr.pc=0x00000233a51a2d54 relative=0x0000000000000214
Event: 76.969 Thread 0x00000233979f6020 Uncommon trap: reason=unstable_if action=reinterpret pc=0x00000233a51a2d54 method=java.lang.Integer.getChars(II[B)I @ 4 c2
Event: 76.969 Thread 0x00000233979f6020 DEOPT PACKING pc=0x00000233a51a2d54 sp=0x000000cc042fdad0
Event: 76.969 Thread 0x00000233979f6020 DEOPT UNPACKING pc=0x00000233a4b546a2 sp=0x000000cc042fda60 mode 2
Event: 77.043 Thread 0x00000233979f6020 Uncommon trap: trap_request=0xffffffc6 fr.pc=0x00000233a54e10c8 relative=0x0000000000000988
Event: 77.043 Thread 0x00000233979f6020 Uncommon trap: reason=bimorphic_or_optimized_type_check action=maybe_recompile pc=0x00000233a54e10c8 method=java.util.stream.StreamSpliterators$WrappingSpliterator.lambda$initPartialTraversalState$0()Z @ 8 c2
Event: 77.043 Thread 0x00000233979f6020 DEOPT PACKING pc=0x00000233a54e10c8 sp=0x000000cc042fe150
Event: 77.043 Thread 0x00000233979f6020 DEOPT UNPACKING pc=0x00000233a4b546a2 sp=0x000000cc042fe0e0 mode 2
Event: 77.169 Thread 0x00000233979f6020 DEOPT PACKING pc=0x000002339d689da5 sp=0x000000cc042fcec0
Event: 77.169 Thread 0x00000233979f6020 DEOPT UNPACKING pc=0x00000233a4b54e42 sp=0x000000cc042fc4a8 mode 0
Event: 80.863 Thread 0x00000233979f6020 Uncommon trap: trap_request=0xffffff45 fr.pc=0x00000233a537b2d4 relative=0x0000000000000af4
Event: 80.863 Thread 0x00000233979f6020 Uncommon trap: reason=unstable_if action=reinterpret pc=0x00000233a537b2d4 method=jdk.internal.org.objectweb.asm.Frame.getAbstractTypeFromDescriptor(Ljdk/internal/org/objectweb/asm/SymbolTable;Ljava/lang/String;I)I @ 189 c2
Event: 80.863 Thread 0x00000233979f6020 DEOPT PACKING pc=0x00000233a537b2d4 sp=0x000000cc042fc1f0
Event: 80.863 Thread 0x00000233979f6020 DEOPT UNPACKING pc=0x00000233a4b546a2 sp=0x000000cc042fc1c0 mode 2

Classes loaded (20 events):
Event: 77.536 Loading class javax/naming/StringRefAddr
Event: 77.536 Loading class javax/naming/StringRefAddr done
Event: 77.711 Loading class java/util/concurrent/CompletableFuture$AltResult
Event: 77.712 Loading class java/util/concurrent/CompletableFuture$AltResult done
Event: 77.712 Loading class java/util/concurrent/CompletableFuture$Completion
Event: 77.738 Loading class java/util/concurrent/CompletableFuture$AsynchronousCompletionTask
Event: 77.738 Loading class java/util/concurrent/CompletableFuture$AsynchronousCompletionTask done
Event: 77.738 Loading class java/util/concurrent/CompletableFuture$Completion done
Event: 78.227 Loading class java/util/concurrent/CancellationException
Event: 78.227 Loading class java/util/concurrent/CancellationException done
Event: 79.830 Loading class java/util/ArrayList$ListItr
Event: 79.840 Loading class java/util/ArrayList$ListItr done
Event: 80.199 Loading class java/util/AbstractList$SubList
Event: 80.199 Loading class java/util/AbstractList$SubList done
Event: 80.567 Loading class java/lang/reflect/AnnotatedArrayType
Event: 80.568 Loading class java/lang/reflect/AnnotatedArrayType done
Event: 80.836 Loading class java/lang/foreign/ValueLayout
Event: 80.836 Loading class java/lang/foreign/MemoryLayout
Event: 80.836 Loading class java/lang/foreign/MemoryLayout done
Event: 80.837 Loading class java/lang/foreign/ValueLayout done

Classes unloaded (0 events):
No events

Classes redefined (0 events):
No events

Internal exceptions (20 events):
Event: 43.729 Thread 0x00000233979f6020 Exception <a 'java/lang/IncompatibleClassChangeError'{0x0000000084cd6da8}: Found class java.lang.Object, but interface was expected> (0x0000000084cd6da8) 
thrown [s\src\hotspot\share\interpreter\linkResolver.cpp, line 840]
Event: 43.932 Thread 0x00000233979f6020 Exception <a 'java/lang/NoSuchMethodError'{0x0000000084a094d8}: 'java.lang.Object java.lang.invoke.DirectMethodHandle$Holder.invokeStatic(java.lang.Object, java.lang.Object, java.lang.Object, java.lang.Object, int, java.lang.Object)'> (0x0000000084a094d8) 
thrown [s\src\hotspot\share\interpreter\linkResolver.cpp, line 773]
Event: 43.933 Thread 0x00000233979f6020 Exception <a 'java/lang/NoSuchMethodError'{0x0000000084a10dc0}: 'java.lang.Object java.lang.invoke.DirectMethodHandle$Holder.newInvokeSpecial(java.lang.Object, java.lang.Object, java.lang.Object, java.lang.Object, int)'> (0x0000000084a10dc0) 
thrown [s\src\hotspot\share\interpreter\linkResolver.cpp, line 773]
Event: 43.933 Thread 0x00000233979f6020 Exception <a 'java/lang/NoSuchMethodError'{0x0000000084a15300}: 'java.lang.Object java.lang.invoke.DirectMethodHandle$Holder.invokeSpecial(java.lang.Object, java.lang.Object, java.lang.Object, java.lang.Object, java.lang.Object, int)'> (0x0000000084a15300) 
thrown [s\src\hotspot\share\interpreter\linkResolver.cpp, line 773]
Event: 43.934 Thread 0x00000233979f6020 Exception <a 'java/lang/NoSuchMethodError'{0x0000000084a190e0}: 'java.lang.Object java.lang.invoke.Invokers$Holder.linkToTargetMethod(java.lang.Object, java.lang.Object, java.lang.Object, int, java.lang.Object)'> (0x0000000084a190e0) 
thrown [s\src\hotspot\share\interpreter\linkResolver.cpp, line 773]
Event: 45.908 Thread 0x00000233979f6020 Exception <a 'java/lang/NoSuchMethodError'{0x00000000848bf1e0}: 'void java.lang.invoke.DirectMethodHandle$Holder.invokeInterface(java.lang.Object, java.lang.Object, int, java.lang.Object)'> (0x00000000848bf1e0) 
thrown [s\src\hotspot\share\interpreter\linkResolver.cpp, line 773]
Event: 45.908 Thread 0x00000233979f6020 Implicit null exception at 0x00000233a50b1417 to 0x00000233a50b1698
Event: 45.908 Thread 0x00000233979f6020 Exception <a 'java/lang/NoSuchMethodError'{0x00000000848c2e20}: 'void java.lang.invoke.DelegatingMethodHandle$Holder.reinvoke_L(java.lang.Object, java.lang.Object, int, java.lang.Object)'> (0x00000000848c2e20) 
thrown [s\src\hotspot\share\interpreter\linkResolver.cpp, line 773]
Event: 45.962 Thread 0x00000233979f6020 Exception <a 'java/lang/NoSuchMethodError'{0x000000008470a3b8}: 'int java.lang.invoke.DirectMethodHandle$Holder.invokeStaticInit(java.lang.Object, int, java.lang.Object, java.lang.Object, java.lang.Object, java.lang.Object)'> (0x000000008470a3b8) 
thrown [s\src\hotspot\share\interpreter\linkResolver.cpp, line 773]
Event: 46.351 Thread 0x00000233979f6020 Exception <a 'java/lang/NoSuchMethodError'{0x00000000847adfb0}: 'java.lang.Object java.lang.invoke.DirectMethodHandle$Holder.invokeStatic(java.lang.Object, java.lang.Object, int, java.lang.Object)'> (0x00000000847adfb0) 
thrown [s\src\hotspot\share\interpreter\linkResolver.cpp, line 773]
Event: 46.352 Thread 0x00000233979f6020 Exception <a 'java/lang/NoSuchMethodError'{0x00000000847b4610}: 'java.lang.Object java.lang.invoke.DirectMethodHandle$Holder.newInvokeSpecial(java.lang.Object, java.lang.Object, int)'> (0x00000000847b4610) 
thrown [s\src\hotspot\share\interpreter\linkResolver.cpp, line 773]
Event: 48.692 Thread 0x00000233979f6020 Exception <a 'java/lang/NoSuchMethodError'{0x00000000843109a8}: 'long java.lang.invoke.DirectMethodHandle$Holder.invokeVirtual(java.lang.Object, java.lang.Object)'> (0x00000000843109a8) 
thrown [s\src\hotspot\share\interpreter\linkResolver.cpp, line 773]
Event: 49.519 Thread 0x00000233979f6020 Exception <a 'java/lang/NoSuchMethodError'{0x000000008422bba8}: 'void java.lang.invoke.DirectMethodHandle$Holder.invokeVirtual(java.lang.Object, java.lang.Object, long)'> (0x000000008422bba8) 
thrown [s\src\hotspot\share\interpreter\linkResolver.cpp, line 773]
Event: 52.494 Thread 0x00000233979f6020 Exception <a 'java/lang/NoSuchMethodError'{0x00000000840d33d8}: 'java.lang.Object java.lang.invoke.DirectMethodHandle$Holder.newInvokeSpecial(java.lang.Object, java.lang.Object, java.lang.Object, java.lang.Object, java.lang.Object, java.lang.Object, java.lang.Object, java.lang.Object, java.lang.Object, java.lang.Object, java.lang.Object, java.lang.Object)'> (0x00000000840d33d8) 
thrown [s\src\hotspot\share\interpreter\linkResolver.cpp, line 773]
Event: 52.592 Thread 0x00000233979f6020 Exception <a 'java/lang/NoSuchMethodError'{0x00000000840d8158}: 'java.lang.Object java.lang.invoke.DirectMethodHandle$Holder.invokeSpecial(java.lang.Object, java.lang.Object, java.lang.Object, java.lang.Object, java.lang.Object, java.lang.Object, java.lang.Object, java.lang.Object, java.lang.Object, java.lang.Object, java.lang.Object, java.lang.Object, java.lang.Object)'> (0x00000000840d8158) 
thrown [s\src\hotspot\share\interpreter\linkResolver.cpp, line 773]
Event: 54.552 Thread 0x00000233979f6020 Exception <a 'java/lang/NoSuchMethodError'{0x00000000838e0698}: 'void java.lang.invoke.DelegatingMethodHandle$Holder.reinvoke_L(java.lang.Object, java.lang.Object, java.lang.Object, java.lang.Object, int, java.lang.Object, java.lang.Object, java.lang.Object)'> (0x00000000838e0698) 
thrown [s\src\hotspot\share\interpreter\linkResolver.cpp, line 773]
Event: 66.326 Thread 0x00000233979f6020 Implicit null exception at 0x00000233a52098b6 to 0x00000233a5209ee0
Event: 75.362 Thread 0x00000233979f6020 Exception <a 'java/lang/NoSuchMethodError'{0x0000000084931ad0}: 'int java.lang.invoke.Invokers$Holder.invokeExact_MT(java.lang.Object, java.lang.Object)'> (0x0000000084931ad0) 
thrown [s\src\hotspot\share\interpreter\linkResolver.cpp, line 773]
Event: 78.257 Thread 0x00000233979f6020 Exception <a 'java/lang/IncompatibleClassChangeError'{0x0000000085ae8920}: Found class java.lang.Object, but interface was expected> (0x0000000085ae8920) 
thrown [s\src\hotspot\share\interpreter\linkResolver.cpp, line 840]
Event: 78.350 Thread 0x00000233979f6020 Exception <a 'java/lang/NoSuchMethodError'{0x00000000859cb4f0}: 'java.lang.Object java.lang.invoke.DirectMethodHandle$Holder.invokeStaticInit(java.lang.Object, java.lang.Object, int, java.lang.Object)'> (0x00000000859cb4f0) 
thrown [s\src\hotspot\share\interpreter\linkResolver.cpp, line 773]

ZGC Phase Switch (0 events):
No events

VM Operations (20 events):
Event: 75.609 Executing VM operation: Cleanup
Event: 75.610 Executing VM operation: Cleanup done
Event: 76.612 Executing VM operation: Cleanup
Event: 76.612 Executing VM operation: Cleanup done
Event: 77.263 Executing VM operation: G1CollectForAllocation (G1 Evacuation Pause)
Event: 77.272 Executing VM operation: G1CollectForAllocation (G1 Evacuation Pause) done
Event: 77.402 Executing VM operation: G1PauseRemark
Event: 77.421 Executing VM operation: G1PauseRemark done
Event: 77.456 Executing VM operation: G1PauseCleanup
Event: 77.456 Executing VM operation: G1PauseCleanup done
Event: 78.456 Executing VM operation: Cleanup
Event: 78.456 Executing VM operation: Cleanup done
Event: 79.463 Executing VM operation: Cleanup
Event: 79.463 Executing VM operation: Cleanup done
Event: 79.825 Executing VM operation: HandshakeAllThreads (Deoptimize)
Event: 79.825 Executing VM operation: HandshakeAllThreads (Deoptimize) done
Event: 79.841 Executing VM operation: HandshakeAllThreads (Deoptimize)
Event: 79.842 Executing VM operation: HandshakeAllThreads (Deoptimize) done
Event: 80.104 Executing VM operation: HandshakeAllThreads (Deoptimize)
Event: 80.104 Executing VM operation: HandshakeAllThreads (Deoptimize) done

Memory protections (0 events):
No events

Nmethod flushes (20 events):
Event: 77.419 Thread 0x00000233979dd110 flushing  nmethod 0x000002339dbb8810
Event: 77.419 Thread 0x00000233979dd110 flushing  nmethod 0x000002339dc73e90
Event: 77.419 Thread 0x00000233979dd110 flushing  nmethod 0x000002339dc7c390
Event: 77.419 Thread 0x00000233979dd110 flushing  nmethod 0x000002339dda1090
Event: 77.419 Thread 0x00000233979dd110 flushing  nmethod 0x000002339dda3910
Event: 77.419 Thread 0x00000233979dd110 flushing  nmethod 0x000002339ddaa790
Event: 77.419 Thread 0x00000233979dd110 flushing  nmethod 0x000002339ddc8f10
Event: 77.419 Thread 0x00000233979dd110 flushing  nmethod 0x000002339ddc9990
Event: 77.419 Thread 0x00000233979dd110 flushing  nmethod 0x000002339ddcbd90
Event: 77.419 Thread 0x00000233979dd110 flushing  nmethod 0x000002339de28890
Event: 77.419 Thread 0x00000233979dd110 flushing  nmethod 0x000002339de2af10
Event: 77.419 Thread 0x00000233979dd110 flushing osr nmethod 0x000002339de48690
Event: 77.419 Thread 0x00000233979dd110 flushing  nmethod 0x000002339de6db10
Event: 77.419 Thread 0x00000233979dd110 flushing  nmethod 0x000002339de6e410
Event: 77.419 Thread 0x00000233979dd110 flushing  nmethod 0x000002339de7f710
Event: 77.419 Thread 0x00000233979dd110 flushing  nmethod 0x000002339de86f10
Event: 77.419 Thread 0x00000233979dd110 flushing  nmethod 0x000002339de88310
Event: 77.419 Thread 0x00000233979dd110 flushing  nmethod 0x000002339de90f10
Event: 77.419 Thread 0x00000233979dd110 flushing  nmethod 0x000002339df8c590
Event: 77.419 Thread 0x00000233979dd110 flushing  nmethod 0x000002339df90890

Events (20 events):
Event: 16.249 Thread 0x00000233f7820300 Thread exited: 0x00000233f7820300
Event: 18.026 Thread 0x00000233979f6020 Thread added: 0x00000233b162f600
Event: 18.335 Thread 0x00000233b162f600 Thread exited: 0x00000233b162f600
Event: 18.643 Thread 0x00000233b1274260 Thread added: 0x00000233f8c2b370
Event: 19.654 Thread 0x00000233f8c2b370 Thread exited: 0x00000233f8c2b370
Event: 23.005 Thread 0x00000233b1299710 Thread added: 0x00000233f7a77160
Event: 23.943 Thread 0x00000233f7a77160 Thread exited: 0x00000233f7a77160
Event: 29.158 Thread 0x00000233b1299710 Thread added: 0x00000233f8565f00
Event: 29.521 Thread 0x00000233f8565f00 Thread exited: 0x00000233f8565f00
Event: 32.025 Thread 0x00000233b1299710 Thread added: 0x00000233f8ea2a80
Event: 32.280 Thread 0x00000233f8ea2a80 Thread exited: 0x00000233f8ea2a80
Event: 33.464 Thread 0x00000233b1274260 Thread added: 0x00000233f7d58f80
Event: 33.605 Thread 0x00000233f7d58f80 Thread exited: 0x00000233f7d58f80
Event: 49.060 Thread 0x00000233979f6020 Thread added: 0x00000233f8e72370
Event: 49.063 Thread 0x00000233979f6020 Thread added: 0x00000233f9e14050
Event: 49.070 Thread 0x00000233979f6020 Thread added: 0x00000233f92bcca0
Event: 51.879 Thread 0x00000233979f6020 Thread added: 0x00000233f92bd300
Event: 71.435 Thread 0x00000233979f6020 Thread added: 0x00000233f8823030
Event: 71.583 Thread 0x00000233f8823030 Thread added: 0x00000233f8823690
Event: 78.178 Thread 0x00000233f8823690 Thread exited: 0x00000233f8823690


Dynamic libraries:
0x00007ff6d93b0000 - 0x00007ff6d93be000 	C:\Users\Shree\.p2\pool\plugins\org.eclipse.justj.openjdk.hotspot.jre.full.win32.x86_64_21.0.7.v20250502-0916\jre\bin\javaw.exe
0x00007ffed6e70000 - 0x00007ffed7068000 	C:\WINDOWS\SYSTEM32\ntdll.dll
0x00007ffed6a20000 - 0x00007ffed6ae2000 	C:\WINDOWS\System32\KERNEL32.DLL
0x00007ffed49d0000 - 0x00007ffed4cc6000 	C:\WINDOWS\System32\KERNELBASE.dll
0x00007ffed4d60000 - 0x00007ffed4e60000 	C:\WINDOWS\System32\ucrtbase.dll
0x00007ffeb3ed0000 - 0x00007ffeb3eee000 	C:\Users\Shree\.p2\pool\plugins\org.eclipse.justj.openjdk.hotspot.jre.full.win32.x86_64_21.0.7.v20250502-0916\jre\bin\VCRUNTIME140.dll
0x00007ffebbd40000 - 0x00007ffebbd58000 	C:\Users\Shree\.p2\pool\plugins\org.eclipse.justj.openjdk.hotspot.jre.full.win32.x86_64_21.0.7.v20250502-0916\jre\bin\jli.dll
0x00007ffed5570000 - 0x00007ffed5711000 	C:\WINDOWS\System32\USER32.dll
0x00007ffec2100000 - 0x00007ffec239b000 	C:\WINDOWS\WinSxS\amd64_microsoft.windows.common-controls_6595b64144ccf1df_6.0.19041.6456_none_60b8a6cb71f64256\COMCTL32.dll
0x00007ffed4500000 - 0x00007ffed4522000 	C:\WINDOWS\System32\win32u.dll
0x00007ffed6b50000 - 0x00007ffed6bee000 	C:\WINDOWS\System32\msvcrt.dll
0x00007ffed6c10000 - 0x00007ffed6c3b000 	C:\WINDOWS\System32\GDI32.dll
0x00007ffed47b0000 - 0x00007ffed48c9000 	C:\WINDOWS\System32\gdi32full.dll
0x00007ffed4530000 - 0x00007ffed45cd000 	C:\WINDOWS\System32\msvcp_win.dll
0x00007ffed6940000 - 0x00007ffed696f000 	C:\WINDOWS\System32\IMM32.DLL
0x00007ffebaff0000 - 0x00007ffebaffc000 	C:\Users\Shree\.p2\pool\plugins\org.eclipse.justj.openjdk.hotspot.jre.full.win32.x86_64_21.0.7.v20250502-0916\jre\bin\vcruntime140_1.dll
0x00007ffea81a0000 - 0x00007ffea822d000 	C:\Users\Shree\.p2\pool\plugins\org.eclipse.justj.openjdk.hotspot.jre.full.win32.x86_64_21.0.7.v20250502-0916\jre\bin\msvcp140.dll
0x00007ffe6c820000 - 0x00007ffe6d5b0000 	C:\Users\Shree\.p2\pool\plugins\org.eclipse.justj.openjdk.hotspot.jre.full.win32.x86_64_21.0.7.v20250502-0916\jre\bin\server\jvm.dll
0x00007ffed5720000 - 0x00007ffed57d1000 	C:\WINDOWS\System32\ADVAPI32.dll
0x00007ffed5320000 - 0x00007ffed53bf000 	C:\WINDOWS\System32\sechost.dll
0x00007ffed6450000 - 0x00007ffed6570000 	C:\WINDOWS\System32\RPCRT4.dll
0x00007ffed4e60000 - 0x00007ffed4e87000 	C:\WINDOWS\System32\bcrypt.dll
0x00007ffed6c40000 - 0x00007ffed6cab000 	C:\WINDOWS\System32\WS2_32.dll
0x00007ffed42b0000 - 0x00007ffed42fb000 	C:\WINDOWS\SYSTEM32\POWRPROF.dll
0x00007ffec6d20000 - 0x00007ffec6d2a000 	C:\WINDOWS\SYSTEM32\VERSION.dll
0x00007ffec23f0000 - 0x00007ffec2417000 	C:\WINDOWS\SYSTEM32\WINMM.dll
0x00007ffed4290000 - 0x00007ffed42a2000 	C:\WINDOWS\SYSTEM32\UMPDC.dll
0x00007ffed2d10000 - 0x00007ffed2d22000 	C:\WINDOWS\SYSTEM32\kernel.appcore.dll
0x00007ffecde40000 - 0x00007ffecde4a000 	C:\Users\Shree\.p2\pool\plugins\org.eclipse.justj.openjdk.hotspot.jre.full.win32.x86_64_21.0.7.v20250502-0916\jre\bin\jimage.dll
0x00007ffed2200000 - 0x00007ffed2401000 	C:\WINDOWS\SYSTEM32\DBGHELP.DLL
0x00007ffec23a0000 - 0x00007ffec23d4000 	C:\WINDOWS\SYSTEM32\dbgcore.DLL
0x00007ffed4cd0000 - 0x00007ffed4d52000 	C:\WINDOWS\System32\bcryptPrimitives.dll
0x00007ffebbdb0000 - 0x00007ffebbdcf000 	C:\Users\Shree\.p2\pool\plugins\org.eclipse.justj.openjdk.hotspot.jre.full.win32.x86_64_21.0.7.v20250502-0916\jre\bin\java.dll
0x00007ffed5c50000 - 0x00007ffed63c0000 	C:\WINDOWS\System32\SHELL32.dll
0x00007ffed2410000 - 0x00007ffed2bb5000 	C:\WINDOWS\SYSTEM32\windows.storage.dll
0x00007ffed4fb0000 - 0x00007ffed5304000 	C:\WINDOWS\System32\combase.dll
0x00007ffed3ec0000 - 0x00007ffed3eeb000 	C:\WINDOWS\SYSTEM32\Wldp.dll
0x00007ffed54a0000 - 0x00007ffed556d000 	C:\WINDOWS\System32\OLEAUT32.dll
0x00007ffed4f00000 - 0x00007ffed4fad000 	C:\WINDOWS\System32\SHCORE.dll
0x00007ffed6cb0000 - 0x00007ffed6d0b000 	C:\WINDOWS\System32\shlwapi.dll
0x00007ffed4430000 - 0x00007ffed4454000 	C:\WINDOWS\SYSTEM32\profapi.dll
0x00007ffeb4df0000 - 0x00007ffeb4e08000 	C:\Users\Shree\.p2\pool\plugins\org.eclipse.justj.openjdk.hotspot.jre.full.win32.x86_64_21.0.7.v20250502-0916\jre\bin\zip.dll
0x00007ffebbee0000 - 0x00007ffebbef0000 	C:\Users\Shree\.p2\pool\plugins\org.eclipse.justj.openjdk.hotspot.jre.full.win32.x86_64_21.0.7.v20250502-0916\jre\bin\net.dll
0x00007ffec6f60000 - 0x00007ffec706a000 	C:\WINDOWS\SYSTEM32\WINHTTP.dll
0x00007ffed3bb0000 - 0x00007ffed3c1a000 	C:\WINDOWS\system32\mswsock.dll
0x00007ffeb4dd0000 - 0x00007ffeb4de6000 	C:\Users\Shree\.p2\pool\plugins\org.eclipse.justj.openjdk.hotspot.jre.full.win32.x86_64_21.0.7.v20250502-0916\jre\bin\nio.dll
0x00007ffed38d0000 - 0x00007ffed399a000 	C:\WINDOWS\SYSTEM32\DNSAPI.dll
0x00007ffed3890000 - 0x00007ffed38cb000 	C:\WINDOWS\SYSTEM32\IPHLPAPI.DLL
0x00007ffed5310000 - 0x00007ffed5318000 	C:\WINDOWS\System32\NSI.dll
0x00007ffec60b0000 - 0x00007ffec60ba000 	C:\Windows\System32\rasadhlp.dll
0x00007ffec6130000 - 0x00007ffec61b0000 	C:\WINDOWS\System32\fwpuclnt.dll
0x00007ffeba2d0000 - 0x00007ffeba2d9000 	C:\Users\Shree\.p2\pool\plugins\org.eclipse.justj.openjdk.hotspot.jre.full.win32.x86_64_21.0.7.v20250502-0916\jre\bin\extnet.dll
0x00007ffebb400000 - 0x00007ffebb40e000 	C:\Users\Shree\.p2\pool\plugins\org.eclipse.justj.openjdk.hotspot.jre.full.win32.x86_64_21.0.7.v20250502-0916\jre\bin\sunmscapi.dll
0x00007ffed4650000 - 0x00007ffed47ad000 	C:\WINDOWS\System32\CRYPT32.dll
0x00007ffed3f30000 - 0x00007ffed3f57000 	C:\WINDOWS\SYSTEM32\ncrypt.dll
0x00007ffed3ef0000 - 0x00007ffed3f2b000 	C:\WINDOWS\SYSTEM32\NTASN1.dll
0x00007ffed3e10000 - 0x00007ffed3e28000 	C:\WINDOWS\SYSTEM32\CRYPTSP.dll
0x00007ffed34d0000 - 0x00007ffed3508000 	C:\WINDOWS\system32\rsaenh.dll
0x00007ffed43b0000 - 0x00007ffed43de000 	C:\WINDOWS\SYSTEM32\USERENV.dll
0x00007ffed3e30000 - 0x00007ffed3e3c000 	C:\WINDOWS\SYSTEM32\CRYPTBASE.dll
0x00007ffec40c0000 - 0x00007ffec40ca000 	C:\Users\Shree\.p2\pool\plugins\org.eclipse.justj.openjdk.hotspot.jre.full.win32.x86_64_21.0.7.v20250502-0916\jre\bin\management.dll
0x00007ffeba4f0000 - 0x00007ffeba4fb000 	C:\Users\Shree\.p2\pool\plugins\org.eclipse.justj.openjdk.hotspot.jre.full.win32.x86_64_21.0.7.v20250502-0916\jre\bin\management_ext.dll
0x00007ffed4e90000 - 0x00007ffed4e98000 	C:\WINDOWS\System32\PSAPI.DLL
0x00007ffebbcf0000 - 0x00007ffebbd00000 	C:\Users\Shree\.p2\pool\plugins\org.eclipse.justj.openjdk.hotspot.jre.full.win32.x86_64_21.0.7.v20250502-0916\jre\bin\verify.dll

dbghelp: loaded successfully - version: 4.0.5 - missing functions: none
symbol engine: initialized successfully - sym options: 0x614 - pdb path: .;C:\Users\Shree\.p2\pool\plugins\org.eclipse.justj.openjdk.hotspot.jre.full.win32.x86_64_21.0.7.v20250502-0916\jre\bin;C:\WINDOWS\SYSTEM32;C:\WINDOWS\WinSxS\amd64_microsoft.windows.common-controls_6595b64144ccf1df_6.0.19041.6456_none_60b8a6cb71f64256;C:\Users\Shree\.p2\pool\plugins\org.eclipse.justj.openjdk.hotspot.jre.full.win32.x86_64_21.0.7.v20250502-0916\jre\bin\server

VM Arguments:
jvm_args: -Dfile.encoding=UTF-8 -Dstdout.encoding=UTF-8 -Dstderr.encoding=UTF-8 -XX:+ShowCodeDetailsInExceptionMessages 
java_command: com.ecommerce.inventoryservice.InventoryServiceApplication
java_class_path (initial): G:\Ecommerce-Backend\SpringBootProj01\ecommerc_microservices\InventoryService\target\classes;C:\Users\Shree\.m2\repository\org\springframework\boot\spring-boot-starter-web\3.5.6\spring-boot-starter-web-3.5.6.jar;C:\Users\Shree\.m2\repository\org\springframework\boot\spring-boot-starter\3.5.6\spring-boot-starter-3.5.6.jar;C:\Users\Shree\.m2\repository\org\springframework\boot\spring-boot-autoconfigure\3.5.6\spring-boot-autoconfigure-3.5.6.jar;C:\Users\Shree\.m2\repository\org\springframework\boot\spring-boot-starter-logging\3.5.6\spring-boot-starter-logging-3.5.6.jar;C:\Users\Shree\.m2\repository\org\apache\logging\log4j\log4j-to-slf4j\2.24.3\log4j-to-slf4j-2.24.3.jar;C:\Users\Shree\.m2\repository\org\apache\logging\log4j\log4j-api\2.24.3\log4j-api-2.24.3.jar;C:\Users\Shree\.m2\repository\org\slf4j\jul-to-slf4j\2.0.17\jul-to-slf4j-2.0.17.jar;C:\Users\Shree\.m2\repository\jakarta\annotation\jakarta.annotation-api\2.1.1\jakarta.annotation-api-2.1.1.jar;C:\Users\Shree\.m2\repository\org\yaml\snakeyaml\2.4\snakeyaml-2.4.jar;C:\Users\Shree\.m2\repository\org\springframework\boot\spring-boot-starter-json\3.5.6\spring-boot-starter-json-3.5.6.jar;C:\Users\Shree\.m2\repository\com\fasterxml\jackson\datatype\jackson-datatype-jdk8\2.19.2\jackson-datatype-jdk8-2.19.2.jar;C:\Users\Shree\.m2\repository\com\fasterxml\jackson\datatype\jackson-datatype-jsr310\2.19.2\jackson-datatype-jsr310-2.19.2.jar;C:\Users\Shree\.m2\repository\com\fasterxml\jackson\module\jackson-module-parameter-names\2.19.2\jackson-module-parameter-names-2.19.2.jar;C:\Users\Shree\.m2\repository\org\springframework\boot\spring-boot-starter-tomcat\3.5.6\spring-boot-starter-tomcat-3.5.6.jar;C:\Users\Shree\.m2\repository\org\apache\tomcat\embed\tomcat-embed-core\10.1.46\tomcat-embed-core-10.1.46.jar;C:\Users\Shree\.m2\repository\org\apache\tomcat\embed\tomcat-embed-el\10.1.46\tomcat-embed-el-10.1.46.jar;C:\Users\Shree\.m2\repository\org\apache\tomcat\embed\tomcat-embed-websocket\10.1.46\tomcat-embed-websocket-10.1.46.jar;C:\Users\Shree\.m2\repository\org\springframework\spring-web\6.2.11\spring-web-6.2.11.jar;C:\Users\Shree\.m2\repository\org\springframework\spring-beans\6.2.11\spring-beans-6.2.11.jar;C:\Users\Shree\.m2\repository\org\springframework\spring-webmvc\6.2.11\spring-webmvc-6.2.11.jar;C:\Users\Shree\.m2\repository\org\springframework\spring-aop\6.2.11\spring-aop-6.2.11.jar;C:\Users\Shree\.m2\repository\org\springframework\spring-expression\6.2.11\spring-expression-6.2.11.jar;G:\Ecommerce-Backend\SpringBootProj01\ecommerc_microservices\common_modules\target\classes;C:\Users\Shree\.m2\repository\org\slf4j\slf4j-api\2.0.17\slf4j-api-2.0.17.jar;C:\Users\Shree\.m2\repository\jakarta\xml\bind\jakarta.xml.bind-api\4.0.2\jakarta.xml.bind-api-4.0.2.jar;C:\Users\Shree\.m2\repository\jakarta\activation\jakarta.activation-api\2.1.4\jakarta.activation-api-2.1.4.jar;C:\Users\Shree\.m2\repository\net\bytebuddy\byte-buddy\1.17.7\byte-buddy-1.17.7.jar;C:\Users\Shree\.m2\repository\org\springframework\spring-core\6.2.11\spring-core-6.2.11.jar;C:\Users\Shree\.m2\repository\org\springframework\spring-jcl\6.2.11\spring-jcl-6.2.11.jar;C:\Users\Shree\.m2\repository\org\springframework\boot\spring-boot\3.5.6\spring-boot-3.5.6.jar;C:\Users\Shree\.m2\repository\org\springframework\spring-context\6.2.11\spring-context-6.2.11.jar;C:\Users\Shree\.m2\repository\org\springframework\kafka\spring-kafka\3.3.10\spring-kafka-3.3.10.jar;C:\Users\Shree\.m2\repository\org\springframework\spring-messaging\6.2.11\spring-messaging-6.2.11.jar;C:\Users\Shree\.m2\repository\org\springframework\spring-tx\6.2.11\spring-tx-6.2.11.jar;C:\Users\Shree\.m2\repository\org\springframework\retry\spring-retry\2.0.10\spring-retry-2.0.10.jar;C:\Users\Shree\.m2\repository\org\apache\kafka\kafka-clients\3.9.1\kafka-clients-3.9.1.jar;C:\Users\Shree\.m2\repository\com\github\luben\zstd-jni\1.5.6-4\zstd-jni-1.5.6-4.jar;C:\Users\Shree\.m2\repository\org\lz4\lz4-java\1.8.0\lz4-java-1.8.0.jar;C:\Users\Shree\.m2\repository\org\xerial\snappy\snappy-java\1.1.10.5\snappy-java-1.1.10.5.jar;C:\Users\Shree\.m2\repository\io\micrometer\micrometer-observation\1.15.4\micrometer-observation-1.15.4.jar;C:\Users\Shree\.m2\repository\io\micrometer\micrometer-commons\1.15.4\micrometer-commons-1.15.4.jar;C:\Users\Shree\.m2\repository\com\mysql\mysql-connector-j\9.4.0\mysql-connector-j-9.4.0.jar;C:\Users\Shree\.m2\repository\org\springframework\cloud\spring-cloud-starter-netflix-eureka-client\4.3.0\spring-cloud-starter-netflix-eureka-client-4.3.0.jar;C:\Users\Shree\.m2\repository\org\springframework\cloud\spring-cloud-starter\4.3.0\spring-cloud-starter-4.3.0.jar;C:\Users\Shree\.m2\repository\org\springframework\cloud\spring-cloud-context\4.3.0\spring-cloud-context-4.3.0.jar;C:\Users\Shree\.m2\repository\org\springframework\security\spring-security-crypto\6.5.5\spring-security-crypto-6.5.5.jar;C:\Users\Shree\.m2\repository\org\springframework\cloud\spring-cloud-commons\4.3.0\spring-cloud-commons-4.3.0.jar;C:\Users\Shree\.m2\repository\org\bouncycastle\bcprov-jdk18on\1.80\bcprov-jdk18on-1.80.jar;C:\Users\Shree\.m2\repository\org\springframework\cloud\spring-cloud-netflix-eureka-client\4.3.0\spring-cloud-netflix-eureka-client-4.3.0.jar;C:\Users\Shree\.m2\repository\org\apache\httpcomponents\client5\httpclient5\5.5\httpclient5-5.5.jar;C:\Users\Shree\.m2\repository\org\apache\httpcomponents\core5\httpcore5\5.3.5\httpcore5-5.3.5.jar;C:\Users\Shree\.m2\repository\org\apache\httpcomponents\core5\httpcore5-h2\5.3.5\httpcore5-h2-5.3.5.jar;C:\Users\Shree\.m2\repository\com\netflix\eureka\eureka-client\2.0.4\eureka-client-2.0.4.jar;C:\Users\Shree\.m2\repository\com\thoughtworks\xstream\xstream\1.4.20\xstream-1.4.20.jar;C:\Users\Shree\.m2\repository\io\github\x-stream\mxparser\1.2.2\mxparser-1.2.2.jar;C:\Users\Shree\.m2\repository\xmlpull\xmlpull\1.1.3.1\xmlpull-1.1.3.1.jar;C:\Users\Shree\.m2\repository\jakarta\ws\rs\jakarta.ws.rs-api\3.1.0\jakarta.ws.rs-api-3.1.0.jar;C:\Users\Shree\.m2\repository\jakarta\inject\jakarta.inject-api\2.0.1\jakarta.inject-api-2.0.1.jar;C:\Users\Shree\.m2\repository\com\netflix\spectator\spectator-api\1.7.3\spectator-api-1.7.3.jar;C:\Users\Shree\.m2\repository\org\apache\httpcomponents\httpclient\4.5.3\httpclient-4.5.3.jar;C:\Users\Shree\.m2\repository\org\apache\httpcomponents\httpcore\4.4.16\httpcore-4.4.16.jar;C:\Users\Shree\.m2\repository\commons-codec\commons-codec\1.18.0\commons-codec-1.18.0.jar;C:\Users\Shree\.m2\repository\commons-configuration\commons-configuration\1.10\commons-configuration-1.10.jar;C:\Users\Shree\.m2\repository\commons-lang\commons-lang\2.6\commons-lang-2.6.jar;C:\Users\Shree\.m2\repository\com\fasterxml\jackson\core\jackson-annotations\2.19.2\jackson-annotations-2.19.2.jar;C:\Users\Shree\.m2\repository\com\fasterxml\jackson\core\jackson-core\2.19.2\jackson-core-2.19.2.jar;C:\Users\Shree\.m2\repository\com\netflix\netflix-commons\netflix-eventbus\0.3.0\netflix-eventbus-0.3.0.jar;C:\Users\Shree\.m2\repository\com\netflix\netflix-commons\netflix-infix\0.3.0\netflix-infix-0.3.0.jar;C:\Users\Shree\.m2\repository\commons-jxpath\commons-jxpath\1.3\commons-jxpath-1.3.jar;C:\Users\Shree\.m2\repository\joda-time\joda-time\2.3\joda-time-2.3.jar;C:\Users\Shree\.m2\repository\org\antlr\antlr-runtime\3.4\antlr-runtime-3.4.jar;C:\Users\Shree\.m2\repository\org\antlr\stringtemplate\3.2.1\stringtemplate-3.2.1.jar;C:\Users\Shree\.m2\repository\antlr\antlr\2.7.7\antlr-2.7.7.jar;C:\Users\Shree\.m2\repository\com\google\guava\guava\14.0.1\guava-14.0.1.jar;C:\Users\Shree\.m2\repository\com\google\code\gson\gson\2.13.2\gson-2.13.2.jar;C:\Users\Shree\.m2\repository\com\netflix\servo\servo-core\0.5.3\servo-core-0.5.3.jar;C:\Users\Shree\.m2\repository\org\apache\commons\commons-math\2.2\commons-math-2.2.jar;C:\Users\Shree\.m2\repository\javax\annotation\javax.annotation-api\1.2\javax.annotation-api-1.2.jar;C:\Users\Shree\.m2\repository\org\codehaus\jettison\jettison\1.5.4\jettison-1.5.4.jar;C:\Users\Shree\.m2\repository\org\springframework\cloud\spring-cloud-starter-loadbalancer\4.3.0\spring-cloud-starter-loadbalancer-4.3.0.jar;C:\Users\Shree\.m2\repository\org\springframework\cloud\spring-cloud-loadbalancer\4.3.0\spring-cloud-loadbalancer-4.3.0.jar;C:\Users\Shree\.m2\repository\io\projectreactor\reactor-core\3.7.11\reactor-core-3.7.11.jar;C:\Users\Shree\.m2\repository\org\reactivestreams\reactive-streams\1.0.4\reactive-streams-1.0.4.jar;C:\Users\Shree\.m2\repository\io\projectreactor\addons\reactor-extra\3.5.3\reactor-extra-3.5.3.jar;C:\Users\Shree\.m2\repository\org\springframework\boot\spring-boot-starter-cache\3.5.6\spring-boot-starter-cache-3.5.6.jar;C:\Users\Shree\.m2\repository\org\springframework\spring-context-support\6.2.11\spring-context-support-6.2.11.jar;C:\Users\Shree\.m2\repository\com\stoyanr\evictor\1.0.0\evictor-1.0.0.jar;C:\Users\Shree\.m2\repository\org\springframework\cloud\spring-cloud-starter-config\4.3.0\spring-cloud-starter-config-4.3.0.jar;C:\Users\Shree\.m2\repository\org\springframework\cloud\spring-cloud-config-client\4.3.0\spring-cloud-config-client-4.3.0.jar;C:\Users\Shree\.m2\repository\com\fasterxml\jackson\core\jackson-databind\2.19.2\jackson-databind-2.19.2.jar;C:\Users\Shree\.m2\repository\org\projectlombok\lombok\1.18.40\lombok-1.18.40.jar;C:\Users\Shree\.m2\repository\ch\qos\logback\logback-core\1.5.18\logback-core-1.5.18.jar;C:\Users\Shree\.m2\repository\ch\qos\logback\logback-classic\1.5.18\logback-classic-1.5.18.jar;C:\Users\Shree\.m2\repository\com\google\errorprone\error_prone_annotations\2.40.0\error_prone_annotations-2.40.0.jar;C:\Users\Shree\.m2\repository\org\springframework\boot\spring-boot-starter-actuator\3.5.6\spring-boot-starter-actuator-3.5.6.jar;C:\Users\Shree\.m2\repository\org\springframework\boot\spring-boot-actuator-autoconfigure\3.5.6\spring-boot-actuator-autoconfigure-3.5.6.jar;C:\Users\Shree\.m2\repository\org\springframework\boot\spring-boot-actuator\3.5.6\spring-boot-actuator-3.5.6.jar;C:\Users\Shree\.m2\repository\io\micrometer\micrometer-jakarta9\1.15.4\micrometer-jakarta9-1.15.4.jar;C:\Users\Shree\.m2\repository\io\micrometer\micrometer-core\1.15.4\micrometer-core-1.15.4.jar;C:\Users\Shree\.m2\repository\org\hdrhistogram\HdrHistogram\2.2.2\HdrHistogram-2.2.2.jar;C:\Users\Shree\.m2\repository\org\latencyutils\LatencyUtils\2.0.3\LatencyUtils-2.0.3.jar;C:\Users\Shree\.m2\repository\org\springframework\boot\spring-boot-starter-data-jpa\3.5.6\spring-boot-starter-data-jpa-3.5.6.jar;C:\Users\Shree\.m2\repository\org\springframework\boot\spring-boot-starter-jdbc\3.5.6\spring-boot-starter-jdbc-3.5.6.jar;C:\Users\Shree\.m2\repository\com\zaxxer\HikariCP\6.3.3\HikariCP-6.3.3.jar;C:\Users\Shree\.m2\repository\org\springframework\spring-jdbc\6.2.11\spring-jdbc-6.2.11.jar;C:\Users\Shree\.m2\repository\org\hibernate\orm\hibernate-core\6.6.29.Final\hibernate-core-6.6.29.Final.jar;C:\Users\Shree\.m2\repository\jakarta\persistence\jakarta.persistence-api\3.1.0\jakarta.persistence-api-3.1.0.jar;C:\Users\Shree\.m2\repository\jakarta\transaction\jakarta.transaction-api\2.0.1\jakarta.transaction-api-2.0.1.jar;C:\Users\Shree\.m2\repository\org\jboss\logging\jboss-logging\3.6.1.Final\jboss-logging-3.6.1.Final.jar;C:\Users\Shree\.m2\repository\org\hibernate\common\hibernate-commons-annotations\7.0.3.Final\hibernate-commons-annotations-7.0.3.Final.jar;C:\Users\Shree\.m2\repository\io\smallrye\jandex\3.2.0\jandex-3.2.0.jar;C:\Users\Shree\.m2\repository\com\fasterxml\classmate\1.7.0\classmate-1.7.0.jar;C:\Users\Shree\.m2\repository\org\glassfish\jaxb\jaxb-runtime\4.0.5\jaxb-runtime-4.0.5.jar;C:\Users\Shree\.m2\repository\org\glassfish\jaxb\jaxb-core\4.0.5\jaxb-core-4.0.5.jar;C:\Users\Shree\.m2\repository\org\eclipse\angus\angus-activation\2.0.2\angus-activation-2.0.2.jar;C:\Users\Shree\.m2\repository\org\glassfish\jaxb\txw2\4.0.5\txw2-4.0.5.jar;C:\Users\Shree\.m2\repository\com\sun\istack\istack-commons-runtime\4.1.2\istack-commons-runtime-4.1.2.jar;C:\Users\Shree\.m2\repository\org\antlr\antlr4-runtime\4.13.0\antlr4-runtime-4.13.0.jar;C:\Users\Shree\.m2\repository\org\springframework\data\spring-data-jpa\3.5.4\spring-data-jpa-3.5.4.jar;C:\Users\Shree\.m2\repository\org\springframework\data\spring-data-commons\3.5.4\spring-data-commons-3.5.4.jar;C:\Users\Shree\.m2\repository\org\springframework\spring-orm\6.2.11\spring-orm-6.2.11.jar;C:\Users\Shree\.m2\repository\org\springframework\spring-aspects\6.2.11\spring-aspects-6.2.11.jar;C:\Users\Shree\.m2\repository\org\aspectj\aspectjweaver\1.9.24\aspectjweaver-1.9.24.jar
Launcher Type: SUN_STANDARD

[Global flags]
     intx CICompilerCount                          = 3                                         {product} {ergonomic}
     uint ConcGCThreads                            = 1                                         {product} {ergonomic}
     uint G1ConcRefinementThreads                  = 4                                         {product} {ergonomic}
   size_t G1HeapRegionSize                         = 1048576                                   {product} {ergonomic}
    uintx GCDrainStackTargetSize                   = 64                                        {product} {ergonomic}
   size_t InitialHeapSize                          = 134217728                                 {product} {ergonomic}
   size_t MarkStackSize                            = 4194304                                   {product} {ergonomic}
   size_t MaxHeapSize                              = 2126512128                                {product} {ergonomic}
   size_t MaxNewSize                               = 1275068416                                {product} {ergonomic}
   size_t MinHeapDeltaBytes                        = 1048576                                   {product} {ergonomic}
   size_t MinHeapSize                              = 8388608                                   {product} {ergonomic}
    uintx NonNMethodCodeHeapSize                   = 5832780                                {pd product} {ergonomic}
    uintx NonProfiledCodeHeapSize                  = 122912730                              {pd product} {ergonomic}
    uintx ProfiledCodeHeapSize                     = 122912730                              {pd product} {ergonomic}
    uintx ReservedCodeCacheSize                    = 251658240                              {pd product} {ergonomic}
     bool SegmentedCodeCache                       = true                                      {product} {ergonomic}
     bool ShowCodeDetailsInExceptionMessages       = true                                   {manageable} {command line}
   size_t SoftMaxHeapSize                          = 2126512128                             {manageable} {ergonomic}
     bool UseCompressedOops                        = true                           {product lp64_product} {ergonomic}
     bool UseG1GC                                  = true                                      {product} {ergonomic}
     bool UseLargePagesIndividualAllocation        = false                                  {pd product} {ergonomic}

Logging:
Log output configuration:
 #0: stdout all=warning uptime,level,tags foldmultilines=false
 #1: stderr all=off uptime,level,tags foldmultilines=false

Environment Variables:
JAVA_HOME=C:\Program Files\Java\jdk-17
PATH=C:/Users/Shree/.p2/pool/plugins/org.eclipse.justj.openjdk.hotspot.jre.full.win32.x86_64_21.0.7.v20250502-0916/jre/bin/server;C:/Users/Shree/.p2/pool/plugins/org.eclipse.justj.openjdk.hotspot.jre.full.win32.x86_64_21.0.7.v20250502-0916/jre/bin;H:\oracle\product\10.2.0\db_3\bin;C:\Program Files (x86)\Intel\iCLS Client\;C:\Program Files\Intel\iCLS Client\;C:\WINDOWS\system32;C:\WINDOWS;C:\WINDOWS\System32\Wbem;C:\WINDOWS\System32\WindowsPowerShell\v1.0\;C:\Windows\IsmFiles;C:\Program Files (x86)\Intel\Intel(R) Management Engine Components\DAL;C:\Program Files\Intel\Intel(R) Management Engine Components\DAL;C:\Program Files (x86)\Intel\Intel(R) Management Engine Components\IPT;C:\Program Files\Intel\Intel(R) Management Engine Components\IPT;C:\WINDOWS\System32\OpenSSH\;C:\Users\Shree\AppData\Local\Programs\Python\Python38-32;C:\Users\Shree\AppData\Local\Programs\Python\Python38-32\Scripts;C:\MinGW\bin;C:\xampp\php;C:\ProgramData\ComposerSetup\bin;C:\ProgramData\chocolatey\bin;C:\xampp1\php;C:\Users\Shree\.vscode\extensions\ms-dotnettools.csharp-1.23.8\.omnisharp\1.37.5;F:\Git\cmd;C:\Program Files\nodejs\;C:\Program Files\MySQL\MySQL Server 8.0\bin;C:\Program Files\Java\jdk-17\bin;C:\Program Files\Java\jdk-17\bin;C:\Program Files\apache-maven-3.9.11\bin;C:\Users\Shree\.local\bin;C:\Program Files\MySQL\MySQL Shell 8.0\bin\;C:\Users\Shree\AppData\Local\Microsoft\WindowsApps;C:\Users\Shree\.dotnet\tools;C:\Users\Shree\AppData\Local\JetBrains\PyCharm Community Edition 2019.3.4\bin;;C:\Users\Shree\AppData\Local\Programs\Microsoft VS Code\bin;C:\Users\Shree\AppData\Roaming\Composer\vendor\bin;C:\Users\Shree\AppData\Local\GitHubDesktop\bin;C:\Users\Shree\AppData\Roaming\npm;C:\Windows\System32\wbem;C:\Windows\System32;C:\Users\Shree\.local\bin;C:\Program Files\Java\jdk-17\bin;C:\Program Files\Java\jdk-17\bin;C:\Program Files\apache-maven-3.9.11\bin;;C:\WINDOWS\System32;
USERNAME=Shree
OS=Windows_NT
PROCESSOR_IDENTIFIER=Intel64 Family 6 Model 78 Stepping 3, GenuineIntel
TMP=C:\Users\Shree\AppData\Local\Temp
TEMP=C:\Users\Shree\AppData\Local\Temp




Periodic native trim disabled

---------------  S Y S T E M  ---------------

OS:
 Windows 10 , 64 bit Build 19041 (10.0.19041.5915)
OS uptime: 0 days 19:55 hours

CPU: total 4 (initial active 4) (2 cores per cpu, 2 threads per core) family 6 model 78 stepping 3 microcode 0xcc, cx8, cmov, fxsr, ht, mmx, 3dnowpref, sse, sse2, sse3, ssse3, sse4.1, sse4.2, popcnt, lzcnt, tsc, tscinvbit, avx, avx2, aes, erms, clmul, bmi1, bmi2, adx, fma, vzeroupper, clflush, clflushopt, rdtscp, f16c
Processor Information for the first 4 processors :
  Max Mhz: 2000, Current Mhz: 2000, Mhz Limit: 2000

Memory: 4k page, system-wide physical 8108M (863M free)
TotalPageFile size 14252M (AvailPageFile size 757M)
current process WorkingSet (physical memory assigned to process): 226M, peak: 227M
current process commit charge ("private bytes"): 254M, peak: 262M

vm_info: OpenJDK 64-Bit Server VM (21.0.7+6-LTS) for windows-amd64 JRE (21.0.7+6-LTS), built on 2025-04-15T00:00:00Z by "admin" with MS VC++ 17.7 (VS2022)

END.
