#
# There is insufficient memory for the Java Runtime Environment to continue.
# Native memory allocation (mmap) failed to map 65536 bytes. Error detail: Failed to commit metaspace.
# Possible reasons:
#   The system is out of physical RAM or swap space
#   This process is running with CompressedOops enabled, and the Java Heap may be blocking the growth of the native heap
# Possible solutions:
#   Reduce memory load on the system
#   Increase physical memory or swap space
#   Check if swap backing store is full
#   Decrease Java heap size (-Xmx/-Xms)
#   Decrease number of Java threads
#   Decrease Java thread stack sizes (-Xss)
#   Set larger code cache with -XX:ReservedCodeCacheSize=
#   JVM is running with Unscaled Compressed Oops mode in which the Java heap is
#     placed in the first 4GB address space. The Java Heap base address is the
#     maximum limit for the native heap growth. Please use -XX:HeapBaseMinAddress
#     to set the Java Heap base and to place the Java Heap above 4GB virtual address.
# This output file may be truncated or incomplete.
#
#  Out of Memory Error (virtualSpaceNode.cpp:113), pid=11760, tid=7504
#
# JRE version: OpenJDK Runtime Environment Temurin-21.0.7+6 (21.0.7+6) (build 21.0.7+6-LTS)
# Java VM: OpenJDK 64-Bit Server VM Temurin-21.0.7+6 (21.0.7+6-LTS, mixed mode, sharing, tiered, compressed oops, compressed class ptrs, g1 gc, windows-amd64)
# No core dump will be written. Minidumps are not enabled by default on client versions of Windows
#

---------------  S U M M A R Y ------------

Command Line: -Dfile.encoding=UTF-8 -Dstdout.encoding=UTF-8 -Dstderr.encoding=UTF-8 -XX:+ShowCodeDetailsInExceptionMessages com.ecommerce.orderservice.OrderServiceApplication

Host: Intel(R) Core(TM) i3-6006U CPU @ 2.00GHz, 4 cores, 7G,  Windows 10 , 64 bit Build 19041 (10.0.19041.5915)
Time: Fri Nov 14 19:21:04 2025 India Standard Time elapsed time: 87.430138 seconds (0d 0h 1m 27s)

---------------  T H R E A D  ---------------

Current thread (0x000002247b091ae0):  JavaThread "restartedMain"        [_thread_in_vm, id=7504, stack(0x0000005222a00000,0x0000005222b00000) (1024K)]

Stack: [0x0000005222a00000,0x0000005222b00000]
Native frames: (J=compiled Java code, j=interpreted, Vv=VM code, C=native code)
V  [jvm.dll+0x6ce119]
V  [jvm.dll+0x8a84a1]
V  [jvm.dll+0x8aa9ce]
V  [jvm.dll+0x8ab0b3]
V  [jvm.dll+0x27f8a6]
V  [jvm.dll+0x8a41ee]
V  [jvm.dll+0x670575]
V  [jvm.dll+0x1e474c]
V  [jvm.dll+0x1e451e]
V  [jvm.dll+0x672e72]
V  [jvm.dll+0x672c92]
V  [jvm.dll+0x670f4e]
V  [jvm.dll+0x67b1f7]
V  [jvm.dll+0x21563d]
V  [jvm.dll+0x215bba]
V  [jvm.dll+0x2165e5]
V  [jvm.dll+0x20bbae]
V  [jvm.dll+0x5ae58c]
V  [jvm.dll+0x821706]
V  [jvm.dll+0x4718d6]
V  [jvm.dll+0x4777a8]
C  [java.dll+0x17ec]

Java frames: (J=compiled Java code, j=interpreted, Vv=VM code)
J 642  java.lang.ClassLoader.defineClass1(Ljava/lang/ClassLoader;Ljava/lang/String;[BIILjava/security/ProtectionDomain;Ljava/lang/String;)Ljava/lang/Class; java.base@21.0.7 (0 bytes) @ 0x00000224287c4791 [0x00000224287c46c0+0x00000000000000d1]
J 5581 c2 java.lang.ClassLoader.defineClass(Ljava/lang/String;[BIILjava/security/ProtectionDomain;)Ljava/lang/Class; java.base@21.0.7 (43 bytes) @ 0x0000022428b9651c [0x0000022428b95660+0x0000000000000ebc]
J 5922 c2 java.security.SecureClassLoader.defineClass(Ljava/lang/String;[BIILjava/security/CodeSource;)Ljava/lang/Class; java.base@21.0.7 (16 bytes) @ 0x0000022428953230 [0x00000224289530e0+0x0000000000000150]
J 5589 c2 jdk.internal.loader.BuiltinClassLoader.defineClass(Ljava/lang/String;Ljdk/internal/loader/Resource;)Ljava/lang/Class; java.base@21.0.7 (121 bytes) @ 0x0000022428ba465c [0x0000022428ba3500+0x000000000000115c]
J 5594 c2 jdk.internal.loader.ClassLoaders$AppClassLoader.loadClass(Ljava/lang/String;Z)Ljava/lang/Class; java.base@21.0.7 (40 bytes) @ 0x0000022428baeffc [0x0000022428bae480+0x0000000000000b7c]
J 4400 c2 java.lang.ClassLoader.loadClass(Ljava/lang/String;)Ljava/lang/Class; java.base@21.0.7 (7 bytes) @ 0x0000022428a3136c [0x0000022428a31320+0x000000000000004c]
v  ~StubRoutines::call_stub 0x00000224281f100d
j  net.bytebuddy.implementation.FieldAccessor$FieldLocation$Relative$Prepared.resolve(Lnet/bytebuddy/description/method/MethodDescription;)Lnet/bytebuddy/description/field/FieldDescription;+0
j  net.bytebuddy.implementation.FieldAccessor$ForImplicitProperty$Appender.apply(Lnet/bytebuddy/jar/asm/MethodVisitor;Lnet/bytebuddy/implementation/Implementation$Context;Lnet/bytebuddy/description/method/MethodDescription;)Lnet/bytebuddy/implementation/bytecode/ByteCodeAppender$Size;+41
j  net.bytebuddy.dynamic.scaffold.TypeWriter$MethodPool$Record$ForDefinedMethod$WithBody.applyCode(Lnet/bytebuddy/jar/asm/MethodVisitor;Lnet/bytebuddy/implementation/Implementation$Context;)Lnet/bytebuddy/implementation/bytecode/ByteCodeAppender$Size;+10
j  net.bytebuddy.dynamic.scaffold.TypeWriter$MethodPool$Record$ForDefinedMethod$WithBody.applyBody(Lnet/bytebuddy/jar/asm/MethodVisitor;Lnet/bytebuddy/implementation/Implementation$Context;Lnet/bytebuddy/implementation/attribute/AnnotationValueFilter$Factory;)V+13
j  net.bytebuddy.dynamic.scaffold.TypeWriter$MethodPool$Record$ForDefinedMethod.apply(Lnet/bytebuddy/jar/asm/ClassVisitor;Lnet/bytebuddy/implementation/Implementation$Context;Lnet/bytebuddy/implementation/attribute/AnnotationValueFilter$Factory;)V+162
j  net.bytebuddy.dynamic.scaffold.TypeWriter$Default$ForCreation.create(Lnet/bytebuddy/dynamic/scaffold/TypeInitializer;Lnet/bytebuddy/dynamic/scaffold/TypeWriter$Default$ClassDumpAction$Dispatcher;)Lnet/bytebuddy/dynamic/scaffold/TypeWriter$Default$UnresolvedType;+989
j  net.bytebuddy.dynamic.scaffold.TypeWriter$Default.make(Lnet/bytebuddy/dynamic/TypeResolutionStrategy$Resolved;)Lnet/bytebuddy/dynamic/DynamicType$Unloaded;+38
j  net.bytebuddy.dynamic.DynamicType$Builder$AbstractBase$UsingTypeWriter.make(Lnet/bytebuddy/dynamic/TypeResolutionStrategy;)Lnet/bytebuddy/dynamic/DynamicType$Unloaded;+10
j  net.bytebuddy.dynamic.DynamicType$Builder$AbstractBase.make()Lnet/bytebuddy/dynamic/DynamicType$Unloaded;+4
j  org.hibernate.bytecode.internal.bytebuddy.ByteBuddyState.make(Lnet/bytebuddy/pool/TypePool;Lnet/bytebuddy/dynamic/DynamicType$Builder;)Lnet/bytebuddy/dynamic/DynamicType$Unloaded;+27
j  org.hibernate.bytecode.internal.bytebuddy.ByteBuddyState.make(Lnet/bytebuddy/dynamic/DynamicType$Builder;)Lnet/bytebuddy/dynamic/DynamicType$Unloaded;+3
j  org.hibernate.bytecode.internal.bytebuddy.ByteBuddyState.load(Ljava/lang/Class;Ljava/lang/String;Ljava/util/function/BiFunction;)Ljava/lang/Class;+52
j  org.hibernate.bytecode.internal.bytebuddy.ByteBuddyState.loadProxy(Ljava/lang/Class;Ljava/lang/String;Ljava/util/function/BiFunction;)Ljava/lang/Class;+4
j  org.hibernate.proxy.pojo.bytebuddy.ByteBuddyProxyHelper.buildProxy(Ljava/lang/Class;[Ljava/lang/Class;)Ljava/lang/Class;+62
j  org.hibernate.proxy.pojo.bytebuddy.ByteBuddyProxyFactory.postInstantiate(Ljava/lang/String;Ljava/lang/Class;Ljava/util/Set;Ljava/lang/reflect/Method;Ljava/lang/reflect/Method;Lorg/hibernate/type/CompositeType;)V+55
j  org.hibernate.metamodel.internal.EntityRepresentationStrategyPojoStandard.createProxyFactory(Lorg/hibernate/mapping/PersistentClass;Lorg/hibernate/bytecode/spi/BytecodeProvider;Lorg/hibernate/metamodel/spi/RuntimeModelCreationContext;)Lorg/hibernate/proxy/ProxyFactory;+485
j  org.hibernate.metamodel.internal.EntityRepresentationStrategyPojoStandard.resolveProxyFactory(Lorg/hibernate/mapping/PersistentClass;Lorg/hibernate/persister/entity/EntityPersister;Lorg/hibernate/type/descriptor/java/JavaType;Lorg/hibernate/bytecode/spi/BytecodeProvider;Lorg/hibernate/metamodel/spi/RuntimeModelCreationContext;)Lorg/hibernate/proxy/ProxyFactory;+61
j  org.hibernate.metamodel.internal.EntityRepresentationStrategyPojoStandard.<init>(Lorg/hibernate/mapping/PersistentClass;Lorg/hibernate/persister/entity/EntityPersister;Lorg/hibernate/metamodel/spi/RuntimeModelCreationContext;)V+278
j  org.hibernate.metamodel.internal.ManagedTypeRepresentationResolverStandard.resolveStrategy(Lorg/hibernate/mapping/PersistentClass;Lorg/hibernate/persister/entity/EntityPersister;Lorg/hibernate/metamodel/spi/RuntimeModelCreationContext;)Lorg/hibernate/metamodel/spi/EntityRepresentationStrategy;+53
j  org.hibernate.persister.entity.AbstractEntityPersister.<init>(Lorg/hibernate/mapping/PersistentClass;Lorg/hibernate/cache/spi/access/EntityDataAccess;Lorg/hibernate/cache/spi/access/NaturalIdDataAccess;Lorg/hibernate/metamodel/spi/RuntimeModelCreationContext;)V+281
j  org.hibernate.persister.entity.SingleTableEntityPersister.<init>(Lorg/hibernate/mapping/PersistentClass;Lorg/hibernate/cache/spi/access/EntityDataAccess;Lorg/hibernate/cache/spi/access/NaturalIdDataAccess;Lorg/hibernate/metamodel/spi/RuntimeModelCreationContext;)V+6
J 4789 c1 java.lang.invoke.LambdaForm$DMH+0x00000224360ec000.newInvokeSpecial(Ljava/lang/Object;Ljava/lang/Object;Ljava/lang/Object;Ljava/lang/Object;Ljava/lang/Object;)Ljava/lang/Object; java.base@21.0.7 (30 bytes) @ 0x000002242170130c [0x0000022421700e80+0x000000000000048c]
j  java.lang.invoke.LambdaForm$MH+0x000002243682d000.invoke(Ljava/lang/Object;Ljava/lang/Object;)Ljava/lang/Object;+122 java.base@21.0.7
J 2894 c1 jdk.internal.reflect.DirectConstructorHandleAccessor.newInstance([Ljava/lang/Object;)Ljava/lang/Object; java.base@21.0.7 (130 bytes) @ 0x00000224212319e4 [0x0000022421231340+0x00000000000006a4]
J 2892 c1 java.lang.reflect.Constructor.newInstanceWithCaller([Ljava/lang/Object;ZLjava/lang/Class;)Ljava/lang/Object; java.base@21.0.7 (51 bytes) @ 0x00000224212303cc [0x00000224212301e0+0x00000000000001ec]
J 2932 c1 java.lang.reflect.Constructor.newInstance([Ljava/lang/Object;)Ljava/lang/Object; java.base@21.0.7 (34 bytes) @ 0x0000022421248144 [0x0000022421247fe0+0x0000000000000164]
j  org.hibernate.persister.internal.PersisterFactoryImpl.createEntityPersister(Ljava/lang/Class;Lorg/hibernate/mapping/PersistentClass;Lorg/hibernate/cache/spi/access/EntityDataAccess;Lorg/hibernate/cache/spi/access/NaturalIdDataAccess;Lorg/hibernate/metamodel/spi/RuntimeModelCreationContext;)Lorg/hibernate/persister/entity/EntityPersister;+31
j  org.hibernate.persister.internal.PersisterFactoryImpl.createEntityPersister(Lorg/hibernate/mapping/PersistentClass;Lorg/hibernate/cache/spi/access/EntityDataAccess;Lorg/hibernate/cache/spi/access/NaturalIdDataAccess;Lorg/hibernate/metamodel/spi/RuntimeModelCreationContext;)Lorg/hibernate/persister/entity/EntityPersister;+31
j  org.hibernate.metamodel.model.domain.internal.MappingMetamodelImpl.processBootEntities(Ljava/util/Collection;Lorg/hibernate/cache/spi/CacheImplementor;Lorg/hibernate/persister/spi/PersisterFactory;Lorg/hibernate/metamodel/spi/RuntimeModelCreationContext;)V+76
j  org.hibernate.metamodel.model.domain.internal.MappingMetamodelImpl.finishInitialization(Lorg/hibernate/metamodel/spi/RuntimeModelCreationContext;)V+90
j  org.hibernate.internal.SessionFactoryImpl.initializeMappingModel(Lorg/hibernate/metamodel/model/domain/internal/MappingMetamodelImpl;Lorg/hibernate/boot/spi/BootstrapContext;Lorg/hibernate/boot/spi/MetadataImplementor;Lorg/hibernate/boot/spi/SessionFactoryOptions;)V+18
j  org.hibernate.internal.SessionFactoryImpl.<init>(Lorg/hibernate/boot/spi/MetadataImplementor;Lorg/hibernate/boot/spi/SessionFactoryOptions;Lorg/hibernate/boot/spi/BootstrapContext;)V+599
j  org.hibernate.boot.internal.SessionFactoryBuilderImpl.build()Lorg/hibernate/SessionFactory;+16
j  org.hibernate.jpa.boot.internal.EntityManagerFactoryBuilderImpl.build()Ljakarta/persistence/EntityManagerFactory;+22
j  org.springframework.orm.jpa.vendor.SpringHibernateJpaPersistenceProvider.createContainerEntityManagerFactory(Ljakarta/persistence/spi/PersistenceUnitInfo;Ljava/util/Map;)Ljakarta/persistence/EntityManagerFactory;+59
j  org.springframework.orm.jpa.LocalContainerEntityManagerFactoryBean.createNativeEntityManagerFactory()Ljakarta/persistence/EntityManagerFactory;+111
j  org.springframework.orm.jpa.AbstractEntityManagerFactoryBean.buildNativeEntityManagerFactory()Ljakarta/persistence/EntityManagerFactory;+1
j  org.springframework.orm.jpa.AbstractEntityManagerFactoryBean.afterPropertiesSet()V+192
j  org.springframework.orm.jpa.LocalContainerEntityManagerFactoryBean.afterPropertiesSet()V+81
j  org.springframework.beans.factory.support.AbstractAutowireCapableBeanFactory.invokeInitMethods(Ljava/lang/String;Ljava/lang/Object;Lorg/springframework/beans/factory/support/RootBeanDefinition;)V+56
j  org.springframework.beans.factory.support.AbstractAutowireCapableBeanFactory.initializeBean(Ljava/lang/String;Ljava/lang/Object;Lorg/springframework/beans/factory/support/RootBeanDefinition;)Ljava/lang/Object;+34
j  org.springframework.beans.factory.support.AbstractAutowireCapableBeanFactory.doCreateBean(Ljava/lang/String;Lorg/springframework/beans/factory/support/RootBeanDefinition;[Ljava/lang/Object;)Ljava/lang/Object;+228
j  org.springframework.beans.factory.support.AbstractAutowireCapableBeanFactory.createBean(Ljava/lang/String;Lorg/springframework/beans/factory/support/RootBeanDefinition;[Ljava/lang/Object;)Ljava/lang/Object;+153
j  org.springframework.beans.factory.support.AbstractBeanFactory.lambda$doGetBean$0(Ljava/lang/String;Lorg/springframework/beans/factory/support/RootBeanDefinition;[Ljava/lang/Object;)Ljava/lang/Object;+4
j  org.springframework.beans.factory.support.AbstractBeanFactory$$Lambda+0x00000224362d60a8.getObject()Ljava/lang/Object;+16
j  org.springframework.beans.factory.support.DefaultSingletonBeanRegistry.getSingleton(Ljava/lang/String;Lorg/springframework/beans/factory/ObjectFactory;)Ljava/lang/Object;+897
J 3788 c1 org.springframework.beans.factory.support.AbstractBeanFactory.doGetBean(Ljava/lang/String;Ljava/lang/Class;[Ljava/lang/Object;Z)Ljava/lang/Object; (787 bytes) @ 0x000002242145958c [0x0000022421457880+0x0000000000001d0c]
J 3496 c1 org.springframework.beans.factory.support.AbstractBeanFactory.getBean(Ljava/lang/String;Ljava/lang/Class;)Ljava/lang/Object; (9 bytes) @ 0x000002242138034c [0x0000022421380240+0x000000000000010c]
j  org.springframework.context.support.AbstractApplicationContext.finishBeanFactoryInitialization(Lorg/springframework/beans/factory/config/ConfigurableListableBeanFactory;)V+220
j  org.springframework.context.support.AbstractApplicationContext.refresh()V+94
j  org.springframework.boot.web.servlet.context.ServletWebServerApplicationContext.refresh()V+1
j  org.springframework.boot.SpringApplication.refresh(Lorg/springframework/context/ConfigurableApplicationContext;)V+1
j  org.springframework.boot.SpringApplication.refreshContext(Lorg/springframework/context/ConfigurableApplicationContext;)V+19
j  org.springframework.boot.SpringApplication.run([Ljava/lang/String;)Lorg/springframework/context/ConfigurableApplicationContext;+113
j  org.springframework.boot.SpringApplication.run([Ljava/lang/Class;[Ljava/lang/String;)Lorg/springframework/context/ConfigurableApplicationContext;+9
j  org.springframework.boot.SpringApplication.run(Ljava/lang/Class;[Ljava/lang/String;)Lorg/springframework/context/ConfigurableApplicationContext;+9
j  com.ecommerce.orderservice.OrderServiceApplication.main([Ljava/lang/String;)V+3
j  java.lang.invoke.LambdaForm$DMH+0x00000224360d0800.invokeStatic(Ljava/lang/Object;Ljava/lang/Object;)V+10 java.base@21.0.7
j  java.lang.invoke.LambdaForm$MH+0x00000224360e4800.invoke(Ljava/lang/Object;Ljava/lang/Object;Ljava/lang/Object;)Ljava/lang/Object;+33 java.base@21.0.7
j  java.lang.invoke.Invokers$Holder.invokeExact_MT(Ljava/lang/Object;Ljava/lang/Object;Ljava/lang/Object;Ljava/lang/Object;)Ljava/lang/Object;+20 java.base@21.0.7
j  jdk.internal.reflect.DirectMethodHandleAccessor.invokeImpl(Ljava/lang/Object;[Ljava/lang/Object;)Ljava/lang/Object;+55 java.base@21.0.7
j  jdk.internal.reflect.DirectMethodHandleAccessor.invoke(Ljava/lang/Object;[Ljava/lang/Object;)Ljava/lang/Object;+23 java.base@21.0.7
j  java.lang.reflect.Method.invoke(Ljava/lang/Object;[Ljava/lang/Object;)Ljava/lang/Object;+102 java.base@21.0.7
j  org.springframework.boot.devtools.restart.RestartLauncher.run()V+47
v  ~StubRoutines::call_stub 0x00000224281f100d

Compiled method (n/a) 88392  642     n 0       java.lang.ClassLoader::defineClass1 (native)
 total in heap  [0x00000224287c4510,0x00000224287c4b70] = 1632
 relocation     [0x00000224287c4670,0x00000224287c46a8] = 56
 main code      [0x00000224287c46c0,0x00000224287c4b6f] = 1199
 stub code      [0x00000224287c4b6f,0x00000224287c4b70] = 1

[Constant Pool (empty)]

[MachCode]
[Entry Point]
  # {method} {0x0000022435431000} 'defineClass1' '(Ljava/lang/ClassLoader;Ljava/lang/String;[BIILjava/security/ProtectionDomain;Ljava/lang/String;)Ljava/lang/Class;' in 'java/lang/ClassLoader'
  # parm0:    rdx:rdx   = 'java/lang/ClassLoader'
  # parm1:    r8:r8     = 'java/lang/String'
  # parm2:    r9:r9     = '[B'
  # parm3:    rdi       = int
  # parm4:    rsi       = int
  # parm5:    rcx:rcx   = 'java/security/ProtectionDomain'
  # parm6:    [sp+0xa0]   = 'java/lang/String'  (sp of caller)
  0x00000224287c46c0: 448b 5208 | 49bb 0000 | 0035 2402 | 0000 4d03 | d349 3bc2 | 0f84 0600 

  0x00000224287c46d8: ;   {runtime_call ic_miss_stub}
  0x00000224287c46d8: 0000 e9a1 | a0a7 ff90 
[Verified Entry Point]
  0x00000224287c46e0: 8984 2400 | 80ff ff55 | 488b ec48 | 81ec 9000 | 0000 6690 | 4181 7f20 | 0700 0000 

  0x00000224287c46fc: ;   {runtime_call StubRoutines (final stubs)}
  0x00000224287c46fc: 7405 e85d | 06a6 ff48 | 837d 1000 | 488d 4510 | 480f 4445 | 1048 8944 | 2440 4889 | 4c24 7048 
  0x00000224287c471c: 83f9 0048 | 8d44 2470 | 480f 4444 | 2470 4889 | 4424 3848 | 8974 2430 | 4889 7c24 | 284c 894c 
  0x00000224287c473c: 2458 4983 | f900 488d | 4424 5848 | 0f44 4424 | 5848 8944 | 2420 4c89 | 4424 5049 | 83f8 004c 
  0x00000224287c475c: 8d4c 2450 | 4c0f 444c | 2450 4889 | 5424 4848 | 83fa 004c | 8d44 2448 | 4c0f 4444 

  0x00000224287c4778: ;   {oop(a 'java/lang/Class'{0x0000000081dd0360} = 'java/lang/ClassLoader')}
  0x00000224287c4778: 2448 49be | 6003 dd81 | 0000 0000 | 4c89 7424 | 784c 8d74 | 2478 498b | d6c5 f877 

  0x00000224287c4794: ;   {internal_word}
  0x00000224287c4794: 49ba 9147 | 7c28 2402 | 0000 4d89 | 97a0 0300 | 0049 89a7 | 9803 0000 

  0x00000224287c47ac: ;   {external_word}
  0x00000224287c47ac: 49ba 3d5b | 4b6d fe7f | 0000 4180 | 3a00 0f84 | 4e00 0000 | 5241 5041 

  0x00000224287c47c4: ;   {metadata({method} {0x0000022435431000} 'defineClass1' '(Ljava/lang/ClassLoader;Ljava/lang/String;[BIILjava/security/ProtectionDomain;Ljava/lang/String;)Ljava/lang/Class;' in 'java/lang/ClassLoader')}
  0x00000224287c47c4: 5148 baf8 | 0f43 3524 | 0200 0049 | 8bcf 4883 | ec20 40f6 | c40f 0f84 | 1900 0000 | 4883 ec08 
  0x00000224287c47e4: ;   {runtime_call}
  0x00000224287c47e4: 48b8 504b | f56c fe7f | 0000 ffd0 | 4883 c408 | e90c 0000 

  0x00000224287c47f8: ;   {runtime_call}
  0x00000224287c47f8: 0048 b850 | 4bf5 6cfe | 7f00 00ff | d048 83c4 | 2041 5941 | 585a 498d | 8fb8 0300 | 0041 c787 
  0x00000224287c4818: 4404 0000 | 0400 0000 

  0x00000224287c4820: ;   {runtime_call}
  0x00000224287c4820: 48b8 ac16 | dbbb fe7f | 0000 ffd0 | c5f8 7741 | c787 4404 | 0000 0500 | 0000 f083 | 4424 c000 
  0x00000224287c4840: 493b af48 | 0400 000f | 870e 0000 | 0041 83bf | 4004 0000 | 000f 842b | 0000 00c5 | f877 4889 
  0x00000224287c4860: 45f8 498b | cf4c 8be4 | 4883 ec20 | 4883 e4f0 

  0x00000224287c4870: ;   {runtime_call}
  0x00000224287c4870: 48b8 00d1 | c06c fe7f | 0000 ffd0 | 498b e44d | 33e4 488b | 45f8 41c7 | 8744 0400 | 0008 0000 
  0x00000224287c4890: 0041 83bf | c004 0000 | 020f 84a3 

  0x00000224287c489c: ;   {external_word}
  0x00000224287c489c: 0200 0049 | ba3d 5b4b | 6dfe 7f00 | 0041 803a | 000f 844c | 0000 0048 

  0x00000224287c48b4: ;   {metadata({method} {0x0000022435431000} 'defineClass1' '(Ljava/lang/ClassLoader;Ljava/lang/String;[BIILjava/security/ProtectionDomain;Ljava/lang/String;)Ljava/lang/Class;' in 'java/lang/ClassLoader')}
  0x00000224287c48b4: 8945 f848 | baf8 0f43 | 3524 0200 | 0049 8bcf | 4883 ec20 | 40f6 c40f | 0f84 1900 | 0000 4883 
  0x00000224287c48d4: ;   {runtime_call}
  0x00000224287c48d4: ec08 48b8 | 504b f56c | fe7f 0000 | ffd0 4883 | c408 e90c 

  0x00000224287c48e8: ;   {runtime_call}
  0x00000224287c48e8: 0000 0048 | b850 4bf5 | 6cfe 7f00 | 00ff d048 | 83c4 2048 | 8b45 f849 | c787 9803 | 0000 0000 
  0x00000224287c4908: 0000 49c7 | 87a0 0300 | 0000 0000 | 00c5 f877 | 4885 c00f | 84fe 0100 | 00a8 030f | 8508 0000 
  0x00000224287c4928: 0048 8b00 | e9ee 0100 | 00a8 010f | 8509 0000 | 0048 8b40 | fee9 dd01 | 0000 488b | 40ff 4180 
  0x00000224287c4948: 7f40 000f | 84ce 0100 | 0048 83f8 | 000f 84c4 | 0100 0049 | 8b4f 2848 | 83f9 000f | 8414 0000 
  0x00000224287c4968: 0048 83e9 | 0849 894f | 2849 034f | 3848 8901 | e9a2 0100 | 0048 81ec | d000 0000 | 4889 0424 
  0x00000224287c4988: 4889 4c24 | 0848 8954 | 2410 4889 | 7424 1848 | 897c 2420 | 4c89 4424 | 284c 894c | 2430 4c89 
  0x00000224287c49a8: 5424 384c | 895c 2440 | c5fb 1144 | 2450 c5fb | 114c 2458 | c5fb 1154 | 2460 c5fb | 115c 2468 
  0x00000224287c49c8: c5fb 1164 | 2470 c5fb | 116c 2478 | c5fb 11b4 | 2480 0000 | 00c5 fb11 | bc24 8800 | 0000 c57b 
  0x00000224287c49e8: ;   {no_reloc}
  0x00000224287c49e8: 1184 2490 | 0000 00c5 | 7b11 8c24 | 9800 0000 | c57b 1194 | 24a0 0000 | 00c5 7b11 | 9c24 a800 
  0x00000224287c4a08: 0000 c57b | 11a4 24b0 | 0000 00c5 | 7b11 ac24 | b800 0000 | c57b 11b4 | 24c0 0000 | 00c5 7b11 
  0x00000224287c4a28: bc24 c800 | 0000 498b | d748 8bc8 | 4883 ec20 | 40f6 c40f | 0f84 1900 | 0000 4883 

  0x00000224287c4a44: ;   {runtime_call}
  0x00000224287c4a44: ec08 48b8 | c014 b46c | fe7f 0000 | ffd0 4883 | c408 e90c 

  0x00000224287c4a58: ;   {runtime_call}
  0x00000224287c4a58: 0000 0048 | b8c0 14b4 | 6cfe 7f00 | 00ff d048 | 83c4 20c5 | 7b10 bc24 | c800 0000 | c57b 10b4 
  0x00000224287c4a78: 24c0 0000 | 00c5 7b10 | ac24 b800 | 0000 c57b | 10a4 24b0 | 0000 00c5 | 7b10 9c24 | a800 0000 
  0x00000224287c4a98: c57b 1094 | 24a0 0000 | 00c5 7b10 | 8c24 9800 | 0000 c57b | 1084 2490 | 0000 00c5 | fb10 bc24 
  0x00000224287c4ab8: 8800 0000 | c5fb 10b4 | 2480 0000 | 00c5 fb10 | 6c24 78c5 | fb10 6424 | 70c5 fb10 | 5c24 68c5 
  0x00000224287c4ad8: fb10 5424 | 60c5 fb10 | 4c24 58c5 | fb10 4424 | 504c 8b5c | 2440 4c8b | 5424 384c | 8b4c 2430 
  0x00000224287c4af8: 4c8b 4424 | 2848 8b7c | 2420 488b | 7424 1848 | 8b54 2410 | 488b 4c24 | 0848 8b04 | 2448 81c4 
  0x00000224287c4b18: d000 0000 | c5f8 7749 | 8b8f 2804 | 0000 c781 | 0001 0000 | 0000 0000 | c949 837f | 0800 0f85 
  0x00000224287c4b38: 0100 0000 

  0x00000224287c4b3c: ;   {runtime_call StubRoutines (initial stubs)}
  0x00000224287c4b3c: c3e9 bec3 | a2ff c5f8 | 7748 8945 | f84c 8be4 | 4883 ec20 | 4883 e4f0 

  0x00000224287c4b54: ;   {runtime_call}
  0x00000224287c4b54: 48b8 3083 | f56c fe7f | 0000 ffd0 | 498b e44d | 33e4 488b | 45f8 e930 | fdff fff4 
[/MachCode]


Compiled method (c2) 88412 5581       4       java.lang.ClassLoader::defineClass (43 bytes)
 total in heap  [0x0000022428b95010,0x0000022428b9d8b0] = 34976
 relocation     [0x0000022428b95170,0x0000022428b95660] = 1264
 main code      [0x0000022428b95660,0x0000022428b9a840] = 20960
 stub code      [0x0000022428b9a840,0x0000022428b9a958] = 280
 oops           [0x0000022428b9a958,0x0000022428b9a988] = 48
 metadata       [0x0000022428b9a988,0x0000022428b9ab88] = 512
 scopes data    [0x0000022428b9ab88,0x0000022428b9c750] = 7112
 scopes pcs     [0x0000022428b9c750,0x0000022428b9d260] = 2832
 dependencies   [0x0000022428b9d260,0x0000022428b9d280] = 32
 handler table  [0x0000022428b9d280,0x0000022428b9d748] = 1224
 nul chk table  [0x0000022428b9d748,0x0000022428b9d8b0] = 360

[Constant Pool (empty)]

[MachCode]
[Entry Point]
  # {method} {0x0000022435431380} 'defineClass' '(Ljava/lang/String;[BIILjava/security/ProtectionDomain;)Ljava/lang/Class;' in 'java/lang/ClassLoader'
  # this:     rdx:rdx   = 'java/lang/ClassLoader'
  # parm0:    r8:r8     = 'java/lang/String'
  # parm1:    r9:r9     = '[B'
  # parm2:    rdi       = int
  # parm3:    rsi       = int
  # parm4:    rcx:rcx   = 'java/security/ProtectionDomain'
  #           [sp+0xb0]  (sp of caller)
  0x0000022428b95660: 448b 5208 | 49bb 0000 | 0035 2402 | 0000 4d03 | d349 3bc2 

  0x0000022428b95674: ;   {runtime_call ic_miss_stub}
  0x0000022428b95674: 0f85 0691 | 6aff 6690 | 0f1f 4000 
[Verified Entry Point]
  0x0000022428b95680: 8984 2400 | 80ff ff55 | 4881 eca0 | 0000 0090 | 4181 7f20 | 0700 0000 | 0f85 9851 | 0000 4c8b 
  0x0000022428b956a0: e989 7424 | 3c89 7c24 | 384c 894c | 2430 4889 | 5424 284c | 8984 2480 | 0000 000f | 1f44 0000 
  0x0000022428b956c0: ; implicit exception: dispatches to 0x0000022428b9a308
  0x0000022428b956c0: 458b 5014 

  0x0000022428b956c4: ; implicit exception: dispatches to 0x0000022428b9a0b0
  0x0000022428b956c4: 458b 5a0c | 4585 db0f | 86bf 3500 | 0045 0fbe | 4810 4585 | c90f 85f9 | 3800 00c4 | 4232 f7cb 
  0x0000022428b956e4: 453b cb41 | 8bd9 410f | 4fdb 4d8b | c2c4 c1f9 | 6ec0 4d8d | 4210 85db | 0f1f 4000 | 0f8e cf00 
  0x0000022428b95704: 0000 443b | db0f 8209 | 3700 0049 | 8bf8 8bd3 | b82f 0000 | 0048 8bdf | 83fa 100f | 8c79 0000 
  0x0000022428b95724: 0083 fa20 | 0f8c 3600 | 0000 c5f9 | 6ed0 c4e2 | 7d78 d2c5 | e5ef db8b | ca83 e1e0 | 83e2 1fc5 
  0x0000022428b95744: fe6f 0bc5 | f574 cac4 | e27d 17d9 | 0f83 6900 | 0000 4883 | c320 83e9 | 2075 e4e9 | 0d00 0000 
  0x0000022428b95764: c5f9 6ed0 | c5e1 efdb | c4e2 6900 

  0x0000022428b95770: ;   {no_reloc}
  0x0000022428b95770: d383 fa10 | 0f8c 2400 | 0000 8bca | 83e1 f083 | e20f c5fa | 6f0b c5f1 | 74ca c4e2 | 7917 d90f 
  0x0000022428b95790: 832a 0000 | 0048 83c3 | 1083 e910 | 75e4 85d2 | 0f84 1200 | 0000 0fb6 | 0b3b c174 | 1c48 83c3 
  0x0000022428b957b0: 0183 ea01 | 7402 ebee | bbff ffff | ffeb 0dc5 | fdd7 c90f | bcc1 4803 | d848 2bdf | 83fb ff0f 
  0x0000022428b957d0: 8503 3a00 | 0041 0fb6 | 2883 fd5b | 0f1f 4000 | 0f84 223a | 0000 418d | 49fb 85c9 | 7c0d 410f 
  0x0000022428b957f0: be18 83fb | 6a0f 8480 | 1c00 0048 | 8b5c 2428 | 4d8b f545 | 8b6d 1041 | 8bcb ffc9 | 418b e9ff 
  0x0000022428b95810: cd3b e90f | 4fe9 85ed | 0f8c 281d | 0000 6690 | 413b eb0f | 832f 3400 | 0085 ed0f | 8eaf 3500 
  0x0000022428b95830: 008b fdff | cf41 0fbe | 4c2a 100f | 1f44 0000 | 83f9 2e0f | 842b 1c00 | 00ff cd3b | ef7f e683 
  0x0000022428b95850: fd02 0f8e | d31c 0000 | 8d4d fe33 | ff83 fd02 | 0f4c cf81 | f9a0 0f00 | 00ba a00f | 0000 0f47 
  0x0000022428b95870: ;   {no_reloc}
  0x0000022428b95870: ca8b d52b | d149 8bc0 | 0f1f 8400 | 0000 0000 | 4863 cd45 | 0fbe 440a | 1041 83f8 | 2e0f 8466 
  0x0000022428b95890: 0000 0041 | 0fbe 4c0a | 0f83 f92e | 0f1f 4000 | 0f84 5700 | 0000 8d4d | fe45 0fbe | 440a 1041 
  0x0000022428b958b0: 83f8 2e0f | 8448 0000 | 008d 4dfd | 410f be7c | 0a10 83ff | 2e0f 8436 | 0000 0083 | c5fc 3bea 
  0x0000022428b958d0: 7fae 498b | 9750 0400 | 004c 8b44 | 2428 488b | 8c24 8000 

  0x0000022428b958e4: ; ImmutableOopMap {r10=NarrowOop r8=Oop rcx=Oop rbx=Oop r13=NarrowOop r14=Oop xmm0=Oop rax=Derived_oop_xmm0 [40]=Oop [48]=Oop [128]=Oop }
                      ;*goto {reexecute=1 rethrow=0 return_oop=0}
                      ; - (reexecute) java.lang.StringLatin1::lastIndexOf@35 (line 285)
                      ; - java.lang.String::lastIndexOf@13 (line 2573)
                      ; - java.lang.String::lastIndexOf@8 (line 2535)
                      ; - java.lang.ClassLoader::checkCerts@3 (line 1163)
                      ; - java.lang.ClassLoader::preDefineClass@113 (line 917)
                      ; - java.lang.ClassLoader::defineClass@4 (line 1025)
                      ;   {poll}
  0x0000022428b958e4: 0000 8502 | 83fd 020f | 8e37 1c00 | 004c 8bc0 | e95f ffff | ff8b cdeb | 048b cdff | c94c 8bc0 
  0x0000022428b95904: 83f9 ff0f | 8423 3900 | 0085 c90f | 8cf3 3600 | 0041 3bc9 | 0f8f 5239 | 0000 6690 | 413b c975 
  0x0000022428b95924: 154c 8b94 | 2480 0000 | 004c 8994 | 2488 0000 | 00e9 6102 | 0000 85c9 | 0f1f 4000 | 0f84 c723 
  0x0000022428b95944: 0000 498b | b7b8 0100 | 004c 8bce | 4983 c118 | 0f1f 8400 | 0000 0000 | 6666 6690 | 4d3b 8fc8 
  0x0000022428b95964: 0100 000f | 83f8 2c00 | 004d 898f | b801 0000 | 410f 0d89 | c000 0000 | 48c7 0601 

  0x0000022428b95980: ;   {metadata('java/lang/String')}
  0x0000022428b95980: 0000 00c7 | 4608 40e7 | 0000 4489 | 660c 4c89 | 6610 413b | cb0f 85d8 | 0000 0049 | 63eb 6690 
  0x0000022428b959a0: 4181 fb00 | 0010 000f | 878a 3100 | 004c 8944 | 2448 498b | bfb8 0100 | 004c 8d45 | 1749 83e0 
  0x0000022428b959c0: f84c 8bcf | 4d03 c84d | 3b8f c801 | 0000 0f83 | 5e31 0000 | 4d89 8fb8 | 0100 0041 | 0f0d 89c0 
  0x0000022428b959e0: 0000 0048 | c707 0100 | 0000 410f | 0d89 0001 

  0x0000022428b959f0: ;   {metadata({type array byte})}
  0x0000022428b959f0: 0000 c747 | 0868 2200 | 0044 895f | 0c41 0f0d | 8940 0100 | 0041 0f0d | 8980 0100 | 004c 8974 
  0x0000022428b95a10: 2420 4889 | 5c24 5044 | 896c 2458 | 4889 7424 | 6048 896c | 2468 488b | d748 83c2 | 104c 8b44 
  0x0000022428b95a30: 2468 4983 | c007 49c1 | e803 488b | 4c24 48c5 | f877 49ba | 6033 2228 | 2402 0000 

  0x0000022428b95a4c: ;   {other}
  0x0000022428b95a4c: 41ff d20f | 1f84 0000 | 0000 004c | 8b74 2420 | 488b 5c24 | 5044 8b6c | 2458 488b | 7424 604c 
  0x0000022428b95a6c: 8bd7 e9e1 | 0000 0081 | f900 0010 | 000f 87f5 | 3a00 004c | 63c9 443b | d941 8beb | 0f4f e944 
  0x0000022428b95a8c: 3bdd 0f82 | 543b 0000 | 3bcd 0f82 | 4c3b 0000 | 4983 c117 | 4d8b d949 | 83e3 f881 | f900 0010 
  0x0000022428b95aac: 000f 87f5 | 2e00 0049 | 8bf8 4d8b | 97b8 0100 | 004d 8bc2 | 4d03 c34d | 3b87 c801 | 0000 0f83 
  0x0000022428b95acc: d52e 0000 | 4d89 87b8 | 0100 0041 | 0f0d 88c0 | 0000 0049 | c702 0100 | 0000 410f | 0d88 0001 
  0x0000022428b95aec: ;   {metadata({type array byte})}
  0x0000022428b95aec: 0000 41c7 | 4208 6822 | 0000 4189 | 4a0c 410f | 0d88 4001 | 0000 410f | 0d88 8001 | 0000 498b 
  0x0000022428b95b0c: d248 83c2 | 1049 c1e9 | 0385 ed0f | 845f 3a00 | 0066 6690 | 3be9 0f8c | 0020 0000 | 498b ea49 
  0x0000022428b95b2c: 83c3 f049 | c1eb 034d | 8bc3 488b | cfc5 f877 | 49ba 6033 | 2228 2402 | 0000 41ff 

  0x0000022428b95b48: ;   {other}
  0x0000022428b95b48: d20f 1f84 | 0000 0000 | 004c 8bd5 | 4180 7f40 | 000f 856a | 1e00 004c | 8bde 4d8b | ca44 894e 
  0x0000022428b95b68: 144d 33d3 | 49c1 ea14 | 4d85 d274 | 1a49 c1eb | 0948 b900 | 60cb 2f24 | 0200 0049 | 03cb 8039 
  0x0000022428b95b88: 020f 8570 | 1e00 0044 | 8866 1048 | 89b4 2488 | 0000 000f | 1f44 0000 

  0x0000022428b95ba0: ; implicit exception: dispatches to 0x0000022428b9a380
  0x0000022428b95ba0: 458b 5514 | 4585 d20f | 85bf 1900 | 0045 8b5d | 1045 85db | 0f85 6221 | 0000 448b | 5b2c 6690 
  0x0000022428b95bc0: 4585 db0f | 8430 3000 | 0048 895c | 2420 4c89 | 7424 4049 

  0x0000022428b95bd4: ;   {oop(a 'java/security/cert/Certificate'[0] {0x0000000081d8ced8})}
  0x0000022428b95bd4: 8bd3 49b9 | d8ce d881 | 0000 0000 | bf01 0000 | 004c 8b84 | 2488 0000 | 0048 8bac | 2480 0000 
  0x0000022428b95bf4: 0066 6690 

  0x0000022428b95bf8: ;   {optimized virtual_call}
  0x0000022428b95bf8: c5f8 77e8 

  0x0000022428b95bfc: ; ImmutableOopMap {rbp=Oop [32]=Oop [40]=Oop [48]=Oop [64]=Oop [128]=Oop }
                      ;*invokevirtual putVal {reexecute=0 rethrow=0 return_oop=1}
                      ; - java.util.concurrent.ConcurrentHashMap::putIfAbsent@4 (line 1541)
                      ; - java.lang.ClassLoader::checkCerts@62 (line 1171)
                      ; - java.lang.ClassLoader::preDefineClass@113 (line 917)
                      ; - java.lang.ClassLoader::defineClass@4 (line 1025)
  0x0000022428b95bfc: a033 c4ff 

  0x0000022428b95c00: ;   {other}
  0x0000022428b95c00: 0f1f 8400 | f00b 0001 | 4885 c074 | 1c44 8b58 

  0x0000022428b95c10: ;   {metadata('java/security/cert/Certificate'[])}
  0x0000022428b95c10: 0841 81fb | c051 1000 | 0f85 6644 | 0000 8b68 | 0c85 ed0f | 87e7 3800 | 004c 8b54 | 2440 458b 
  0x0000022428b95c30: 5210 418b | 5a0c 85db | 0f84 7a36 | 0000 6690 | 443b 6338 | 0f84 c62f | 0000 498b | 87b8 0100 
  0x0000022428b95c50: 004c 8bd0 | 4983 c218 | 4c8b eb0f | 1f44 0000 | 4d3b 97c8 | 0100 000f | 83d8 2400 | 004d 8997 
  0x0000022428b95c70: b801 0000 | 410f 0d8a | c000 0000 | 48c7 0001 

  0x0000022428b95c80: ;   {metadata('java/lang/StringBuilder')}
  0x0000022428b95c80: 0000 00c7 | 4008 1880 | 0000 4489 | 600c 4c89 | 6010 4c8b | f049 8b87 | b801 0000 | 4c8b d049 
  0x0000022428b95ca0: 83c2 204d | 3b97 c801 | 0000 0f83 | 4924 0000 | 4d89 97b8 | 0100 0041 | 0f0d 8ac0 | 0000 0048 
  0x0000022428b95cc0: c700 0100 | 0000 410f | 0d8a 0001 

  0x0000022428b95ccc: ;   {metadata({type array byte})}
  0x0000022428b95ccc: 0000 c740 | 0868 2200 | 0041 0f0d | 8a40 0100 | 00c7 400c | 1000 0000 | 410f 0d8a | 8001 0000 
  0x0000022428b95cec: 4c89 6010 | 4c89 6018 | 4d8b d64c | 8bc0 4589 | 4614 4c8b | d84d 33da | 49c1 eb14 | 4d85 db74 
  0x0000022428b95d0c: 1c49 c1ea | 0948 b900 | 60cb 2f24 | 0200 0049 | 03ca 6690 | 8039 020f | 8583 1900 | 0044 8b5b 
  0x0000022428b95d2c: 1445 8866 | 1045 8b43 | 1445 8b50 | 0c41 8b56 | 1466 6690 

  0x0000022428b95d40: ; implicit exception: dispatches to 0x0000022428b9a0e0
  0x0000022428b95d40: 8b4a 0c45 | 0fbe 4310 | c4c2 3af7 | fa44 8bc7 | 4503 460c | 458b d044 | 2bd1 660f | 1f44 0000 
  0x0000022428b95d60: 4585 d20f | 8fdc 1200 | 0045 0fbe | 4610 450f | be53 1041 | 8b4e 0c45 | 3bc2 660f | 1f44 0000 
  0x0000022428b95d80: 0f85 7a35 | 0000 458b | 4e14 453b | d00f 85b9 | 3200 0045 | 8b5b 1445 | 8b53 0cc4 | e239 f7e9 
  0x0000022428b95da0: ; implicit exception: dispatches to 0x0000022428b9a110
  0x0000022428b95da0: 458b 410c | 85ed 0f8c | 082f 0000 | 418d 0c2a | 443b c10f | 82fb 2e00 | 0045 85d2 | 762a 4d8b 
  0x0000022428b95dc0: c149 8d54 | 2910 4d63 | c24d 8bd3 

  0x0000022428b95dcc: ;   {no_reloc}
  0x0000022428b95dcc: 498d 4b10 | c5f8 7749 | baa0 2d22 | 2824 0200 | 0041 ffd2 

  0x0000022428b95de0: ;   {other}
  0x0000022428b95de0: 0f1f 8400 | 0000 0000 | 4103 7e0c | 4189 7e0c | 458b 4e14 

  0x0000022428b95df4: ; implicit exception: dispatches to 0x0000022428b9a130
  0x0000022428b95df4: 458b 590c | 450f be56 | 10c4 422a | f7db 448b | d745 2bd3 | 41ff c245 | 85d2 0f8f | f112 0000 
  0x0000022428b95e14: 4180 7e10 | 000f 8538 | 1900 0041 | 8b6e 0c44 | 8bdd 41ff | c345 895e | 0c45 8b59 | 0c41 3beb 
  0x0000022428b95e34: 0f83 ee2d | 0000 41c6 | 4429 103a | 448b 5324 | 4585 d20f | 8418 1600 | 0045 8b42 | 1445 8b58 
  0x0000022428b95e54: 0c45 85db | 0f86 0716 | 0000 458b | 5a14 410f | be6a 1045 | 8b43 0cc4 | 4252 f7d8 | 4183 c302 
  0x0000022428b95e74: 4585 db0f | 8cd7 2f00 | 00c4 4251 | f7c3 4181 | f800 0010 | 000f 87bd | 2f00 004d | 63d8 4d8b 
  0x0000022428b95e94: ca66 6666 | 0f1f 8400 | 0000 0000 | 4181 f800 | 0010 000f | 87be 2600 | 0049 8b87 | b801 0000 
  0x0000022428b95eb4: 4983 c317 | 4983 e3f8 | 488b c849 | 03cb 493b | 8fc8 0100 | 000f 839c | 2600 0049 | 898f b801 
  0x0000022428b95ed4: 0000 0f0d | 89c0 0000 

  0x0000022428b95edc: ;   {no_reloc}
  0x0000022428b95edc: 0048 c700 | 0100 0000 | 0f0d 8900 

  0x0000022428b95ee8: ;   {metadata({type array byte})}
  0x0000022428b95ee8: 0100 00c7 | 4008 6822 | 0000 4489 | 400c 0f0d | 8940 0100 | 000f 0d89 | 8001 0000 | 85ed 0f84 
  0x0000022428b95f08: 2511 0000 | 41b8 2f00 | 0000 6644 | 8940 1041 | bb2f 0000 | 0066 4489 | 5812 41b8 | 0400 0000 
  0x0000022428b95f28: 4e8d 4400 | 1045 8b5a | 1441 8b53 | 0c49 8bcb | 4d8d 5b10 | 0f1f 4000 | 4180 7a10 | 000f 84a9 
  0x0000022428b95f48: 1000 004d | 8bd0 488b | f049 8bf9 | d1fa 4c63 | c249 8bcb | 498b d2c5 | f877 49ba | 802e 2228 
  0x0000022428b95f68: 2402 0000 

  0x0000022428b95f6c: ;   {other}
  0x0000022428b95f6c: 41ff d20f | 1f84 0000 | 0000 004c | 8bcf 488b | c666 6690 | e999 0000 | 0049 8bf3 | 498b f88b 
  0x0000022428b95f8c: ca83 e10f | 83e2 f074 | 1c48 8d34 | 1648 8d3c | 5748 f7da | c4e2 7d30 | 0416 c5fe | 7f04 5748 
  0x0000022428b95fac: 83c2 1075 | ef8b d183 | e107 83e2 | f874 27c4 | e279 3006 | c5fa 7f07 | 4883 c608 | 4883 c710 
  0x0000022428b95fcc: e911 0000 | 00c4 e279 | 3004 16c5 | fa7f 0457 | 4883 c208 | 75ef 8bd1 | 83fa 047c | 19c5 f96e 
  0x0000022428b95fec: 06c4 e279 | 30c0 c5f9 | d607 4883 | ea04 4883 | c604 4883 | c708 85d2 | 7418 488d | 3416 488d 
  0x0000022428b9600c: 3c57 48f7 | da0f b60c | 1666 890c | 5748 ffc2 | 75f3 4d8b | 87b8 0100 | 004d 8bd0 | 4983 c218 
  0x0000022428b9602c: 4d3b 97c8 | 0100 000f | 83cf 2400 | 004d 8997 | b801 0000 | 410f 0d8a | c000 0000 | 49c7 0001 
  0x0000022428b9604c: ;   {metadata('java/lang/String')}
  0x0000022428b9604c: 0000 0041 | c740 0840 | e700 0045 | 8960 0c4d | 8960 1041 | 8868 104c | 8bd8 4589 | 5814 458b 
  0x0000022428b9606c: 5014 418b | 4a0c 458b | 5e14 458b | 530c 4489 | 5c24 244c | 896c 2448 | 895c 2420 | 450f be5e 
  0x0000022428b9608c: 1045 0fbe | 4810 4c89 | 4424 58c4 | c222 f7da | c462 32f7 | c145 8b56 | 0c4c 8974 | 2450 4489 
  0x0000022428b960ac: 4424 6045 | 03c2 418b | c82b cb85 | c90f 8ff8 | 1000 0049 | 8bde 488b | 7c24 5841 | 8bcb 458b 
  0x0000022428b960cc: c241 3bc9 | 0f85 9232 | 0000 8b73 | 1444 3bc9 | 0f1f 4000 | 0f85 ca2f | 0000 8b7f | 1444 8b4f 
  0x0000022428b960ec: 0cc4 c271 | f7e8 448b | 560c 85ed | 0f8c f22b | 0000 458d | 0429 453b | d00f 82e5 | 2b00 0045 
  0x0000022428b9610c: 85c9 762a | 4d63 c14c | 8bd7 488d | 4f10 4c8b | d648 8d54 | 2e10 c5f8 | 7749 baa0 | 2d22 2824 
  0x0000022428b9612c: 0200 0041 

  0x0000022428b96130: ;   {other}
  0x0000022428b96130: ffd2 0f1f | 8400 0000 | 0000 8b74 | 2460 0373 | 0c89 730c | 8b7c 2420 | 8b4f 2844 | 8b51 1445 
  0x0000022428b96150: 8b5a 0c8b | 5314 448b | 520c 440f | be49 1044 | 0fbe 4310 | c442 32f7 | ebc4 423a | f7ca 468d 
  0x0000022428b96170: 042e 458b | d845 2bd9 | 4585 db0f | 1f44 0000 | 0f8f df10 | 0000 440f | be43 1044 | 0fbe 4910 
  0x0000022428b96190: 8b43 0c45 | 3bc1 0f85 | 3432 0000 | 448b 5b14 | 453b c80f | 856b 2f00 | 0044 8b49 | 1445 8b51 
  0x0000022428b961b0: 0cc4 e239 | f7e8 418b | 4b0c 85ed | 0f1f 4000 | 0f8c 822b | 0000 418d | 142a 3bca | 0f82 762b 
  0x0000022428b961d0: 0000 4585 | d276 2a4d | 8bc1 498d | 4910 4d63 | c24d 8bd3 | 498d 542b | 10c5 f877 | 49ba a02d 
  0x0000022428b961f0: 2228 2402 | 0000 41ff 

  0x0000022428b961f8: ;   {other}
  0x0000022428b961f8: d20f 1f84 | 0000 0000 | 0045 8bc5 | 4403 430c | 4489 430c | 8b6f 2085 | ed0f 8521 | 3200 008b 
  0x0000022428b96218: 6b14 660f | 1f44 0000 

  0x0000022428b96220: ; implicit exception: dispatches to 0x0000022428b9a218
  0x0000022428b96220: 448b 5d0c | 440f be53 | 10c4 422a | f7db 458b | d045 2bd3 | 4585 d20f | 8fde 1000 | 0044 0fbe 
  0x0000022428b96240: 5b10 448b | 4b0c 4585 | db0f 8511 | 3200 008b | 6b14 448b | 550c 4585 | c90f 8c25 | 2b00 0090 
  0x0000022428b96260: 453b d10f | 821b 2b00 | 008b 6f30 | 85ed 0f85 | 4832 0000 | 8b4b 1444 | 8b51 0c0f | be6b 1044 
  0x0000022428b96280: 8b43 0cc4 | 4252 f7da | 458b d045 | 2bd3 4585 | d20f 8f1f | 1100 0085 | ed0f 8541 | 3200 008b 
  0x0000022428b962a0: 6b14 448b | 550c 4585 | c00f 8c05 | 2b00 0045 | 3bd0 0f82 | fc2a 0000 | 498b 87b8 | 0100 004c 
  0x0000022428b962c0: 8bd0 4983 | c218 4d3b | 97c8 0100 | 000f 83b2 | 1e00 004d | 8997 b801 | 0000 410f | 0d8a c000 
  0x0000022428b962e0: 0000 48c7 | 0001 0000 

  0x0000022428b962e8: ;   {metadata('java/lang/String')}
  0x0000022428b962e8: 00c7 4008 | 40e7 0000 | 4489 600c | 4c89 6010 | 488b f044 | 0fbe 4310 | 448b 4b14 | 448b 530c 
  0x0000022428b96308: 4585 c00f | 856b 2e00 | 0041 8b49 | 0c4d 8bd9 | 4c89 5c24 | 7849 8d59 | 1044 3bd1 | 0f85 9b00 
  0x0000022428b96328: 0000 4c63 | c181 f900 | 0010 000f | 87f6 2600 | 0049 8bbf | b801 0000 | 4d8d 5017 | 4983 e2f8 
  0x0000022428b96348: 4c8b df4d | 03da 4d3b | 9fc8 0100 | 000f 83d4 | 2600 004d | 899f b801 | 0000 410f | 0d8b c000 
  0x0000022428b96368: 0000 48c7 | 0701 0000 | 0041 0f0d | 8b00 0100 

  0x0000022428b96378: ;   {metadata({type array byte})}
  0x0000022428b96378: 00c7 4708 | 6822 0000 | 894f 0c41 | 0f0d 8b40 | 0100 0041 | 0f0d 8b80 | 0100 0048 | 8bd7 4883 
  0x0000022428b96398: c210 4983 | c007 49c1 | e803 488b | cbc5 f877 | 49ba 6033 | 2228 2402 | 0000 41ff 

  0x0000022428b963b4: ;   {other}
  0x0000022428b963b4: d20f 1f84 | 0000 0000 | 004c 8bef | e9ea 0000 | 0045 85d2 | 0f8c 1e33 | 0000 4181 | fa00 0010 
  0x0000022428b963d4: 000f 87fd | 2a00 004d | 63da 413b | ca8b e941 | 0f4f ea3b | cd0f 8262 | 2b00 0044 | 3bd5 0f82 
  0x0000022428b963f4: 592b 0000 | 4983 c317 | 4d8b cb49 | 83e1 f841 | 81fa 0000 | 1000 0f87 | f921 0000 | 4d8b afb8 
  0x0000022428b96414: 0100 004d | 8bc5 4d03 | c166 6690 | 4d3b 87c8 | 0100 000f | 83dc 2100 | 004d 8987 | b801 0000 
  0x0000022428b96434: 410f 0d88 | c000 0000 | 49c7 4500 | 0100 0000 | 410f 0d88 | 0001 0000 

  0x0000022428b9644c: ;   {metadata({type array byte})}
  0x0000022428b9644c: 41c7 4508 | 6822 0000 | 4589 550c | 410f 0d88 | 4001 0000 | 410f 0d88 | 8001 0000 | 498b d548 
  0x0000022428b9646c: 83c2 1049 | c1eb 0385 | ed0f 846a | 2a00 000f | 1f44 0000 | 413b ea0f | 8c7f 1400 | 0049 83c1 
  0x0000022428b9648c: f049 c1e9 | 0348 8bcb | 4d8b c1c5 | f877 49ba | 6033 2228 | 2402 0000 

  0x0000022428b964a4: ;   {other}
  0x0000022428b964a4: 41ff d20f | 1f84 0000 | 0000 0041 | 807f 4000 | 0f85 ba11 | 0000 4c8b | d64d 8bc5 | 4489 4614 
  0x0000022428b964c4: 4d8b dd4d | 33da 49c1 | eb14 4d85 | db74 1a49 | c1ea 0948 | b900 60cb | 2f24 0200 | 0049 03ca 
  0x0000022428b964e4: 8039 020f | 8518 1200 | 004c 8bd6 | 488b 5424 | 284c 8b84 | 2480 0000 | 004c 8b4c | 2430 8b7c 
  0x0000022428b96504: 2438 8b74 | 243c 488b | 4c24 404c | 8914 2490 

  0x0000022428b96514: ;   {static_call}
  0x0000022428b96514: c5f8 77e8 

  0x0000022428b96518: ; ImmutableOopMap {[40]=Oop [64]=Oop }
                      ;*invokestatic defineClass1 {reexecute=0 rethrow=0 return_oop=1}
                      ; - java.lang.ClassLoader::defineClass@27 (line 1027)
  0x0000022428b96518: c4e1 c2ff 

  0x0000022428b9651c: ;   {other}
  0x0000022428b9651c: 0f1f 8400 | 0c15 0002 | 4889 4424 | 6844 8b58 | 3c45 85db | 0f85 8801 | 0000 4c8b | 5010 660f 
  0x0000022428b9653c: 1f44 0000 

  0x0000022428b96540: ; implicit exception: dispatches to 0x0000022428b9a4bc
  0x0000022428b96540: 458b 5a08 | 4585 db0f | 8c07 3100 | 0044 8b50 | 2c45 85d2 | 0f84 930f | 0000 4d8b | ca41 8b79 
  0x0000022428b96560: 148b 4f0c | 450f be59 | 10c4 e222 | f7f1 448b | d641 ffca | 4585 db0f | 8517 3200 | 004c 8bdf 
  0x0000022428b96580: 4c89 9c24 | 8800 0000 | 448b d941 | ffcb 453b | da45 0f4f | da45 85db | 0f8c b90f | 0000 6690 
  0x0000022428b965a0: 85c9 0f86 | 8030 0000 | 443b d90f | 8377 3000 | 0045 85db | 0f8e c630 | 0000 458b | d341 ffca 
  0x0000022428b965c0: 48bb 0060 | cb2f 2402 | 0000 460f | be44 1f10 | 4183 f82e | 0f84 0b0f | 0000 41ff | cb66 6690 
  0x0000022428b965e0: 453b da7f | e541 83fb | 020f 8ea4 | 0000 0045 | 8d53 fe45 | 33c0 4183 | fb02 450f | 4cd0 4181 
  0x0000022428b96600: faa0 0f00 | 0041 b8a0 | 0f00 0045 | 0f47 d041 | 8bd3 412b | d266 6666 

  0x0000022428b96618: ;   {no_reloc}
  0x0000022428b96618: 0f1f 8400 | 0000 0000 | 4d63 c346 | 0fbe 5407 | 1041 83fa | 2e0f 849d | 0000 0046 | 0fbe 4407 
  0x0000022428b96638: 0f0f 1f80 | 0000 0000 | 4183 f82e | 0f84 8b00 | 0000 458d | 53fe 460f | be44 1710 | 4183 f82e 
  0x0000022428b96658: 0f84 7d00 | 0000 458d | 53fd 420f | be44 1710 | 83f8 2e0f | 846a 0000 | 0041 83c3 | fc44 3bda 
  0x0000022428b96678: 7fa6 498b | af50 0400 | 004c 8b54 

  0x0000022428b96684: ; ImmutableOopMap {r10=Oop r9=Oop rdi=NarrowOop [40]=Oop [64]=Oop [104]=Oop [136]=Oop }
                      ;*goto {reexecute=1 rethrow=0 return_oop=0}
                      ; - (reexecute) java.lang.StringLatin1::lastIndexOf@35 (line 285)
                      ; - java.lang.String::lastIndexOf@13 (line 2573)
                      ; - java.lang.String::lastIndexOf@8 (line 2535)
                      ; - java.lang.Class::getPackageName@47 (line 1168)
                      ; - java.lang.ClassLoader::postDefineClass@2 (line 934)
                      ; - java.lang.ClassLoader::defineClass@37 (line 1028)
                      ;   {poll}
  0x0000022428b96684: 2468 8545 | 0041 83fb | 020f 8f5c | ffff ff41 | 83fb ff0f | 8ec4 0e00 | 0066 6690 | 460f be54 
  0x0000022428b966a4: 1f10 4183 | fa2e 0f84 | 4125 0000 | 41ff cb41 | 83fb ff7f | e7e9 a30e | 0000 498b | db48 b900 
  0x0000022428b966c4: 60cb 2f24 | 0200 00e9 | de02 0000 | 458b d3eb | 0645 8bd3 | 41ff ca0f | 1f44 0000 | 4183 faff 
  0x0000022428b966e4: 0f84 3231 | 0000 4585 | d20f 8cd5 | 3000 0044 | 3bd6 0f8f | 4431 0000 | 0f1f 4000 | 443b d675 
  0x0000022428b96704: 0d48 895c | 2430 498b | f1e9 2402 | 0000 4585 | d20f 84cf | 1900 0049 | 8bb7 b801 | 0000 4c8b 
  0x0000022428b96724: de49 83c3 | 184d 3b9f | c801 0000 | 0f83 3f23 | 0000 4d89 | 9fb8 0100 | 0041 0f0d | 8bc0 0000 
  0x0000022428b96744: 0048 c706 | 0100 0000 

  0x0000022428b9674c: ;   {metadata('java/lang/String')}
  0x0000022428b9674c: c746 0840 | e700 0044 | 8966 0c4c | 8966 104c | 8d5f 1090 | 443b d10f | 859c 0000 | 004c 63c1 
  0x0000022428b9676c: 81f9 0000 | 1000 0f87 | 1824 0000 | 498b afb8 | 0100 004d | 8d50 1749 | 83e2 f84c | 8bcd 4d03 
  0x0000022428b9678c: ca4d 3b8f | c801 0000 | 0f83 f623 | 0000 4d89 | 8fb8 0100 | 0041 0f0d | 89c0 0000 | 0048 c745 
  0x0000022428b967ac: 0001 0000 | 0041 0f0d | 8900 0100 

  0x0000022428b967b8: ;   {metadata({type array byte})}
  0x0000022428b967b8: 00c7 4508 | 6822 0000 | 894d 0c41 | 0f0d 8940 | 0100 0041 | 0f0d 8980 | 0100 0048 | 8bd5 4883 
  0x0000022428b967d8: c210 4983 | c007 49c1 | e803 498b | cbc5 f877 | 49ba 6033 | 2228 2402 | 0000 41ff 

  0x0000022428b967f4: ;   {other}
  0x0000022428b967f4: d20f 1f84 | 0000 0000 | 004c 8bed | e9ea 0000 | 0041 81fa | 0000 1000 | 0f87 6630 | 0000 4d63 
  0x0000022428b96814: ca41 3bca | 8be9 410f | 4fea 6690 | 3bcd 0f82 | 6931 0000 | 443b d50f | 8260 3100 | 0049 83c1 
  0x0000022428b96834: 1749 8bf9 | 4883 e7f8 | 0f1f 4000 | 4181 fa00 | 0010 000f | 8778 2200 | 004d 8baf | b801 0000 
  0x0000022428b96854: 4d8b c54c | 03c7 660f | 1f44 0000 | 4d3b 87c8 | 0100 000f | 8358 2200 | 004d 8987 | b801 0000 
  0x0000022428b96874: 410f 0d88 | c000 0000 | 49c7 4500 | 0100 0000 | 410f 0d88 | 0001 0000 

  0x0000022428b9688c: ;   {metadata({type array byte})}
  0x0000022428b9688c: 41c7 4508 | 6822 0000 | 4589 550c | 410f 0d88 | 4001 0000 | 410f 0d88 | 8001 0000 | 498b d548 
  0x0000022428b968ac: 83c2 1049 | c1e9 0385 | ed0f 84ca | 2f00 000f | 1f44 0000 | 413b ea0f | 8c63 1700 | 0048 83c7 
  0x0000022428b968cc: f048 c1ef | 0349 8bcb | 4c8b c7c5 | f877 49ba | 6033 2228 | 2402 0000 

  0x0000022428b968e4: ;   {other}
  0x0000022428b968e4: 41ff d20f | 1f84 0000 | 0000 0041 | 807f 4000 | 0f85 8b13 | 0000 4c8b | d64d 8bc5 | 4489 4614 
  0x0000022428b96904: 4d8b dd4d | 33da 49c1 | eb14 4d85 | db74 1a49 | c1ea 0948 | b900 60cb | 2f24 0200 | 0049 03ca 
  0x0000022428b96924: 8039 020f | 858f 1300 | 0044 8866 | 1048 895c | 2430 488b | d64c 8b54 | 2468 4c89 | 5424 2090 
  0x0000022428b96944: ;   {optimized virtual_call}
  0x0000022428b96944: c5f8 77e8 

  0x0000022428b96948: ; ImmutableOopMap {[32]=Oop [40]=Oop [64]=Oop [104]=Oop }
                      ;*invokevirtual intern {reexecute=0 rethrow=0 return_oop=1}
                      ; - java.lang.Class::getPackageName@65 (line 1169)
                      ; - java.lang.ClassLoader::postDefineClass@2 (line 934)
                      ; - java.lang.ClassLoader::defineClass@37 (line 1028)
  0x0000022428b96948: 1494 c0ff 

  0x0000022428b9694c: ;   {other}
  0x0000022428b9694c: 0f1f 8400 | 3c19 0004 | 488b d866 | 0f1f 8400 | 0000 0000 | 4180 7f40 | 000f 8589 | 1200 004c 
  0x0000022428b9696c: 8bdb 4c8b | 5424 2045 | 895a 3c4c | 8bdb 4d33 | da49 c1eb | 144d 85db | 7423 4885 | db74 1e49 
  0x0000022428b9698c: c1ea 0948 | b900 60cb | 2f24 0200 | 0049 03ca | 0f1f 4000 | 8039 020f | 8586 1200 | 0048 8b4c 
  0x0000022428b969ac: 2430 488b | 7424 2844 | 8b56 3841 | 8b42 284c | 8bc3 6690 

  0x0000022428b969c0: ; implicit exception: dispatches to 0x0000022428b9a2c0
  0x0000022428b969c0: 8b5b 0c4c | 8b5c 2468 | 458b 6b30 | 85db 0f85 | 1802 0000 | 450f b648 | 1145 85c9 | 0f1f 4000 
  0x0000022428b969e0: 0f85 6a0b | 0000 450f | be48 1045 | 85c9 0f85 | c82f 0000 | 418b 6814 

  0x0000022428b969f8: ; implicit exception: dispatches to 0x0000022428b9a4fc
  0x0000022428b969f8: 8b55 0c4c | 8bdd 488d | 7d10 83fa | 020f 8c9a | 0f00 0033 | db83 fa20 | 0f8c 7501 | 0000 4533 
  0x0000022428b96a18: c9c5 d5ef | edc5 cdef | f6c5 c5ef | ffc4 413d 

  0x0000022428b96a28: ;   {external_word}
  0x0000022428b96a28: efc0 49ba | a061 2c6d | fe7f 0000 | 458b 1ac4 | c179 6ec3 | c4e2 7d58 | c044 8bd2 | 4183 e2e0 
  0x0000022428b96a48: 410f afdb | c421 7a7e | 0c0f c421 | 7a7e 540f | 08c4 217a | 7e5c 0f10 | c421 7a7e | 640f 18c4 
  0x0000022428b96a68: e255 40e8 | c442 7d31 | c9c4 c155 | fee9 c4e2 | 4d40 f0c4 | 427d 31d2 | c4c1 4dfe | f2c4 e245 
  0x0000022428b96a88: 40f8 c442 | 7d31 dbc4 | c145 fefb | c462 3d40 | c0c4 427d | 31e4 c441 | 3dfe c441 | 83c1 2045 
  0x0000022428b96aa8: 3bca 7c9c | 4a8d 3c17 

  0x0000022428b96ab0: ;   {external_word}
  0x0000022428b96ab0: 412b d249 | baa4 612c | 6dfe 7f00 | 00c4 c17e | 6f0a c4e2 

  0x0000022428b96ac4: ;   {external_word}
  0x0000022428b96ac4: 5540 e949 | bac4 612c | 6dfe 7f00 | 00c4 c17e | 6f12 c4e2 

  0x0000022428b96ad8: ;   {external_word}
  0x0000022428b96ad8: 4d40 f249 | bae4 612c | 6dfe 7f00 | 00c4 c17e | 6f1a c4e2 

  0x0000022428b96aec: ;   {external_word}
  0x0000022428b96aec: 4540 fb49 | ba04 622c | 6dfe 7f00 | 00c4 c17e | 6f22 c462 | 3d40 c4c4 | 6255 02cd | c443 7d39 
  0x0000022428b96b0c: ca01 c441 | 31fe cac4 | 4231 02c9 | c579 6ed3 | c441 31fe | cac5 797e | cbc4 624d | 02de c443 
  0x0000022428b96b2c: 7d39 dc01 | c441 21fe | dcc4 4221 | 02db c579 | 6ee3 c441 | 21fe dcc5 | 797e dbc4 | 6245 02cf 
  0x0000022428b96b4c: c443 7d39 | ca01 c441 | 31fe cac4 | 4231 02c9 | c579 6ed3 | c441 31fe | cac5 797e | cbc4 423d 
  0x0000022428b96b6c: 02d8 c443 | 7d39 dc01 | c441 21fe | dcc4 4221 | 02db c579 | 6ee3 c441 | 21fe dcc5 | 797e db41 
  0x0000022428b96b8c: b901 0000 | 0044 3bca | 0f8d 2e00 | 0000 41bb | c103 0000 | 410f afdb | 460f b654 | 0fff 458b 
  0x0000022428b96bac: da41 c1e3 | 0545 2bda | 4103 db46 | 0fb6 1c0f | 4103 db41 | 83c1 0244 | 3bca 7cd2 | 7f12 448b 
  0x0000022428b96bcc: d3c1 e305 | 412b da46 | 0fb6 5c0f | ff41 03db | 0f1f 4000 | 85db 0f84 | d50d 0000 | 4189 580c 
  0x0000022428b96bec: ;   {no_reloc}
  0x0000022428b96bec: 85c0 0f84 | 1302 0000 | 448b 580c | 4585 db0f | 1f44 0000 | 0f86 3629 | 0000 448b | d341 c1ea 
  0x0000022428b96c0c: 1044 33d3 | 41ff cb41 | 81e2 ffff | ff7f 4523 | da4d 63db | 468b 5c98 | 1045 85db | 0f84 d901 
  0x0000022428b96c2c: 0000 418b | 6b0c 413b | ea0f 84d0 | 0000 0085 | ed66 6690 | 0f8c df2d | 0000 458b | 5b18 4585 
  0x0000022428b96c4c: db0f 84b4 | 0100 0049 | 8bc3 8b58 | 0c49 8baf | 5004 0000 | 4c8b 5c24 

  0x0000022428b96c64: ; ImmutableOopMap {r11=Oop r8=Oop rsi=Oop rax=Oop r13=NarrowOop [64]=Oop [104]=Oop }
                      ;*if_icmpne {reexecute=1 rethrow=0 return_oop=0}
                      ; - (reexecute) java.util.concurrent.ConcurrentHashMap::get@127 (line 946)
                      ; - java.lang.ClassLoader::getNamedPackage@5 (line 341)
                      ; - java.lang.ClassLoader::postDefineClass@9 (line 934)
                      ; - java.lang.ClassLoader::defineClass@37 (line 1028)
                      ;   {poll}
  0x0000022428b96c64: 6885 4500 | 413b da74 | 1244 8b58 | 1845 85db | 0f84 8d01 | 0000 498b | c3eb d78b | 6810 4c8b 
  0x0000022428b96c84: dd4d 3bd8 | 0f84 6700 | 0000 85ed | 0f84 6730 | 0000 4889 | 4424 5044 | 8954 244c | 4489 6c24 
  0x0000022428b96ca4: 484c 8944 | 2438 4c8b | 5424 6848 | 894c 2428 | 4889 7424 | 204c 8bc5 | 488b 5424 | 3849 8bea 
  0x0000022428b96cc4: ;   {optimized virtual_call}
  0x0000022428b96cc4: c5f8 77e8 

  0x0000022428b96cc8: ; ImmutableOopMap {rbp=Oop [32]=Oop [56]=Oop [64]=Oop [72]=NarrowOop [80]=Oop [104]=Oop }
                      ;*invokevirtual equals {reexecute=0 rethrow=0 return_oop=0}
                      ; - java.util.concurrent.ConcurrentHashMap::get@149 (line 947)
                      ; - java.lang.ClassLoader::getNamedPackage@5 (line 341)
                      ; - java.lang.ClassLoader::postDefineClass@9 (line 934)
                      ; - java.lang.ClassLoader::defineClass@37 (line 1028)
  0x0000022428b96cc8: b47d 6aff 

  0x0000022428b96ccc: ;   {other}
  0x0000022428b96ccc: 0f1f 8400 | bc1c 0006 | 85c0 0f84 | 6430 0000 | 488b 7424 | 2048 8b4c | 2428 4c8b | 4424 3844 
  0x0000022428b96cec: 8b6c 2448 | 488b 4424 | 508b 6814 | 85ed 660f | 1f44 0000 | 0f85 9300 | 0000 e9fc | 0000 0041 
  0x0000022428b96d0c: 8b6b 104c | 8bcd 4d3b | c80f 8472 | 0000 0085 | ed66 6690 | 0f84 3e2d | 0000 4489 | 5424 3c44 
  0x0000022428b96d2c: 896c 2438 | 4c89 4424 | 3048 894c | 2428 4889 | 7424 204c | 8bc5 498b | eb44 895c | 2448 488b 
  0x0000022428b96d4c: 5424 304c | 8b54 2468 | 4c89 5424 | 5066 6690 

  0x0000022428b96d5c: ;   {optimized virtual_call}
  0x0000022428b96d5c: c5f8 77e8 

  0x0000022428b96d60: ; ImmutableOopMap {rbp=Oop [32]=Oop [48]=Oop [56]=NarrowOop [64]=Oop [72]=NarrowOop [80]=Oop [104]=Oop }
                      ;*invokevirtual equals {reexecute=0 rethrow=0 return_oop=0}
                      ; - java.util.concurrent.ConcurrentHashMap::get@73 (line 940)
                      ; - java.lang.ClassLoader::getNamedPackage@5 (line 341)
                      ; - java.lang.ClassLoader::postDefineClass@9 (line 934)
                      ; - java.lang.ClassLoader::defineClass@37 (line 1028)
  0x0000022428b96d60: dc7e dbff 

  0x0000022428b96d64: ;   {other}
  0x0000022428b96d64: 0f1f 8400 | 541d 0007 | 85c0 0f84 | 5313 0000 | 488b 7424 | 2048 8b4c | 2428 4c8b | 4424 3044 
  0x0000022428b96d84: 8b6c 2438 | 448b 5c24 | 4841 8b6b | 1485 ed0f | 846e 0000 | 0044 8b55 | 0849 bb00 | 0000 3524 
  0x0000022428b96da4: 0200 004d | 03da 4d8b 

  0x0000022428b96dac: ;   {metadata('java/lang/NamedPackage')}
  0x0000022428b96dac: 5338 49bb | 20bd 0135 | 2402 0000 | 4d3b d30f | 1f44 0000 | 0f85 b829 | 0000 4c8b | 5424 4041 
  0x0000022428b96dcc: 8b5a 1044 | 8b53 1445 | 85d2 0f85 | 740c 0000 | 448b 5b10 | 4585 db0f | 8510 1900 | 0048 8b44 
  0x0000022428b96dec: 2468 c5f8 | 7748 81c4 | a000 0000 

  0x0000022428b96df8: ;   {poll_return}
  0x0000022428b96df8: 5d49 3ba7 | 4804 0000 | 0f87 1a3a | 0000 c349 | 8b87 b801 | 0000 4c8b | d049 83c2 | 1866 6666 
  0x0000022428b96e18: 0f1f 8400 | 0000 0000 | 4d3b 97c8 | 0100 000f | 83a1 1700 | 004d 8997 | b801 0000 | 410f 0d8a 
  0x0000022428b96e38: c000 0000 | 48c7 0001 

  0x0000022428b96e40: ;   {metadata('java/lang/NamedPackage')}
  0x0000022428b96e40: 0000 00c7 | 4008 20bd | 0100 4489 | 600c 4c89 | 6010 4889 | 7424 2048 | 894c 2428 | 4c89 4424 
  0x0000022428b96e60: 3044 896c | 2438 4889 | 4424 4848 | 8b54 2430 

  0x0000022428b96e70: ;   {optimized virtual_call}
  0x0000022428b96e70: c5f8 77e8 

  0x0000022428b96e74: ; ImmutableOopMap {[32]=Oop [48]=Oop [56]=NarrowOop [64]=Oop [72]=Oop [104]=Oop }
                      ;*invokevirtual isEmpty {reexecute=0 rethrow=0 return_oop=0}
                      ; - java.lang.NamedPackage::<init>@5 (line 48)
                      ; - java.lang.ClassLoader::getNamedPackage@22 (line 343)
                      ; - java.lang.ClassLoader::postDefineClass@9 (line 934)
                      ; - java.lang.ClassLoader::defineClass@37 (line 1028)
  0x0000022428b96e74: c8a0 cbff 

  0x0000022428b96e78: ;   {other}
  0x0000022428b96e78: 0f1f 8400 | 681e 0008 | 85c0 742c | 448b 5c24 | 3845 85db | 0f84 1221 | 0000 498b | d366 6690 
  0x0000022428b96e98: ;   {optimized virtual_call}
  0x0000022428b96e98: c5f8 77e8 

  0x0000022428b96e9c: ; ImmutableOopMap {[32]=Oop [48]=Oop [56]=NarrowOop [64]=Oop [72]=Oop [104]=Oop }
                      ;*invokevirtual isNamed {reexecute=0 rethrow=0 return_oop=0}
                      ; - java.lang.NamedPackage::<init>@12 (line 48)
                      ; - java.lang.ClassLoader::getNamedPackage@22 (line 343)
                      ; - java.lang.ClassLoader::postDefineClass@9 (line 934)
                      ; - java.lang.ClassLoader::defineClass@37 (line 1028)
  0x0000022428b96e9c: e07b 6aff 

  0x0000022428b96ea0: ;   {other}
  0x0000022428b96ea0: 0f1f 8400 | 901e 0009 | 85c0 0f85 | 0c21 0000 | 448b 5c24 | 3849 8beb | 488b 5424 | 304c 8b54 
  0x0000022428b96ec0: 2468 4c89 | 5424 5090 

  0x0000022428b96ec8: ;   {optimized virtual_call}
  0x0000022428b96ec8: c5f8 77e8 

  0x0000022428b96ecc: ; ImmutableOopMap {rbp=Oop [32]=Oop [48]=Oop [56]=NarrowOop [64]=Oop [72]=Oop [80]=Oop [104]=Oop }
                      ;*invokevirtual intern {reexecute=0 rethrow=0 return_oop=1}
                      ; - java.lang.NamedPackage::<init>@47 (line 51)
                      ; - java.lang.ClassLoader::getNamedPackage@22 (line 343)
                      ; - java.lang.ClassLoader::postDefineClass@9 (line 934)
                      ; - java.lang.ClassLoader::defineClass@37 (line 1028)
  0x0000022428b96ecc: 908e c0ff 

  0x0000022428b96ed0: ;   {other}
  0x0000022428b96ed0: 0f1f 8400 | c01e 000a | 488b d80f | 1f44 0000 | 4180 7f40 | 000f 8531 | 0900 0048 | 8b74 2448 
  0x0000022428b96ef0: 4c8b db44 | 895e 0c4c | 8bd6 4c8b | db4d 33da | 49c1 eb14 | 4d85 db74 | 2048 85db | 741b 49c1 
  0x0000022428b96f10: ea09 48b9 | 0060 cb2f | 2402 0000 | 4903 ca90 | 8039 020f | 858e 0900 | 0041 807f | 4000 0f85 
  0x0000022428b96f30: b108 0000 | 8b7c 2438 | 897e 104c | 8bd5 4c8b | de4d 33d3 | 49c1 ea14 | 4d85 d274 | 1e85 ff74 
  0x0000022428b96f50: 1a49 c1eb | 0948 b900 | 60cb 2f24 | 0200 0049 | 03cb 8039 | 020f 85fa | 0800 004c | 8b54 2420 
  0x0000022428b96f70: 458b 5a38 | 4585 db0f | 8427 1f00 | 0048 8974 | 2448 498b | d34c 8b44 | 2430 4c8b | ce66 6690 
  0x0000022428b96f90: ;   {optimized virtual_call}
  0x0000022428b96f90: c5f8 77e8 

  0x0000022428b96f94: ; ImmutableOopMap {[32]=Oop [56]=NarrowOop [64]=Oop [72]=Oop [80]=Oop [104]=Oop }
                      ;*invokevirtual putIfAbsent {reexecute=0 rethrow=0 return_oop=1}
                      ; - java.lang.ClassLoader::getNamedPackage@32 (line 345)
                      ; - java.lang.ClassLoader::postDefineClass@9 (line 934)
                      ; - java.lang.ClassLoader::defineClass@37 (line 1028)
  0x0000022428b96f94: a893 d1ff 

  0x0000022428b96f98: ;   {other}
  0x0000022428b96f98: 0f1f 8400 | 881f 000b | 4885 c00f | 84ab 0800 | 0044 8b58 | 0849 ba00 | 0000 3524 | 0200 004d 
  0x0000022428b96fb8: 03d3 4d8b 

  0x0000022428b96fbc: ;   {metadata('java/lang/NamedPackage')}
  0x0000022428b96fbc: 5238 49bb | 20bd 0135 | 2402 0000 | 4d3b d30f | 85ef 1e00 | 0048 8be8 | ba54 ffff | ff4c 8b54 
  0x0000022428b96fdc: 2450 4c89 | 5424 3090 

  0x0000022428b96fe4: ;   {runtime_call UncommonTrapBlob}
  0x0000022428b96fe4: c5f8 77e8 

  0x0000022428b96fe8: ; ImmutableOopMap {rbp=Oop [32]=Oop [48]=Oop [56]=NarrowOop [64]=Oop [72]=Oop [80]=Oop }
                      ;*ifnull {reexecute=1 rethrow=0 return_oop=0}
                      ; - (reexecute) java.lang.ClassLoader::getNamedPackage@42 (line 346)
                      ; - java.lang.ClassLoader::postDefineClass@9 (line 934)
                      ; - java.lang.ClassLoader::defineClass@37 (line 1028)
  0x0000022428b96fe8: 14d6 6aff 

  0x0000022428b96fec: ;   {other}
  0x0000022428b96fec: 0f1f 8400 | dc1f 000c | 85ed 0f85 | 89ef ffff | 4d8b d048 | 8bf0 498b | f94c 63c2 | 498b cb49 
  0x0000022428b9700c: 8bd2 c5f8 | 7749 bac0 | 2c22 2824 | 0200 0041 

  0x0000022428b9701c: ;   {other}
  0x0000022428b9701c: ffd2 0f1f | 8400 0000 | 0000 4c8b | cf48 8bc6 | e9ed efff | ffc6 4010 | 2fc6 4011 | 2f41 b802 
  0x0000022428b9703c: 0000 0090 | e9e3 eeff | ff89 7c24 | 5c89 5424 | 584c 8974 | 2450 4c89 | 6c24 4889 | 5c24 2049 
  0x0000022428b9705c: 8beb 4489 | 5c24 2449 | 8bd6 6690 

  0x0000022428b97068: ;   {optimized virtual_call}
  0x0000022428b97068: c5f8 77e8 

  0x0000022428b9706c: ; ImmutableOopMap {rbp=Oop [32]=NarrowOop [36]=NarrowOop [40]=Oop [48]=Oop [64]=Oop [72]=Oop [80]=Oop [88]=NarrowOop [128]=Oop }
                      ;*invokevirtual newCapacity {reexecute=0 rethrow=0 return_oop=0}
                      ; - java.lang.AbstractStringBuilder::ensureCapacityInternal@24 (line 243)
                      ; - java.lang.AbstractStringBuilder::append@21 (line 587)
                      ; - java.lang.StringBuilder::append@2 (line 179)
                      ; - java.net.URLStreamHandler::toExternalForm@11 (line 480)
                      ; - java.net.URL::toExternalForm@5 (line 1203)
                      ; - java.net.URL::toString@1 (line 1189)
                      ; - java.lang.ClassLoader::defineClassSourceLocation@22 (line 927)
                      ; - java.lang.ClassLoader::defineClass@12 (line 1026)
  0x0000022428b9706c: 107a 6aff 

  0x0000022428b97070: ;   {other}
  0x0000022428b97070: 0f1f 8400 | 6020 000d | 4c8b 5424 | 5045 0fbe | 5a10 c462 | 21f7 c044 | 8b54 2458 | 498b d290 
  0x0000022428b97090: ;   {static_call}
  0x0000022428b97090: c5f8 77e8 

  0x0000022428b97094: ; ImmutableOopMap {rbp=Oop [32]=NarrowOop [36]=NarrowOop [40]=Oop [48]=Oop [64]=Oop [72]=Oop [80]=Oop [128]=Oop }
                      ;*invokestatic copyOf {reexecute=0 rethrow=0 return_oop=1}
                      ; - java.lang.AbstractStringBuilder::ensureCapacityInternal@32 (line 242)
                      ; - java.lang.AbstractStringBuilder::append@21 (line 587)
                      ; - java.lang.StringBuilder::append@2 (line 179)
                      ; - java.net.URLStreamHandler::toExternalForm@11 (line 480)
                      ; - java.net.URL::toExternalForm@5 (line 1203)
                      ; - java.net.URL::toString@1 (line 1189)
                      ; - java.lang.ClassLoader::defineClassSourceLocation@22 (line 927)
                      ; - java.lang.ClassLoader::defineClass@12 (line 1026)
  0x0000022428b97094: e87f 6aff 

  0x0000022428b97098: ;   {other}
  0x0000022428b97098: 0f1f 8400 | 8820 000e | 488b d841 | 807f 4000 | 0f85 fe10 | 0000 4c8b | 7424 504c | 8bdb 4589 
  0x0000022428b970b8: 5e14 4d8b | d64c 8bdb | 4d33 da49 | c1eb 144d | 85db 741f | 4885 db74 | 1a49 c1ea | 0948 b900 
  0x0000022428b970d8: 60cb 2f24 | 0200 0049 | 03ca 8039 | 020f 8521 | 1200 008b | 5c24 204c | 8b6c 2448 | 448b 5c24 
  0x0000022428b970f8: 248b 7c24 | 5c66 6690 | e964 ecff | ff44 894c | 2424 498b | ee4c 896c | 2448 895c | 2420 448b 
  0x0000022428b97118: c741 ffc0 | 498b d690 

  0x0000022428b97120: ;   {optimized virtual_call}
  0x0000022428b97120: c5f8 77e8 

  0x0000022428b97124: ; ImmutableOopMap {rbp=Oop [32]=NarrowOop [36]=NarrowOop [40]=Oop [48]=Oop [64]=Oop [72]=Oop [128]=Oop }
                      ;*invokevirtual newCapacity {reexecute=0 rethrow=0 return_oop=0}
                      ; - java.lang.AbstractStringBuilder::ensureCapacityInternal@24 (line 243)
                      ; - java.lang.AbstractStringBuilder::append@7 (line 806)
                      ; - java.lang.StringBuilder::append@2 (line 246)
                      ; - java.net.URLStreamHandler::toExternalForm@16 (line 480)
                      ; - java.net.URL::toExternalForm@5 (line 1203)
                      ; - java.net.URL::toString@1 (line 1189)
                      ; - java.lang.ClassLoader::defineClassSourceLocation@22 (line 927)
                      ; - java.lang.ClassLoader::defineClass@12 (line 1026)
  0x0000022428b97124: 5879 6aff 

  0x0000022428b97128: ;   {other}
  0x0000022428b97128: 0f1f 8400 | 1821 000f | 440f be55 | 10c4 6229 | f7c0 448b | 5424 2449 | 8bd2 6690 

  0x0000022428b97144: ;   {static_call}
  0x0000022428b97144: c5f8 77e8 

  0x0000022428b97148: ; ImmutableOopMap {rbp=Oop [32]=NarrowOop [40]=Oop [48]=Oop [64]=Oop [72]=Oop [128]=Oop }
                      ;*invokestatic copyOf {reexecute=0 rethrow=0 return_oop=1}
                      ; - java.lang.AbstractStringBuilder::ensureCapacityInternal@32 (line 242)
                      ; - java.lang.AbstractStringBuilder::append@7 (line 806)
                      ; - java.lang.StringBuilder::append@2 (line 246)
                      ; - java.net.URLStreamHandler::toExternalForm@16 (line 480)
                      ; - java.net.URL::toExternalForm@5 (line 1203)
                      ; - java.net.URL::toString@1 (line 1189)
                      ; - java.lang.ClassLoader::defineClassSourceLocation@22 (line 927)
                      ; - java.lang.ClassLoader::defineClass@12 (line 1026)
  0x0000022428b97148: 347f 6aff 

  0x0000022428b9714c: ;   {other}
  0x0000022428b9714c: 0f1f 8400 | 3c21 0010 | 488b d866 | 0f1f 8400 | 0000 0000 | 4180 7f40 | 000f 857a | 1000 004c 
  0x0000022428b9716c: 8bf5 4c8b | cb45 894e | 144d 8bd6 | 4c8b db4d | 33da 49c1 | eb14 4d85 | db74 2248 | 85db 741d 
  0x0000022428b9718c: 49c1 ea09 | 48b9 0060 | cb2f 2402 | 0000 4903 | ca66 6690 | 8039 020f | 85bc 1100 | 008b 5c24 
  0x0000022428b971ac: 204c 8b6c | 2448 e95d | ecff ff49 | 8bd6 498b | ee66 6690 

  0x0000022428b971c0: ;   {optimized virtual_call}
  0x0000022428b971c0: c5f8 77e8 

  0x0000022428b971c4: ; ImmutableOopMap {rbp=Oop [32]=NarrowOop [36]=NarrowOop [40]=Oop [48]=Oop [64]=Oop [72]=Oop [80]=Oop [88]=Oop [128]=Oop }
                      ;*invokevirtual newCapacity {reexecute=0 rethrow=0 return_oop=0}
                      ; - java.lang.AbstractStringBuilder::ensureCapacityInternal@24 (line 243)
                      ; - java.lang.AbstractStringBuilder::append@21 (line 587)
                      ; - java.lang.StringBuilder::append@2 (line 179)
                      ; - java.net.URLStreamHandler::toExternalForm@59 (line 483)
                      ; - java.net.URL::toExternalForm@5 (line 1203)
                      ; - java.net.URL::toString@1 (line 1189)
                      ; - java.lang.ClassLoader::defineClassSourceLocation@22 (line 927)
                      ; - java.lang.ClassLoader::defineClass@12 (line 1026)
  0x0000022428b971c4: b878 6aff 

  0x0000022428b971c8: ;   {other}
  0x0000022428b971c8: 0f1f 8400 | b821 0011 | 440f be5d | 10c4 6221 | f7c0 448b | 5c24 2449 | 8bd3 8b6c | 2460 6690 
  0x0000022428b971e8: ;   {static_call}
  0x0000022428b971e8: c5f8 77e8 

  0x0000022428b971ec: ; ImmutableOopMap {[32]=NarrowOop [40]=Oop [48]=Oop [64]=Oop [72]=Oop [80]=Oop [88]=Oop [128]=Oop }
                      ;*invokestatic copyOf {reexecute=0 rethrow=0 return_oop=1}
                      ; - java.lang.AbstractStringBuilder::ensureCapacityInternal@32 (line 242)
                      ; - java.lang.AbstractStringBuilder::append@21 (line 587)
                      ; - java.lang.StringBuilder::append@2 (line 179)
                      ; - java.net.URLStreamHandler::toExternalForm@59 (line 483)
                      ; - java.net.URL::toExternalForm@5 (line 1203)
                      ; - java.net.URL::toString@1 (line 1189)
                      ; - java.lang.ClassLoader::defineClassSourceLocation@22 (line 927)
                      ; - java.lang.ClassLoader::defineClass@12 (line 1026)
  0x0000022428b971ec: 907e 6aff 

  0x0000022428b971f0: ;   {other}
  0x0000022428b971f0: 0f1f 8400 | e021 0012 | 488b f80f | 1f44 0000 | 4180 7f40 | 000f 8514 | 1000 0048 | 8b5c 2450 
  0x0000022428b97210: 4c8b df44 | 895b 144c | 8bd3 4c8b | df4d 33da | 49c1 eb14 | 4d85 db74 | 2048 85ff | 741b 49c1 
  0x0000022428b97230: ea09 48b9 | 0060 cb2f | 2402 0000 | 4903 ca90 | 8039 020f | 856f 1100 | 000f be4b | 1048 8b7c 
  0x0000022428b97250: 2458 440f | be4f 1044 | 8b43 0c0f | 1f44 0000 | e968 eeff | ff44 896c | 245c 8954 | 2458 4889 
  0x0000022428b97270: 5c24 5048 | 8be9 894c | 2424 488b | d366 6690 

  0x0000022428b97280: ;   {optimized virtual_call}
  0x0000022428b97280: c5f8 77e8 

  0x0000022428b97284: ; ImmutableOopMap {rbp=Oop [32]=NarrowOop [36]=NarrowOop [40]=Oop [48]=Oop [64]=Oop [72]=Oop [80]=Oop [88]=NarrowOop [128]=Oop }
                      ;*invokevirtual newCapacity {reexecute=0 rethrow=0 return_oop=0}
                      ; - java.lang.AbstractStringBuilder::ensureCapacityInternal@24 (line 243)
                      ; - java.lang.AbstractStringBuilder::append@21 (line 587)
                      ; - java.lang.StringBuilder::append@2 (line 179)
                      ; - java.net.URLStreamHandler::toExternalForm@77 (line 484)
                      ; - java.net.URL::toExternalForm@5 (line 1203)
                      ; - java.net.URL::toString@1 (line 1189)
                      ; - java.lang.ClassLoader::defineClassSourceLocation@22 (line 927)
                      ; - java.lang.ClassLoader::defineClass@12 (line 1026)
  0x0000022428b97284: 380c c8ff 

  0x0000022428b97288: ;   {other}
  0x0000022428b97288: 0f1f 8400 | 7822 0013 | 4c8b 5424 | 5045 0fbe | 5210 c462 | 29f7 c044 | 8b5c 2458 | 498b d390 
  0x0000022428b972a8: ;   {static_call}
  0x0000022428b972a8: c5f8 77e8 

  0x0000022428b972ac: ; ImmutableOopMap {rbp=Oop [32]=NarrowOop [36]=NarrowOop [40]=Oop [48]=Oop [64]=Oop [72]=Oop [80]=Oop [128]=Oop }
                      ;*invokestatic copyOf {reexecute=0 rethrow=0 return_oop=1}
                      ; - java.lang.AbstractStringBuilder::ensureCapacityInternal@32 (line 242)
                      ; - java.lang.AbstractStringBuilder::append@21 (line 587)
                      ; - java.lang.StringBuilder::append@2 (line 179)
                      ; - java.net.URLStreamHandler::toExternalForm@77 (line 484)
                      ; - java.net.URL::toExternalForm@5 (line 1203)
                      ; - java.net.URL::toString@1 (line 1189)
                      ; - java.lang.ClassLoader::defineClassSourceLocation@22 (line 927)
                      ; - java.lang.ClassLoader::defineClass@12 (line 1026)
  0x0000022428b972ac: 10e9 c5ff 

  0x0000022428b972b0: ;   {other}
  0x0000022428b972b0: 0f1f 8400 | a022 0014 | 488b f80f | 1f44 0000 | 4180 7f40 | 000f 8591 | 0f00 0048 | 8b5c 2450 
  0x0000022428b972d0: 4c8b d744 | 8953 144c | 8bd3 4c8b | df4d 33da | 49c1 eb14 | 4d85 db74 | 2048 85ff | 741b 49c1 
  0x0000022428b972f0: ea09 48b9 | 0060 cb2f | 2402 0000 | 4903 ca90 | 8039 020f | 8500 1100 | 008b 7c24 | 208b 4c24 
  0x0000022428b97310: 2444 8b6c | 245c e96b | eeff ff48 | 895c 2450 | 897c 2420 | 488b d390 

  0x0000022428b97328: ;   {optimized virtual_call}
  0x0000022428b97328: c5f8 77e8 

  0x0000022428b9732c: ; ImmutableOopMap {rbp=NarrowOop [32]=NarrowOop [40]=Oop [48]=Oop [64]=Oop [72]=Oop [80]=Oop [128]=Oop }
                      ;*invokevirtual newCapacity {reexecute=0 rethrow=0 return_oop=0}
                      ; - java.lang.AbstractStringBuilder::ensureCapacityInternal@24 (line 243)
                      ; - java.lang.AbstractStringBuilder::append@21 (line 587)
                      ; - java.lang.StringBuilder::append@2 (line 179)
                      ; - java.net.URLStreamHandler::toExternalForm@113 (line 485)
                      ; - java.net.URL::toExternalForm@5 (line 1203)
                      ; - java.net.URL::toString@1 (line 1189)
                      ; - java.lang.ClassLoader::defineClassSourceLocation@22 (line 927)
                      ; - java.lang.ClassLoader::defineClass@12 (line 1026)
  0x0000022428b9732c: 5077 6aff 

  0x0000022428b97330: ;   {other}
  0x0000022428b97330: 0f1f 8400 | 2023 0015 | 4c8b 5424 | 5045 0fbe | 5210 c462 | 29f7 c048 | 8bd5 4c8b | 5424 5049 
  0x0000022428b97350: 8bea 6690 

  0x0000022428b97354: ;   {static_call}
  0x0000022428b97354: c5f8 77e8 

  0x0000022428b97358: ; ImmutableOopMap {rbp=Oop [32]=NarrowOop [40]=Oop [48]=Oop [64]=Oop [72]=Oop [128]=Oop }
                      ;*invokestatic copyOf {reexecute=0 rethrow=0 return_oop=1}
                      ; - java.lang.AbstractStringBuilder::ensureCapacityInternal@32 (line 242)
                      ; - java.lang.AbstractStringBuilder::append@21 (line 587)
                      ; - java.lang.StringBuilder::append@2 (line 179)
                      ; - java.net.URLStreamHandler::toExternalForm@113 (line 485)
                      ; - java.net.URL::toExternalForm@5 (line 1203)
                      ; - java.net.URL::toString@1 (line 1189)
                      ; - java.lang.ClassLoader::defineClassSourceLocation@22 (line 927)
                      ; - java.lang.ClassLoader::defineClass@12 (line 1026)
  0x0000022428b97358: 247d 6aff 

  0x0000022428b9735c: ;   {other}
  0x0000022428b9735c: 0f1f 8400 | 4c23 0016 | 488b f841 | 807f 4000 | 0f85 220f | 0000 488b | dd4c 8bd7 | 4489 5314 
  0x0000022428b9737c: 4c8b d34c | 8bdf 4d33 | da49 c1eb | 144d 85db | 741f 4885 | ff74 1a49 | c1ea 0948 | b900 60cb 
  0x0000022428b9739c: 2f24 0200 | 0049 03ca | 8039 020f | 85b8 1000 | 008b 7c24 | 20e9 87ee | ffff 894c | 2448 4889 
  0x0000022428b973bc: 5c24 2048 | 8bd3 8b6c | 2438 6690 

  0x0000022428b973c8: ;   {optimized virtual_call}
  0x0000022428b973c8: c5f8 77e8 

  0x0000022428b973cc: ; ImmutableOopMap {[32]=Oop [40]=Oop [48]=Oop [64]=Oop [72]=NarrowOop [128]=Oop }
                      ;*invokevirtual newCapacity {reexecute=0 rethrow=0 return_oop=0}
                      ; - java.lang.AbstractStringBuilder::ensureCapacityInternal@24 (line 243)
                      ; - java.lang.AbstractStringBuilder::append@21 (line 587)
                      ; - java.lang.StringBuilder::append@2 (line 179)
                      ; - java.net.URLStreamHandler::toExternalForm@149 (line 486)
                      ; - java.net.URL::toExternalForm@5 (line 1203)
                      ; - java.net.URL::toString@1 (line 1189)
                      ; - java.lang.ClassLoader::defineClassSourceLocation@22 (line 927)
                      ; - java.lang.ClassLoader::defineClass@12 (line 1026)
  0x0000022428b973cc: b076 6aff 

  0x0000022428b973d0: ;   {other}
  0x0000022428b973d0: 0f1f 8400 | c023 0017 | 4c8b 5424 | 2045 0fbe | 5210 c462 | 29f7 c044 | 8b5c 2448 | 498b d348 
  0x0000022428b973f0: 8bac 2480 | 0000 0090 

  0x0000022428b973f8: ;   {static_call}
  0x0000022428b973f8: c5f8 77e8 

  0x0000022428b973fc: ; ImmutableOopMap {rbp=Oop [32]=Oop [40]=Oop [48]=Oop [64]=Oop [128]=Oop }
                      ;*invokestatic copyOf {reexecute=0 rethrow=0 return_oop=1}
                      ; - java.lang.AbstractStringBuilder::ensureCapacityInternal@32 (line 242)
                      ; - java.lang.AbstractStringBuilder::append@21 (line 587)
                      ; - java.lang.StringBuilder::append@2 (line 179)
                      ; - java.net.URLStreamHandler::toExternalForm@149 (line 486)
                      ; - java.net.URL::toExternalForm@5 (line 1203)
                      ; - java.net.URL::toString@1 (line 1189)
                      ; - java.lang.ClassLoader::defineClassSourceLocation@22 (line 927)
                      ; - java.lang.ClassLoader::defineClass@12 (line 1026)
  0x0000022428b973fc: 807c 6aff 

  0x0000022428b97400: ;   {other}
  0x0000022428b97400: 0f1f 8400 | f023 0018 | 488b f841 | 807f 4000 | 0f85 b90e | 0000 488b | 5c24 204c | 8bd7 4489 
  0x0000022428b97420: 5314 4c8b | d34c 8bdf | 4d33 da49 | c1eb 144d | 85db 741f | 4885 ff74 | 1a49 c1ea | 0948 b900 
  0x0000022428b97440: 60cb 2f24 | 0200 0049 | 03ca 8039 | 020f 8564 | 1000 000f | be6b 1044 | 8b43 0c0f | 1f44 0000 
  0x0000022428b97460: e932 eeff 

  0x0000022428b97464: ;   {oop(""{0x0000000081d4c5f8})}
  0x0000022428b97464: ff49 b8f8 | c5d4 8100 | 0000 00e9 | f6eb ffff | 8bcd e989 | e4ff ff0f | 1f44 0000 | 4183 fb04 
  0x0000022428b97484: 0f86 7d27 | 0000 4180 | 7a11 610f | 8566 e3ff | ff41 807a | 1276 660f | 1f44 0000 | 0f85 55e3 
  0x0000022428b974a4: ffff 4180 | 7a13 610f | 854a e3ff | ff41 807a | 142e 0f85 | 3fe3 ffff 

  0x0000022428b974bc: ;   {oop(a 'jdk/internal/loader/ClassLoaders$PlatformClassLoader'{0x0000000081d4e870})}
  0x0000022428b974bc: 48b9 70e8 | d481 0000 | 0000 488b | 5c24 2848 | 3bd9 0f85 | 202b 0000 

  0x0000022428b974d4: ;   {oop(a 'jdk/internal/loader/ClassLoaders$PlatformClassLoader'{0x0000000081d4e870})}
  0x0000022428b974d4: 48bb 70e8 | d481 0000 | 0000 6690 | e91b e3ff | ff45 8bd3 | e9ee f1ff | ff48 8be8 | 488b d090 
  0x0000022428b974f4: ;   {optimized virtual_call}
  0x0000022428b974f4: c5f8 77e8 

  0x0000022428b974f8: ; ImmutableOopMap {rbp=Oop [40]=Oop [64]=Oop [104]=Oop }
                      ;*invokevirtual initClassName {reexecute=0 rethrow=0 return_oop=1}
                      ; - java.lang.Class::getName@14 (line 948)
                      ; - java.lang.Class::getPackageName@40 (line 1167)
                      ; - java.lang.ClassLoader::postDefineClass@2 (line 934)
                      ; - java.lang.ClassLoader::defineClass@37 (line 1028)
  0x0000022428b974f8: e400 c2ff 

  0x0000022428b974fc: ;   {other}
  0x0000022428b974fc: 0f1f 8400 | ec24 0019 | 4c8b c848 | 85c0 0f85 | 4df0 ffff | baf6 ffff | ff66 6690 

  0x0000022428b97518: ;   {runtime_call UncommonTrapBlob}
  0x0000022428b97518: c5f8 77e8 

  0x0000022428b9751c: ; ImmutableOopMap {}
                      ;*invokevirtual lastIndexOf {reexecute=0 rethrow=0 return_oop=0}
                      ; - java.lang.Class::getPackageName@47 (line 1168)
                      ; - java.lang.ClassLoader::postDefineClass@2 (line 934)
                      ; - java.lang.ClassLoader::defineClass@37 (line 1028)
  0x0000022428b9751c: e0d0 6aff 

  0x0000022428b97520: ;   {other}
  0x0000022428b97520: 0f1f 8400 | 1025 001a | 4c8b c083 | fdff 7e16 | 410f be4c | 2a10 83f9 | 2e0f 84ab | 1600 00ff 
  0x0000022428b97540: cd83 fdff | 7fea b9ff | ffff ffe9 | b4e3 ffff | 33db e995 | f6ff ff48 | bb00 60cb | 2f24 0200 
  0x0000022428b97560: 0041 baff | ffff ffe9 | 6ff1 ffff | 458b 5a0c | 458b 4a08 | 4d63 c349 | 8bd2 49c1 | e002 6690 
  0x0000022428b97580: 4181 fb00 | 0004 0077 | 2449 8b87 | b801 0000 | 498d 4817 | 4883 e1f8 | 488b f848 | 03f9 6690 
  0x0000022428b975a0: 493b bfc8 | 0100 000f | 8250 2800 | 0048 8954 | 2460 4c89 | 4424 5844 | 8954 2450 | 4889 5c24 
  0x0000022428b975c0: 484c 8974 | 2440 4c8b | 5424 284c | 8954 2420 | 488b ac24 | 8000 0000 | 48ba 0000 | 0035 2402 
  0x0000022428b975e0: 0000 4903 | d145 8bc3 

  0x0000022428b975e8: ;   {runtime_call _new_array_Java}
  0x0000022428b975e8: c5f8 77e8 

  0x0000022428b975ec: ; ImmutableOopMap {rbp=Oop [32]=Oop [48]=Oop [64]=Oop [72]=Oop [80]=NarrowOop [96]=Oop [128]=Oop [136]=Oop }
                      ;*invokevirtual clone {reexecute=1 rethrow=0 return_oop=1}
                      ; - (reexecute) java.security.CodeSource::getCertificates@11 (line 205)
                      ; - java.lang.ClassLoader::checkCerts@34 (line 1168)
                      ; - java.lang.ClassLoader::preDefineClass@113 (line 917)
                      ; - java.lang.ClassLoader::defineClass@4 (line 1025)
  0x0000022428b975ec: 905e 77ff 

  0x0000022428b975f0: ;   {other}
  0x0000022428b975f0: 0f1f 8400 | e025 001b | 4c8b 5424 | 204c 8954 | 2428 4c8b | 7424 4048 | 8b5c 2448 | 448b 5424 
  0x0000022428b97610: 504c 8b44 | 2458 488b | 5424 6048 | 8be8 498d | 4a10 488b | d548 83c2 | 1049 83c0 | 0749 c1e8 
  0x0000022428b97630: 03c5 f877 | 49ba 6033 | 2228 2402 | 0000 41ff 

  0x0000022428b97640: ;   {other}
  0x0000022428b97640: d20f 1f84 | 0000 0000 | 00ba 45ff | ffff 4c8b | 5424 284c | 8954 2420 | 4c89 7424 | 4048 895c 
  0x0000022428b97660: 2448 6690 

  0x0000022428b97664: ;   {runtime_call UncommonTrapBlob}
  0x0000022428b97664: c5f8 77e8 

  0x0000022428b97668: ; ImmutableOopMap {rbp=Oop [32]=Oop [48]=Oop [64]=Oop [72]=Oop [128]=Oop [136]=Oop }
                      ;*ifnonnull {reexecute=1 rethrow=0 return_oop=0}
                      ; - (reexecute) java.lang.ClassLoader::checkCerts@41 (line 1170)
                      ; - java.lang.ClassLoader::preDefineClass@113 (line 917)
                      ; - java.lang.ClassLoader::defineClass@4 (line 1025)
  0x0000022428b97668: 94cf 6aff 

  0x0000022428b9766c: ;   {other}
  0x0000022428b9766c: 0f1f 8400 | 5c26 001c | 448b 5614 | 4585 d20f | 1f44 0000 | 0f84 34ee | ffff 4d8b | 5f28 498b 
  0x0000022428b9768c: ca4d 85db | 0f84 221b | 0000 4d8b | 5738 4b89 | 4c1a f849 | 83c3 f84d | 895f 28e9 | 0eee ffff 
  0x0000022428b976ac: 4d8b 5748 | 4d8b 5f58 | f083 4424 | c000 660f | 1f44 0000 | 8039 000f | 8460 e6ff | ff44 8821 
  0x0000022428b976cc: 4d85 d275 | 2049 8bd7 | c5f8 7749 | baa0 14b4 | 6cfe 7f00 | 0041 ffd2 

  0x0000022428b976e4: ;   {other}
  0x0000022428b976e4: 0f1f 8400 | 0000 0000 | e938 e6ff | ff4b 894c | 13f8 4983 | c2f8 4d89 | 5748 6690 | e924 e6ff 
  0x0000022428b97704: ff4d 8b57 | 484d 8b5f | 58f0 8344 | 24c0 0080 | 3900 0f84 | d1ed ffff | 4488 2190 | 4d85 d275 
  0x0000022428b97724: 2049 8bd7 | c5f8 7749 | baa0 14b4 | 6cfe 7f00 | 0041 ffd2 

  0x0000022428b97738: ;   {other}
  0x0000022428b97738: 0f1f 8400 | 0000 0000 | e9a8 edff | ff4b 894c | 13f8 4983 | c2f8 4d89 | 5748 e996 | edff ff4c 
  0x0000022428b97758: 8974 2450 | 4c89 6c24 | 4889 5c24 | 2048 8b6c | 2440 498b | d666 6690 

  0x0000022428b97770: ;   {optimized virtual_call}
  0x0000022428b97770: c5f8 77e8 

  0x0000022428b97774: ; ImmutableOopMap {rbp=Oop [32]=NarrowOop [40]=Oop [48]=Oop [72]=Oop [80]=Oop [128]=Oop }
                      ;*invokevirtual isLatin1 {reexecute=0 rethrow=0 return_oop=0}
                      ; - java.lang.AbstractStringBuilder::append@46 (line 810)
                      ; - java.lang.StringBuilder::append@2 (line 246)
                      ; - java.net.URLStreamHandler::toExternalForm@16 (line 480)
                      ; - java.net.URL::toExternalForm@5 (line 1203)
                      ; - java.net.URL::toString@1 (line 1189)
                      ; - java.lang.ClassLoader::defineClassSourceLocation@22 (line 927)
                      ; - java.lang.ClassLoader::defineClass@12 (line 1026)
  0x0000022428b97774: 0873 6aff 

  0x0000022428b97778: ;   {other}
  0x0000022428b97778: 0f1f 8400 | 6827 001d | 85c0 7418 | 488b 5424 | 5066 6690 

  0x0000022428b9778c: ;   {optimized virtual_call}
  0x0000022428b9778c: c5f8 77e8 

  0x0000022428b97790: ; ImmutableOopMap {rbp=Oop [32]=NarrowOop [40]=Oop [48]=Oop [72]=Oop [80]=Oop [128]=Oop }
                      ;*invokevirtual inflate {reexecute=0 rethrow=0 return_oop=0}
                      ; - java.lang.AbstractStringBuilder::append@53 (line 811)
                      ; - java.lang.StringBuilder::append@2 (line 246)
                      ; - java.net.URLStreamHandler::toExternalForm@16 (line 480)
                      ; - java.net.URL::toExternalForm@5 (line 1203)
                      ; - java.net.URL::toString@1 (line 1189)
                      ; - java.lang.ClassLoader::defineClassSourceLocation@22 (line 927)
                      ; - java.lang.ClassLoader::defineClass@12 (line 1026)
  0x0000022428b97790: ec72 6aff 

  0x0000022428b97794: ;   {other}
  0x0000022428b97794: 0f1f 8400 | 8427 001e | 4c8b 5c24 | 5045 8b53 | 1445 8b43 | 0c49 8bd2 | 458b d041 | ffc2 4589 
  0x0000022428b977b4: 530c 41b9 | 3a00 0000 

  0x0000022428b977bc: ;   {static_call}
  0x0000022428b977bc: c5f8 77e8 

  0x0000022428b977c0: ; ImmutableOopMap {rbp=Oop [32]=NarrowOop [40]=Oop [48]=Oop [72]=Oop [80]=Oop [128]=Oop }
                      ;*invokestatic putCharSB {reexecute=0 rethrow=0 return_oop=0}
                      ; - java.lang.AbstractStringBuilder::append@72 (line 813)
                      ; - java.lang.StringBuilder::append@2 (line 246)
                      ; - java.net.URLStreamHandler::toExternalForm@16 (line 480)
                      ; - java.net.URL::toExternalForm@5 (line 1203)
                      ; - java.net.URL::toString@1 (line 1189)
                      ; - java.lang.ClassLoader::defineClassSourceLocation@22 (line 927)
                      ; - java.lang.ClassLoader::defineClass@12 (line 1026)
  0x0000022428b977c0: bc78 6aff 

  0x0000022428b977c4: ;   {other}
  0x0000022428b977c4: 0f1f 8400 | b427 001f | 4889 6c24 | 408b 5c24 | 204c 8b6c | 2448 4c8b | 7424 5090 | e95b e6ff 
  0x0000022428b977e4: ff44 8b5e | 1045 85db | 0f84 42f7 | ffff 4d8b | 5728 498b | cb4d 85d2 | 0f1f 4000 | 0f84 c61e 
  0x0000022428b97804: 0000 4d8b | 5f38 4b89 | 4c13 f849 | 83c2 f84d | 8957 28e9 | 18f7 ffff | 488b 7424 | 4844 8b56 
  0x0000022428b97824: 0c45 85d2 | 0f84 c2f6 | ffff 4d8b | 5f28 498b | ca4d 85db | 0f84 6e1e | 0000 4d8b | 5738 4b89 
  0x0000022428b97844: 4c1a f849 | 83c3 f84d | 895f 28e9 | 9cf6 ffff | 488b 7424 | 2048 8b4c | 2428 6690 | e961 f5ff 
  0x0000022428b97864: ff4d 8b57 | 484d 8b5f | 58f0 8344 | 24c0 0080 | 3900 0f84 | eff6 ffff | 4488 2190 | 4d85 d275 
  0x0000022428b97884: 2049 8bd7 | c5f8 7749 | baa0 14b4 | 6cfe 7f00 | 0041 ffd2 

  0x0000022428b97898: ;   {other}
  0x0000022428b97898: 0f1f 8400 | 0000 0000 | e9c6 f6ff | ff4b 894c | 13f8 4983 | c2f8 4d89 | 5748 e9b4 | f6ff ff4d 
  0x0000022428b978b8: 8b57 584d | 8b5f 48f0 | 8344 24c0 | 0080 3900 | 0f84 5bf6 | ffff 4488 | 214d 85db | 7520 498b 
  0x0000022428b978d8: d7c5 f877 | 49ba a014 | b46c fe7f | 0000 41ff 

  0x0000022428b978e8: ;   {other}
  0x0000022428b978e8: d20f 1f84 | 0000 0000 | 00e9 33f6 | ffff 4b89 | 4c1a f849 | 83c3 f84d | 895f 48e9 | 21f6 ffff 
  0x0000022428b97908: 4c63 c54d | 8d50 104d | 8bca 4983 | e1f8 498b | fd49 03f9 | 49c1 ea03 | 4d2b da49 | 8bcb 4833 
  0x0000022428b97928: c048 83f9 | 087f 1048 | ffc9 784f | 4889 04cf | 48ff c97d | f7eb 44c5 | fdef c0e9 | 0d00 0000 
  0x0000022428b97948: c5fe 7f07 | c5fe 7f47 | 2048 83c7 | 4048 83e9 | 087d ed48 | 83c1 047c | 0cc5 fe7f | 0748 83c7 
  0x0000022428b97968: 2048 83e9 | 0448 83c1 | 047e 1048 | ffc9 c5f9 | d607 4883 | c708 48ff | c97d f348 | 8bcb c5f8 
  0x0000022428b97988: 7749 bac0 | 2c22 2824 | 0200 0041 

  0x0000022428b97994: ;   {other}
  0x0000022428b97994: ffd2 0f1f | 8400 0000 | 0000 6690 | e90a ebff | ff83 fa01 | 7513 85d2 | 0f86 0c25 | 0000 0fb6 
  0x0000022428b979b4: 1f85 db0f | 852b f2ff | ff41 c640 | 1101 33db | e923 f2ff | ff44 8b5e | 1445 85db | 0f84 89e1 
  0x0000022428b979d4: ffff 4d8b | 4728 498b | cb66 6690 | 4d85 c00f | 845b 1d00 | 004d 8b5f | 384b 894c | 03f8 4983 
  0x0000022428b979f4: c0f8 4d89 | 4728 e960 | e1ff ff4d | 8b57 484d | 8b5f 58f0 | 8344 24c0 | 0080 3900 | 0f84 79e1 
  0x0000022428b97a14: ffff 4488 | 214d 85d2 | 7520 498b | d7c5 f877 | 49ba a014 | b46c fe7f | 0000 41ff 

  0x0000022428b97a30: ;   {other}
  0x0000022428b97a30: d20f 1f84 | 0000 0000 | 00e9 51e1 | ffff 4b89 | 4c13 f849 | 83c2 f84d | 8957 48e9 | 3fe1 ffff 
  0x0000022428b97a50: 458b 420c | 418b 4a08 | 498b fa4d | 63c8 49c1 | e102 4181 | f800 0004 | 0077 2249 | 8b87 b801 
  0x0000022428b97a70: 0000 4d8d | 5917 4983 | e3f8 488b | d849 03db | 493b 9fc8 | 0100 000f | 82fb 2300 | 004c 894c 
  0x0000022428b97a90: 2438 4889 | 7c24 3044 | 8954 2428 | 4c8b 5424 | 684c 8954 | 2420 488b | ee48 ba00 | 0000 3524 
  0x0000022428b97ab0: 0200 0048 | 03d1 6690 

  0x0000022428b97ab8: ;   {runtime_call _new_array_Java}
  0x0000022428b97ab8: c5f8 77e8 

  0x0000022428b97abc: ; ImmutableOopMap {rbp=Oop [32]=Oop [40]=NarrowOop [48]=Oop [104]=Oop }
                      ;*invokevirtual clone {reexecute=1 rethrow=0 return_oop=1}
                      ; - (reexecute) java.security.CodeSource::getCertificates@11 (line 205)
                      ; - java.lang.ClassLoader::postDefineClass@24 (line 937)
                      ; - java.lang.ClassLoader::defineClass@37 (line 1028)
  0x0000022428b97abc: c059 77ff 

  0x0000022428b97ac0: ;   {other}
  0x0000022428b97ac0: 0f1f 8400 | b02a 0020 | 488b f544 | 8b54 2428 | 488b 7c24 | 304c 8b4c | 2438 488b | e849 8d4a 
  0x0000022428b97ae0: 1048 8bd5 | 4883 c210 | 4983 c107 | 49c1 e903 | 4d8b c1c5 | f877 49ba | 6033 2228 | 2402 0000 
  0x0000022428b97b00: ;   {other}
  0x0000022428b97b00: 41ff d20f | 1f84 0000 | 0000 00ba | 45ff ffff | 4889 7424 | 2866 6690 

  0x0000022428b97b18: ;   {runtime_call UncommonTrapBlob}
  0x0000022428b97b18: c5f8 77e8 

  0x0000022428b97b1c: ; ImmutableOopMap {rbp=Oop [40]=Oop [104]=Oop }
                      ;*ifnull {reexecute=1 rethrow=0 return_oop=0}
                      ; - (reexecute) java.lang.ClassLoader::postDefineClass@29 (line 938)
                      ; - java.lang.ClassLoader::defineClass@37 (line 1028)
  0x0000022428b97b1c: e0ca 6aff 

  0x0000022428b97b20: ;   {other}
  0x0000022428b97b20: 0f1f 8400 | 102b 0021 | c4e1 f96e | c248 8974 | 2448 4489 | 6c24 4048 | 895c 2420 | 4c8b df4c 
  0x0000022428b97b40: 63c5 498d | 4810 488b | d148 83e2 | f849 8bfa | 4803 fa49 | 8bea 48c1 | e903 4c2b | c949 8bc9 
  0x0000022428b97b60: 4833 c048 | 83f9 087f | 1048 ffc9 | 784f 4889 | 04cf 48ff | c97d f7eb | 44c5 f5ef | c9e9 0d00 
  0x0000022428b97b80: 0000 c5fe | 7f0f c5fe | 7f4f 2048 | 83c7 4048 | 83e9 087d | ed48 83c1 | 047c 0cc5 | fe7f 0f48 
  0x0000022428b97ba0: 83c7 2048 | 83e9 0448 | 83c1 047e | 1048 ffc9 | c5f9 d60f | 4883 c708 | 48ff c97d | f349 8bcb 
  0x0000022428b97bc0: c4e1 f97e | c2c5 f877 | 49ba c02c | 2228 2402 | 0000 41ff 

  0x0000022428b97bd4: ;   {other}
  0x0000022428b97bd4: d20f 1f84 | 0000 0000 | 0048 8b5c | 2420 448b | 6c24 4048 | 8b74 2448 | 4c8b d5e9 | 60df ffff 
  0x0000022428b97bf4: 4c8b 5424 | 2045 8b52 | 3c66 6690 | 4585 d20f | 8462 edff | ff4d 8b5f | 2849 8bca | 4d85 db0f 
  0x0000022428b97c14: 84e3 1b00 | 004d 8b57 | 384b 894c | 1af8 4983 | c3f8 4d89 | 5f28 e93c | edff ff4d | 8b57 584d 
  0x0000022428b97c34: 8b5f 48f0 | 8344 24c0 | 0066 6690 | 8039 000f | 8460 edff | ff44 8821 | 4d85 db75 | 2049 8bd7 
  0x0000022428b97c54: c5f8 7749 | baa0 14b4 | 6cfe 7f00 | 0041 ffd2 

  0x0000022428b97c64: ;   {other}
  0x0000022428b97c64: 0f1f 8400 | 0000 0000 | e938 edff | ff4b 894c | 1af8 4983 | c3f8 4d89 | 5f48 6690 | e924 edff 
  0x0000022428b97c84: ff44 8b56 | 1445 85d2 | 0f84 68ec | ffff 4d8b | 5f28 498b | ca4d 85db | 0f1f 4000 | 0f84 5a1d 
  0x0000022428b97ca4: 0000 4d8b | 5738 4b89 | 4c1a f849 | 83c3 f84d | 895f 28e9 | 3eec ffff | 4d8b 5748 | 4d8b 5f58 
  0x0000022428b97cc4: f083 4424 | c000 8039 | 000f 845a | ecff ff44 | 8821 4d85 | d275 2049 | 8bd7 c5f8 | 7749 baa0 
  0x0000022428b97ce4: 14b4 6cfe | 7f00 0041 

  0x0000022428b97cec: ;   {other}
  0x0000022428b97cec: ffd2 0f1f | 8400 0000 | 0000 e932 | ecff ff4b | 894c 13f8 | 4983 c2f8 | 4d89 5748 | e920 ecff 
  0x0000022428b97d0c: ;   {oop(""{0x0000000081d4c5f8})}
  0x0000022428b97d0c: ff48 bef8 | c5d4 8100 | 0000 00e9 | 77de ffff | 498b 87b8 | 0100 004c | 8bd0 4983 | c218 498b 
  0x0000022428b97d2c: cd4d 3b97 | c801 0000 | 0f83 061f | 0000 4d89 | 97b8 0100 | 0041 0f0d | 8ac0 0000 | 0048 c700 
  0x0000022428b97d4c: 0100 0000 

  0x0000022428b97d50: ;   {metadata('java/util/ArrayList')}
  0x0000022428b97d50: c740 08e0 | a50b 0044 | 8960 0c44 | 8960 1045 

  0x0000022428b97d60: ;   {oop(a 'java/lang/Object'[0] {0x0000000081d4d5c0})}
  0x0000022428b97d60: 8b53 0cc7 | 4014 c0d5 | d481 4c8b | c845 85d2 | 7610 48bf | 0060 cb2f | 2402 0000 | 4533 c090 
  0x0000022428b97d80: eb32 49ba | 0060 cb2f | 2402 0000 | e9d8 0000 | 004c 8b54 | 2420 4c89 | 5424 284c | 8b74 2440 
  0x0000022428b97da0: 488b 5c24 | 4848 8b7c | 2458 488b | 4c24 604c | 8b4c 2468 

  0x0000022428b97db4: ; implicit exception: dispatches to 0x0000022428b9a5ac
  0x0000022428b97db4: 458b 530c | 453b c20f | 1f44 0000 | 0f83 6e20 | 0000 478b | 5c83 1045 | 8b53 1045 | 8b5a 1044 
  0x0000022428b97dd4: 8944 2454 | 4c89 4c24 | 6848 894c | 2460 4889 | 7c24 5844 | 896c 2450 | 4889 5c24 | 484c 8974 
  0x0000022428b97df4: 2440 4c8b | 5424 284c | 8954 2420 | 4d8b c349 | 8bd1 6690 

  0x0000022428b97e08: ;   {optimized virtual_call}
  0x0000022428b97e08: c5f8 77e8 

  0x0000022428b97e0c: ; ImmutableOopMap {[32]=Oop [48]=Oop [64]=Oop [72]=Oop [80]=NarrowOop [96]=Oop [104]=Oop [128]=Oop [136]=Oop }
                      ;*invokevirtual addAll {reexecute=0 rethrow=0 return_oop=0}
                      ; - java.security.CodeSource::getCertificates@57 (line 212)
                      ; - java.lang.ClassLoader::checkCerts@34 (line 1168)
                      ; - java.lang.ClassLoader::preDefineClass@113 (line 917)
                      ; - java.lang.ClassLoader::defineClass@4 (line 1025)
  0x0000022428b97e0c: 706c 6aff 

  0x0000022428b97e10: ;   {other}
  0x0000022428b97e10: 0f1f 8400 | 002e 0022 | 4d8b 9750 | 0400 0044 | 8b6c 2450 | 458b 5d10 | 448b 4424 

  0x0000022428b97e2c: ; ImmutableOopMap {r11=NarrowOop r13=NarrowOop [32]=Oop [48]=Oop [64]=Oop [72]=Oop [96]=Oop [104]=Oop [128]=Oop [136]=Oop }
                      ;*goto {reexecute=1 rethrow=0 return_oop=0}
                      ; - (reexecute) java.security.CodeSource::getCertificates@64 (line 211)
                      ; - java.lang.ClassLoader::checkCerts@34 (line 1168)
                      ; - java.lang.ClassLoader::preDefineClass@113 (line 917)
                      ; - java.lang.ClassLoader::defineClass@4 (line 1025)
  0x0000022428b97e2c: 5441 ffc0 

  0x0000022428b97e30: ;   {poll}
  0x0000022428b97e30: 4185 0245 | 8b53 0c45 | 3bc2 660f | 1f44 0000 | 0f8c 4bff | ffff 4c8b | 5424 204c | 8954 2428 
  0x0000022428b97e50: 4c8b 7424 | 4048 8b5c | 2448 4c8b | 5424 5848 | 8b4c 2460 | 4c8b 4c24 | 6849 8b87 | b801 0000 
  0x0000022428b97e70: 4c8b d849 | 83c3 1066 | 0f1f 8400 | 0000 0000 | 4d3b 9fc8 | 0100 000f | 8323 1e00 | 004d 899f 
  0x0000022428b97e90: b801 0000 | 410f 0d8b | c000 0000 | 48c7 0001 | 0000 0041 | 0f0d 8b00 

  0x0000022428b97ea8: ;   {metadata('java/security/cert/Certificate'[])}
  0x0000022428b97ea8: 0100 00c7 | 4008 c051 | 1000 410f | 0d8b 4001 | 0000 4489 | 600c 410f | 0d8b 8001 | 0000 4c8b 
  0x0000022428b97ec8: 9c24 8000 | 0000 4c89 | 5c24 204c | 8974 2440 | 4889 5c24 | 4841 8bed | 4c89 5424 | 5048 894c 
  0x0000022428b97ee8: 2458 4c89 | 4c24 604c | 8bc0 488b | 5424 6090 

  0x0000022428b97ef8: ;   {optimized virtual_call}
  0x0000022428b97ef8: c5f8 77e8 

  0x0000022428b97efc: ; ImmutableOopMap {rbp=NarrowOop [32]=Oop [40]=Oop [48]=Oop [64]=Oop [72]=Oop [88]=Oop [136]=Oop }
                      ;*invokevirtual toArray {reexecute=0 rethrow=0 return_oop=1}
                      ; - java.security.CodeSource::getCertificates@73 (line 215)
                      ; - java.lang.ClassLoader::checkCerts@34 (line 1168)
                      ; - java.lang.ClassLoader::preDefineClass@113 (line 917)
                      ; - java.lang.ClassLoader::defineClass@4 (line 1025)
  0x0000022428b97efc: 806b 6aff 

  0x0000022428b97f00: ;   {other}
  0x0000022428b97f00: 0f1f 8400 | f02e 0024 | 488b f844 

  0x0000022428b97f0c: ;   {metadata('java/security/cert/Certificate'[])}
  0x0000022428b97f0c: 8b50 0841 | 81fa c051 | 1000 0f85 | 3021 0000 | 0f1f 4000 | 4180 7f40 | 000f 85ce | 1900 008b 
  0x0000022428b97f2c: dd4c 8b54 | 2458 4d8b | da4c 8bd7 | 4489 5314 | 4c8b d74d | 33d3 49c1 | ea14 4d85 | d20f 84a2 
  0x0000022428b97f4c: 1900 0049 | c1eb 094c | 8b44 2450 | 4d03 c30f | 1f44 0000 | 4180 3802 | 0f85 c519 | 0000 4c8b 
  0x0000022428b97f6c: d74d 8bca | 458b 5208 | 458b 410c | 4d63 d849 | c1e3 0290 | 4181 f800 | 0004 0077 | 2449 8b87 
  0x0000022428b97f8c: b801 0000 | 498d 4b17 | 4883 e1f8 | 488b d848 | 03d9 6690 | 493b 9fc8 | 0100 000f | 827f 1f00 
  0x0000022428b97fac: 004c 895c | 2450 498b | e948 ba00 | 0000 3524 | 0200 0049 | 03d2 6690 

  0x0000022428b97fc4: ;   {runtime_call _new_array_Java}
  0x0000022428b97fc4: c5f8 77e8 

  0x0000022428b97fc8: ; ImmutableOopMap {rbp=Oop [32]=Oop [40]=Oop [48]=Oop [64]=Oop [72]=Oop [136]=Oop }
                      ;*invokevirtual clone {reexecute=1 rethrow=0 return_oop=1}
                      ; - (reexecute) java.security.CodeSource::getCertificates@86 (line 217)
                      ; - java.lang.ClassLoader::checkCerts@34 (line 1168)
                      ; - java.lang.ClassLoader::preDefineClass@113 (line 917)
                      ; - java.lang.ClassLoader::defineClass@4 (line 1025)
  0x0000022428b97fc8: b454 77ff 

  0x0000022428b97fcc: ;   {other}
  0x0000022428b97fcc: 0f1f 8400 | bc2f 0025 | 4c8b cd4c | 8b5c 2450 | 488b e849 | 8bc9 4883 | c110 488b | d548 83c2 
  0x0000022428b97fec: 1049 83c3 | 0749 c1eb | 034d 8bc3 | c5f8 7749 | ba60 3322 | 2824 0200 | 0041 ffd2 

  0x0000022428b98008: ;   {other}
  0x0000022428b98008: 0f1f 8400 | 0000 0000 | 4c8b 5424 | 204c 8994 | 2480 0000 | 004c 8b74 | 2440 488b | 5c24 48e9 
  0x0000022428b98028: 1df6 ffff | 4c63 c54d | 8d50 1049 | 8bca 4883 | e1f8 498b | fd48 03f9 | 49c1 ea03 | 4d2b ca49 
  0x0000022428b98048: 8bc9 4833 | c048 83f9 | 087f 1048 | ffc9 784f | 4889 04cf | 48ff c97d | f7eb 44c5 | fdef c0e9 
  0x0000022428b98068: 0d00 0000 | c5fe 7f07 | c5fe 7f47 | 2048 83c7 | 4048 83e9 | 087d ed48 | 83c1 047c | 0cc5 fe7f 
  0x0000022428b98088: 0748 83c7 | 2048 83e9 | 0448 83c1 | 047e 1048 | ffc9 c5f9 | d607 4883 | c708 48ff | c97d f349 
  0x0000022428b980a8: 8bcb c5f8 | 7749 bac0 | 2c22 2824 | 0200 0041 

  0x0000022428b980b8: ;   {other}
  0x0000022428b980b8: ffd2 0f1f | 8400 0000 | 0000 e928 | e8ff ff48 | 8b74 2420 | 488b 4c24 | 284c 8b44 | 2430 448b 
  0x0000022428b980d8: 6c24 3844 | 8b54 243c | 448b 5c24 | 48e9 5ceb 

  0x0000022428b980e8: ;   {oop(""{0x0000000081d4c5f8})}
  0x0000022428b980e8: ffff 48be | f8c5 d481 | 0000 0000 | e938 e8ff | ff4c 8974 | 2450 4c89 | 6c24 4889 | 5c24 2048 
  0x0000022428b98108: 8b6c 2440 | 41b8 1000 

  0x0000022428b98110: ;   {metadata({type array byte})}
  0x0000022428b98110: 0000 48ba | 6822 0035 | 2402 0000 

  0x0000022428b9811c: ;   {runtime_call _new_array_Java}
  0x0000022428b9811c: c5f8 77e8 

  0x0000022428b98120: ; ImmutableOopMap {rbp=Oop [32]=NarrowOop [40]=Oop [48]=Oop [72]=Oop [80]=Oop [128]=Oop }
                      ;*newarray {reexecute=0 rethrow=0 return_oop=1}
                      ; - java.lang.AbstractStringBuilder::<init>@12 (line 101)
                      ; - java.lang.StringBuilder::<init>@3 (line 106)
                      ; - java.net.URLStreamHandler::toExternalForm@4 (line 480)
                      ; - java.net.URL::toExternalForm@5 (line 1203)
                      ; - java.net.URL::toString@1 (line 1189)
                      ; - java.lang.ClassLoader::defineClassSourceLocation@22 (line 927)
                      ; - java.lang.ClassLoader::defineClass@12 (line 1026)
  0x0000022428b98120: 5c53 77ff 

  0x0000022428b98124: ;   {other}
  0x0000022428b98124: 0f1f 8400 | 1431 0026 | 4889 6c24 | 408b 5c24 | 204c 8b6c | 2448 4c8b | 7424 5090 | e9af dbff 
  0x0000022428b98144: ff4c 896c | 2448 895c | 2420 488b 

  0x0000022428b98150: ;   {metadata('java/lang/StringBuilder')}
  0x0000022428b98150: 6c24 4048 | ba18 8000 | 3524 0200 | 0066 6690 

  0x0000022428b98160: ;   {runtime_call _new_instance_Java}
  0x0000022428b98160: c5f8 77e8 

  0x0000022428b98164: ; ImmutableOopMap {rbp=Oop [32]=NarrowOop [40]=Oop [48]=Oop [72]=Oop [128]=Oop }
                      ;*new {reexecute=0 rethrow=0 return_oop=1}
                      ; - java.net.URLStreamHandler::toExternalForm@0 (line 480)
                      ; - java.net.URL::toExternalForm@5 (line 1203)
                      ; - java.net.URL::toString@1 (line 1189)
                      ; - java.lang.ClassLoader::defineClassSourceLocation@22 (line 927)
                      ; - java.lang.ClassLoader::defineClass@12 (line 1026)
  0x0000022428b98164: 1850 77ff 

  0x0000022428b98168: ;   {other}
  0x0000022428b98168: 0f1f 8400 | 5831 0027 | 4889 6c24 | 408b 5c24 | 204c 8b6c | 2448 6690 | e90d dbff | ff48 8beb 
  0x0000022428b98188: ;   {metadata('java/lang/String')}
  0x0000022428b98188: 48ba 40e7 | 0035 2402 | 0000 6690 

  0x0000022428b98194: ;   {runtime_call _new_instance_Java}
  0x0000022428b98194: c5f8 77e8 

  0x0000022428b98198: ; ImmutableOopMap {rbp=Oop [40]=Oop [48]=Oop [64]=Oop [128]=Oop }
                      ;*new {reexecute=0 rethrow=0 return_oop=1}
                      ; - java.lang.StringBuilder::toString@0 (line 475)
                      ; - java.net.URLStreamHandler::toExternalForm@152 (line 486)
                      ; - java.net.URL::toExternalForm@5 (line 1203)
                      ; - java.net.URL::toString@1 (line 1189)
                      ; - java.lang.ClassLoader::defineClassSourceLocation@22 (line 927)
                      ; - java.lang.ClassLoader::defineClass@12 (line 1026)
  0x0000022428b98198: e44f 77ff 

  0x0000022428b9819c: ;   {other}
  0x0000022428b9819c: 0f1f 8400 | 8c31 0028 | 488b dde9 | 4ce1 ffff | 4c8b 7424 | 5045 8b56 | 1445 85d2 | 0f84 f5ee 
  0x0000022428b981bc: ffff 4d8b | 5f28 498b | ca4d 85db | 0f84 d618 | 0000 4d8b | 5738 4b89 | 4c1a f849 | 83c3 f84d 
  0x0000022428b981dc: 895f 2890 | e9ce eeff | ff4c 8bf5 | 458b 5e14 | 4585 db0f | 8479 efff | ff4d 8b57 | 2849 8bcb 
  0x0000022428b981fc: 0f1f 4000 | 4d85 d20f | 84bc 1800 | 004d 8b5f | 384b 894c | 13f8 4983 | c2f8 4d89 | 5728 e94f 
  0x0000022428b9821c: efff ff48 | 8b5c 2450 | 448b 5314 | 4585 d20f | 84df efff | ff4d 8b5f | 2849 8bca | 4d85 db0f 
  0x0000022428b9823c: 1f44 0000 | 0f84 9f18 | 0000 4d8b | 5738 4b89 | 4c1a f849 | 83c3 f84d | 895f 28e9 | b4ef ffff 
  0x0000022428b9825c: 488b 5c24 | 5044 8b5b | 1445 85db | 0f84 62f0 | ffff 4d8b | 5728 498b | cb4d 85d2 | 0f84 8718 
  0x0000022428b9827c: 0000 4d8b | 5f38 4b89 | 4c13 f849 | 83c2 f84d | 8957 28e9 | 3cf0 ffff | 488b dd44 

  0x0000022428b98298: ;   {no_reloc}
  0x0000022428b98298: 8b5b 140f | 1f44 0000 | 4585 db0f | 84cc f0ff | ff4d 8b57 | 2849 8bcb | 4d85 d20f | 846c 1800 
  0x0000022428b982b8: 004d 8b5f | 384b 894c | 13f8 4983 | c2f8 4d89 | 5728 e9a6 | f0ff ff48 | 8b5c 2420 | 448b 5b14 
  0x0000022428b982d8: 4585 db0f | 1f44 0000 | 0f84 35f1 | ffff 4d8b | 5728 498b | cb4d 85d2 | 0f84 4f18 | 0000 4d8b 
  0x0000022428b982f8: 5f38 4b89 | 4c13 f849 | 83c2 f84d | 8957 28e9 | 0ff1 ffff | 4d8b 5758 | 4d8b 5f48 | f083 4424 
  0x0000022428b98318: c000 660f | 1f44 0000 | 8039 000f | 84c2 edff | ff44 8821 | 4d85 db75 | 2049 8bd7 | c5f8 7749 
  0x0000022428b98338: baa0 14b4 | 6cfe 7f00 | 0041 ffd2 

  0x0000022428b98344: ;   {other}
  0x0000022428b98344: 0f1f 8400 | 0000 0000 | e99a edff | ff4b 894c | 1af8 4983 | c3f8 4d89 | 5f48 6690 | e986 edff 
  0x0000022428b98364: ff4d 8b57 | 584d 8b5f | 48f0 8344 | 24c0 0080 | 3900 7437 | 4488 210f | 1f44 0000 | 4d85 db74 
  0x0000022428b98384: 0f4b 894c | 1af8 4983 | c3f8 4d89 | 5f48 eb1b | 498b d7c5 | f877 49ba | a014 b46c | fe7f 0000 
  0x0000022428b983a4: ;   {other}
  0x0000022428b983a4: 41ff d20f | 1f84 0000 | 0000 0045 | 8b4e 14e9 | f1ed ffff | 4d8b 5758 | 4d8b 5f48 | f083 4424 
  0x0000022428b983c4: c000 8039 | 000f 847a | eeff ff44 | 8821 4d85 | db75 2049 | 8bd7 c5f8 | 7749 baa0 | 14b4 6cfe 
  0x0000022428b983e4: 7f00 0041 

  0x0000022428b983e8: ;   {other}
  0x0000022428b983e8: ffd2 0f1f | 8400 0000 | 0000 e952 | eeff ff4b | 894c 1af8 | 4983 c3f8 | 4d89 5f48 | e940 eeff 
  0x0000022428b98408: ff4d 8b57 | 584d 8b5f | 48f0 8344 | 24c0 0080 | 3900 660f | 1f44 0000 | 0f84 e3ee | ffff 4488 
  0x0000022428b98428: 214d 85db | 7520 498b | d7c5 f877 | 49ba a014 | b46c fe7f | 0000 41ff 

  0x0000022428b98440: ;   {other}
  0x0000022428b98440: d20f 1f84 | 0000 0000 | 00e9 bbee | ffff 4b89 | 4c1a f849 | 83c3 f84d | 895f 480f | 1f44 0000 
  0x0000022428b98460: e9a4 eeff | ff4d 8b57 | 584d 8b5f | 48f0 8344 | 24c0 0080 | 3900 0f84 | 31ef ffff | 4488 2190 
  0x0000022428b98480: 4d85 db75 | 2049 8bd7 | c5f8 7749 | baa0 14b4 | 6cfe 7f00 | 0041 ffd2 

  0x0000022428b98498: ;   {other}
  0x0000022428b98498: 0f1f 8400 | 0000 0000 | e908 efff | ff4b 894c | 1af8 4983 | c3f8 4d89 | 5f48 e9f6 | eeff ff4d 
  0x0000022428b984b8: 8b57 584d | 8b5f 48f0 | 8344 24c0 | 0080 3900 | 0f84 85ef | ffff 4488 | 214d 85db | 7520 498b 
  0x0000022428b984d8: d7c5 f877 | 49ba a014 | b46c fe7f | 0000 41ff 

  0x0000022428b984e8: ;   {other}
  0x0000022428b984e8: d20f 1f84 | 0000 0000 | 00e9 5def | ffff 4b89 | 4c1a f849 | 83c3 f84d | 895f 48e9 | 4bef ffff 
  0x0000022428b98508: 4889 4424 | 5889 6c24 | 244c 8974 | 2450 4c89 | 6c24 4889 | 5c24 2048 | 8b6c 2440 

  0x0000022428b98524: ;   {metadata('java/lang/String')}
  0x0000022428b98524: 48ba 40e7 | 0035 2402 | 0000 4c89 | 4c24 6090 

  0x0000022428b98534: ;   {runtime_call _new_instance_Java}
  0x0000022428b98534: c5f8 77e8 

  0x0000022428b98538: ; ImmutableOopMap {rbp=Oop [32]=NarrowOop [40]=Oop [48]=Oop [72]=Oop [80]=Oop [88]=Oop [96]=Oop [128]=Oop }
                      ;*new {reexecute=1 rethrow=0 return_oop=1}
                      ; - (reexecute) java.net.URLStreamHandler::toExternalForm@35 (line 483)
                      ; - java.net.URL::toExternalForm@5 (line 1203)
                      ; - java.net.URL::toString@1 (line 1189)
                      ; - java.lang.ClassLoader::defineClassSourceLocation@22 (line 927)
                      ; - java.lang.ClassLoader::defineClass@12 (line 1026)
  0x0000022428b98538: 444c 77ff 

  0x0000022428b9853c: ;   {other}
  0x0000022428b9853c: 0f1f 8400 | 2c35 0029 | 4c8b d048 | 896c 2440 | 8b5c 2420 | 4c8b 6c24 | 484c 8b74 | 2450 8b6c 
  0x0000022428b9855c: 2424 488b | 4424 584d | 8bc2 e9f4 | daff ff4c | 894c 2460 | 896c 2458 | 4489 5424 | 244c 8974 
  0x0000022428b9857c: 2450 4c89 | 6c24 4889 | 5c24 2048 | 8b6c 2440 

  0x0000022428b9858c: ;   {metadata({type array byte})}
  0x0000022428b9858c: 48ba 6822 | 0035 2402 | 0000 6690 

  0x0000022428b98598: ;   {runtime_call _new_array_Java}
  0x0000022428b98598: c5f8 77e8 

  0x0000022428b9859c: ; ImmutableOopMap {rbp=Oop [32]=NarrowOop [36]=NarrowOop [40]=Oop [48]=Oop [72]=Oop [80]=Oop [96]=Oop [128]=Oop }
                      ;*new {reexecute=1 rethrow=0 return_oop=1}
                      ; - (reexecute) java.net.URLStreamHandler::toExternalForm@35 (line 483)
                      ; - java.net.URL::toExternalForm@5 (line 1203)
                      ; - java.net.URL::toString@1 (line 1189)
                      ; - java.lang.ClassLoader::defineClassSourceLocation@22 (line 927)
                      ; - java.lang.ClassLoader::defineClass@12 (line 1026)
  0x0000022428b9859c: e04e 77ff 

  0x0000022428b985a0: ;   {other}
  0x0000022428b985a0: 0f1f 8400 | 9035 002a | 4889 6c24 | 408b 5c24 | 204c 8b6c | 2448 4c8b | 7424 5044 | 8b54 2424 
  0x0000022428b985c0: 8b6c 2458 | 4c8b 4c24 | 60e9 36d9 | ffff 4489 | 6c24 384c | 8944 2430 | 4889 4c24 | 2848 8974 
  0x0000022428b985e0: ;   {metadata('java/lang/NamedPackage')}
  0x0000022428b985e0: 2420 48ba | 20bd 0135 | 2402 0000 | 488b 6c24 | 6866 6690 

  0x0000022428b985f4: ;   {runtime_call _new_instance_Java}
  0x0000022428b985f4: c5f8 77e8 

  0x0000022428b985f8: ; ImmutableOopMap {rbp=Oop [32]=Oop [48]=Oop [56]=NarrowOop [64]=Oop [104]=Oop }
                      ;*new {reexecute=0 rethrow=0 return_oop=1}
                      ; - java.lang.ClassLoader::getNamedPackage@16 (line 343)
                      ; - java.lang.ClassLoader::postDefineClass@9 (line 934)
                      ; - java.lang.ClassLoader::defineClass@37 (line 1028)
  0x0000022428b985f8: 844b 77ff 

  0x0000022428b985fc: ;   {other}
  0x0000022428b985fc: 0f1f 8400 | ec35 002b | e95d e8ff | ff4c 894c | 2460 4c89 | 5c24 5848 | 895c 2450 | 4489 5424 
  0x0000022428b9861c: 4848 8974 

  0x0000022428b98620: ;   {metadata({type array byte})}
  0x0000022428b98620: 2420 48ba | 6822 0035 | 2402 0000 | 458b c290 

  0x0000022428b98630: ;   {runtime_call _new_array_nozero_Java}
  0x0000022428b98630: c5f8 77e8 

  0x0000022428b98634: ; ImmutableOopMap {[32]=Oop [40]=Oop [48]=Oop [64]=Oop [120]=Oop [80]=Derived_oop_[120] [128]=Oop }
                      ;*newarray {reexecute=0 rethrow=0 return_oop=1}
                      ; - java.util.Arrays::copyOfRangeByte@10 (line 3863)
                      ; - java.util.Arrays::copyOfRange@13 (line 3854)
                      ; - java.lang.String::<init>@32 (line 4788)
                      ; - java.lang.String::<init>@3 (line 1507)
                      ; - java.lang.StringBuilder::toString@5 (line 475)
                      ; - java.net.URLStreamHandler::toExternalForm@152 (line 486)
                      ; - java.net.URL::toExternalForm@5 (line 1203)
                      ; - java.net.URL::toString@1 (line 1189)
                      ; - java.lang.ClassLoader::defineClassSourceLocation@22 (line 927)
                      ; - java.lang.ClassLoader::defineClass@12 (line 1026)
  0x0000022428b98634: 481a 77ff 

  0x0000022428b98638: ;   {other}
  0x0000022428b98638: 0f1f 8400 | 2836 002c | 488b 7424 | 2044 8b54 | 2448 488b | 5c24 504c | 8b5c 2458 | 4c8b 4c24 
  0x0000022428b98658: 604c 8be8 | 0f1f 4000 | e903 deff | ff89 4c24 | 6c44 896c | 2468 4889 | 5c24 604c | 8944 2458 
  0x0000022428b98678: c5fb 1144 | 2450 4489 | 5c24 4c44 | 8954 2448 | 4c89 7424 | 404c 8b54 | 2428 4c89 | 5424 2048 
  0x0000022428b98698: 8bac 2480 

  0x0000022428b9869c: ;   {metadata('java/lang/String')}
  0x0000022428b9869c: 0000 0048 | ba40 e700 | 3524 0200 | 0066 6690 

  0x0000022428b986ac: ;   {runtime_call _new_instance_Java}
  0x0000022428b986ac: c5f8 77e8 

  0x0000022428b986b0: ; ImmutableOopMap {rbp=Oop [32]=Oop [48]=Oop [64]=Oop [72]=NarrowOop [80]=Oop [88]=Derived_oop_[80] [96]=Oop [104]=NarrowOop [128]=Oop }
                      ;*new {reexecute=0 rethrow=0 return_oop=1}
                      ; - java.lang.StringLatin1::newString@7 (line 752)
                      ; - java.lang.String::substring@41 (line 2839)
                      ; - java.lang.ClassLoader::checkCerts@21 (line 1164)
                      ; - java.lang.ClassLoader::preDefineClass@113 (line 917)
                      ; - java.lang.ClassLoader::defineClass@4 (line 1025)
  0x0000022428b986b0: cc4a 77ff 

  0x0000022428b986b4: ;   {other}
  0x0000022428b986b4: 0f1f 8400 | a436 002d | 4c8b 5424 | 204c 8954 | 2428 4c8b | 7424 4044 | 8b54 2448 | 448b 5c24 
  0x0000022428b986d4: 4cc5 fb10 | 4424 504c | 8b4c 2458 | 488b 5c24 | 6044 8b6c | 2468 8b4c | 246c 488b | f04d 8bc1 
  0x0000022428b986f4: e999 d2ff | ff49 8b87 | b801 0000 | 4c8b d049 | 83c2 1848 | 8bfb 4d3b | 97c8 0100 | 000f 834d 
  0x0000022428b98714: 1600 004d | 8997 b801 | 0000 410f | 0d8a c000 | 0000 48c7 | 0001 0000 

  0x0000022428b9872c: ;   {metadata('java/util/ArrayList')}
  0x0000022428b9872c: 00c7 4008 | e0a5 0b00 | 4489 600c | 4489 6010 | 458b 530c 

  0x0000022428b98740: ;   {oop(a 'java/lang/Object'[0] {0x0000000081d4d5c0})}
  0x0000022428b98740: c740 14c0 | d5d4 814c | 8bc8 4585 | d20f 86ac | 0000 0045 | 33c0 eb1a | 0f1f 8400 | 0000 0000 
  0x0000022428b98760: 488b f548 | 8b4c 2420 | 488b 7c24 | 384c 8b4c | 2440 458b | 530c 453b | c20f 837d | 1700 0047 
  0x0000022428b98780: 8b54 8310 

  0x0000022428b98784: ; implicit exception: dispatches to 0x0000022428b9a65c
  0x0000022428b98784: 458b 5a10 

  0x0000022428b98788: ; implicit exception: dispatches to 0x0000022428b9a674
  0x0000022428b98788: 458b 5310 | 4489 4424 | 344c 894c | 2440 4889 | 7c24 3889 | 5c24 3048 | 894c 2420 | 488b ee4d 
  0x0000022428b987a8: 8bc2 498b | d166 6690 

  0x0000022428b987b0: ;   {optimized virtual_call}
  0x0000022428b987b0: c5f8 77e8 

  0x0000022428b987b4: ; ImmutableOopMap {rbp=Oop [48]=NarrowOop [56]=Oop [64]=Oop [104]=Oop }
                      ;*invokevirtual addAll {reexecute=0 rethrow=0 return_oop=0}
                      ; - java.security.CodeSource::getCertificates@57 (line 212)
                      ; - java.lang.ClassLoader::postDefineClass@24 (line 937)
                      ; - java.lang.ClassLoader::defineClass@37 (line 1028)
  0x0000022428b987b4: c862 6aff 

  0x0000022428b987b8: ;   {other}
  0x0000022428b987b8: 0f1f 8400 | a837 002e | 4d8b 8f50 | 0400 008b | 5c24 3044 | 8b5b 1044 | 8b44 2434 

  0x0000022428b987d4: ; ImmutableOopMap {r11=NarrowOop rbx=NarrowOop rbp=Oop [56]=Oop [64]=Oop [104]=Oop }
                      ;*goto {reexecute=1 rethrow=0 return_oop=0}
                      ; - (reexecute) java.security.CodeSource::getCertificates@64 (line 211)
                      ; - java.lang.ClassLoader::postDefineClass@24 (line 937)
                      ; - java.lang.ClassLoader::defineClass@37 (line 1028)
                      ;   {poll}
  0x0000022428b987d4: 41ff c041 | 8501 660f | 1f44 0000 

  0x0000022428b987e0: ; implicit exception: dispatches to 0x0000022428b9a68c
  0x0000022428b987e0: 458b 530c | 453b c20f | 8c73 ffff | ff48 8bf5 | 488b 4c24 | 2048 8b7c | 2438 4c8b | 4c24 4049 
  0x0000022428b98800: 8b87 b801 | 0000 4c8b | d049 83c2 | 104d 3b97 | c801 0000 | 0f83 a115 | 0000 4d89 | 97b8 0100 
  0x0000022428b98820: 0041 0f0d | 8ac0 0000 | 0048 c700 | 0100 0000 | 410f 0d8a | 0001 0000 

  0x0000022428b98838: ;   {metadata('java/security/cert/Certificate'[])}
  0x0000022428b98838: c740 08c0 | 5110 0041 | 0f0d 8a40 | 0100 0044 | 8960 0c41 | 0f0d 8a80 | 0100 0048 | 8974 2420 
  0x0000022428b98858: 488b e94c | 8b54 2468 | 4c89 5424 | 2889 5c24 | 3048 897c | 2438 4c89 | 4c24 404c | 8bc0 488b 
  0x0000022428b98878: 5424 4090 

  0x0000022428b9887c: ;   {optimized virtual_call}
  0x0000022428b9887c: c5f8 77e8 

  0x0000022428b98880: ; ImmutableOopMap {[32]=Oop [40]=Oop [48]=NarrowOop [56]=Oop }
                      ;*invokevirtual toArray {reexecute=0 rethrow=0 return_oop=1}
                      ; - java.security.CodeSource::getCertificates@73 (line 215)
                      ; - java.lang.ClassLoader::postDefineClass@24 (line 937)
                      ; - java.lang.ClassLoader::defineClass@37 (line 1028)
  0x0000022428b98880: fc61 6aff 

  0x0000022428b98884: ;   {other}
  0x0000022428b98884: 0f1f 8400 | 7438 0030 | 488b f844 | 8b58 0866 | 0f1f 8400 | 0000 0000 | 6666 6690 

  0x0000022428b988a0: ;   {metadata('java/security/cert/Certificate'[])}
  0x0000022428b988a0: 4181 fbc0 | 5110 000f | 85bb 1700 | 0041 807f | 4000 0f85 | b512 0000 | 8b5c 2430 | 4c8b 5424 
  0x0000022428b988c0: 384c 8bdf | 4489 5b14 | 4c8b df4d | 33da 49c1 | eb14 4d85 | db0f 848a | 1200 0049 | c1ea 094c 
  0x0000022428b988e0: 8bc5 4d03 | c241 8038 | 020f 85b6 | 1200 004c | 8bd7 498b | da45 8b42 | 0c45 8b5a | 084d 63c8 
  0x0000022428b98900: 49c1 e102 | 4181 f800 | 0004 0077 | 2249 8b87 | b801 0000 | 4d8d 5117 | 4983 e2f8 | 488b c849 
  0x0000022428b98920: 03ca 493b | 8fc8 0100 | 000f 8256 | 1600 004c | 894c 2430 | 488b eb48 | ba00 0000 | 3524 0200 
  0x0000022428b98940: 0049 03d3 

  0x0000022428b98944: ;   {runtime_call _new_array_Java}
  0x0000022428b98944: c5f8 77e8 

  0x0000022428b98948: ; ImmutableOopMap {rbp=Oop [32]=Oop [40]=Oop }
                      ;*invokevirtual clone {reexecute=1 rethrow=0 return_oop=1}
                      ; - (reexecute) java.security.CodeSource::getCertificates@86 (line 217)
                      ; - java.lang.ClassLoader::postDefineClass@24 (line 937)
                      ; - java.lang.ClassLoader::defineClass@37 (line 1028)
  0x0000022428b98948: 344b 77ff 

  0x0000022428b9894c: ;   {other}
  0x0000022428b9894c: 0f1f 8400 | 3c39 0031 | 488b dd4c | 8b4c 2430 | 488b e848 | 8bcb 4883 | c110 488b | d548 83c2 
  0x0000022428b9896c: 1049 83c1 | 0749 c1e9 | 034d 8bc1 | c5f8 7749 | ba60 3322 | 2824 0200 | 0041 ffd2 

  0x0000022428b98988: ;   {other}
  0x0000022428b98988: 0f1f 8400 | 0000 0000 | 488b 7424 | 204c 8b54 | 2428 4c89 | 5424 6890 | e966 f1ff | ff4c 8bc7 
  0x0000022428b989a8: 4c89 5c24 | 784c 894c | 2470 4889 | 7424 6889 | 4c24 6444 | 896c 2460 | 4889 5c24 | 584c 8944 
  0x0000022428b989c8: 2450 c5fb | 1144 2448 | 4c89 7424 | 404c 8b94 | 2480 0000 | 004c 8954 

  0x0000022428b989e0: ;   {metadata({type array byte})}
  0x0000022428b989e0: 2420 48ba | 6822 0035 | 2402 0000 | 448b c190 

  0x0000022428b989f0: ;   {runtime_call _new_array_nozero_Java}
  0x0000022428b989f0: c5f8 77e8 

  0x0000022428b989f4: ; ImmutableOopMap {[32]=Oop [40]=Oop [48]=Oop [64]=Oop [72]=Oop [80]=Derived_oop_[72] [88]=Oop [96]=NarrowOop [104]=Oop [128]=Oop }
                      ;*newarray {reexecute=0 rethrow=0 return_oop=1}
                      ; - java.util.Arrays::copyOfRangeByte@10 (line 3863)
                      ; - java.util.Arrays::copyOfRange@13 (line 3854)
                      ; - java.lang.StringLatin1::newString@16 (line 752)
                      ; - java.lang.String::substring@41 (line 2839)
                      ; - java.lang.ClassLoader::checkCerts@21 (line 1164)
                      ; - java.lang.ClassLoader::preDefineClass@113 (line 917)
                      ; - java.lang.ClassLoader::defineClass@4 (line 1025)
  0x0000022428b989f4: 8816 77ff 

  0x0000022428b989f8: ;   {other}
  0x0000022428b989f8: 0f1f 8400 | e839 0032 | 4c8b 7424 | 4048 8b7c | 2450 488b | 5c24 5844 | 8b6c 2460 | 8b4c 2464 
  0x0000022428b98a18: 488b 7424 | 684c 8b4c | 2470 4c8b | 5c24 784c | 8bd0 e9db | d0ff ff4c | 8944 2450 | 4889 5c24 
  0x0000022428b98a38: 4844 894c | 2420 488b 

  0x0000022428b98a40: ;   {metadata({type array byte})}
  0x0000022428b98a40: ee48 ba68 | 2200 3524 | 0200 0044 | 8bc1 6690 

  0x0000022428b98a50: ;   {runtime_call _new_array_nozero_Java}
  0x0000022428b98a50: c5f8 77e8 

  0x0000022428b98a54: ; ImmutableOopMap {rbp=Oop [32]=NarrowOop [40]=Oop [48]=Oop [64]=Oop [120]=Oop [72]=Derived_oop_[120] [128]=Oop }
                      ;*invokevirtual clone {reexecute=1 rethrow=0 return_oop=1}
                      ; - (reexecute) java.util.Arrays::copyOfRange@18 (line 3856)
                      ; - java.lang.String::<init>@32 (line 4788)
                      ; - java.lang.String::<init>@3 (line 1507)
                      ; - java.lang.StringBuilder::toString@5 (line 475)
                      ; - java.net.URLStreamHandler::toExternalForm@152 (line 486)
                      ; - java.net.URL::toExternalForm@5 (line 1203)
                      ; - java.net.URL::toString@1 (line 1189)
                      ; - java.lang.ClassLoader::defineClassSourceLocation@22 (line 927)
                      ; - java.lang.ClassLoader::defineClass@12 (line 1026)
  0x0000022428b98a54: 2816 77ff 

  0x0000022428b98a58: ;   {other}
  0x0000022428b98a58: 0f1f 8400 | 483a 0033 | 488b f548 | 8b5c 2448 | 4c8b 4424 | 5048 8bf8 | e91e d9ff | ff44 8954 
  0x0000022428b98a78: 2438 894c | 2434 897c | 2430 4c8b | 5424 684c | 8954 2420 

  0x0000022428b98a8c: ;   {metadata('java/lang/String')}
  0x0000022428b98a8c: 488b eb48 | ba40 e700 | 3524 0200 | 0066 6690 

  0x0000022428b98a9c: ;   {runtime_call _new_instance_Java}
  0x0000022428b98a9c: c5f8 77e8 

  0x0000022428b98aa0: ; ImmutableOopMap {[32]=Oop [40]=Oop [48]=NarrowOop [64]=Oop [104]=Oop [136]=Oop }
                      ;*new {reexecute=0 rethrow=0 return_oop=1}
                      ; - java.lang.StringLatin1::newString@7 (line 752)
                      ; - java.lang.String::substring@41 (line 2839)
                      ; - java.lang.Class::getPackageName@62 (line 1169)
                      ; - java.lang.ClassLoader::postDefineClass@2 (line 934)
                      ; - java.lang.ClassLoader::defineClass@37 (line 1028)
  0x0000022428b98aa0: dc46 77ff 

  0x0000022428b98aa4: ;   {other}
  0x0000022428b98aa4: 0f1f 8400 | 943a 0034 | 488b dd8b | 7c24 308b | 4c24 3444 | 8b54 2438 | 488b f090 | e996 dcff 
  0x0000022428b98ac4: ff48 897c | 2460 4c89 | 4c24 584c | 895c 2450 | 4889 7424 | 4844 8954 | 2438 4c8b | 5424 684c 
  0x0000022428b98ae4: 8954 2430 | 4889 5c24 

  0x0000022428b98aec: ;   {metadata({type array byte})}
  0x0000022428b98aec: 2048 ba68 | 2200 3524 | 0200 0044 | 8b44 2438 

  0x0000022428b98afc: ;   {runtime_call _new_array_nozero_Java}
  0x0000022428b98afc: c5f8 77e8 

  0x0000022428b98b00: ; ImmutableOopMap {[40]=Oop [48]=Oop [64]=Oop [72]=Oop [104]=Oop [136]=Oop [80]=Derived_oop_[136] }
                      ;*newarray {reexecute=0 rethrow=0 return_oop=1}
                      ; - java.util.Arrays::copyOfRangeByte@10 (line 3863)
                      ; - java.util.Arrays::copyOfRange@13 (line 3854)
                      ; - java.lang.StringLatin1::newString@16 (line 752)
                      ; - java.lang.String::substring@41 (line 2839)
                      ; - java.lang.Class::getPackageName@62 (line 1169)
                      ; - java.lang.ClassLoader::postDefineClass@2 (line 934)
                      ; - java.lang.ClassLoader::defineClass@37 (line 1028)
  0x0000022428b98b00: 7c15 77ff 

  0x0000022428b98b04: ;   {other}
  0x0000022428b98b04: 0f1f 8400 | f43a 0035 | 488b 5c24 | 2044 8b54 | 2438 488b | 7424 484c | 8b5c 2450 | 4c8b 4c24 
  0x0000022428b98b24: 5848 8b7c | 2460 4c8b | e8e9 76dd | ffff 4c8b | 4424 4848 | 896c 2468 | 4889 7424 | 6044 896c 
  0x0000022428b98b44: 2458 4889 | 5c24 504c | 8944 2448 | c5fb 1144 | 2440 418b | ea4c 8974 

  0x0000022428b98b5c: ;   {metadata({type array byte})}
  0x0000022428b98b5c: 2420 48ba | 6822 0035 | 2402 0000 | 458b c34c | 8b94 2480 | 0000 004c | 8954 2478 

  0x0000022428b98b78: ;   {runtime_call _new_array_nozero_Java}
  0x0000022428b98b78: c5f8 77e8 

  0x0000022428b98b7c: ; ImmutableOopMap {rbp=NarrowOop [32]=Oop [40]=Oop [48]=Oop [64]=Oop [72]=Derived_oop_[64] [80]=Oop [88]=NarrowOop [96]=Oop [120]=Oop [128]=Oop }
                      ;*invokevirtual clone {reexecute=1 rethrow=0 return_oop=1}
                      ; - (reexecute) java.util.Arrays::copyOfRange@18 (line 3856)
                      ; - java.lang.StringLatin1::newString@16 (line 752)
                      ; - java.lang.String::substring@41 (line 2839)
                      ; - java.lang.ClassLoader::checkCerts@21 (line 1164)
                      ; - java.lang.ClassLoader::preDefineClass@113 (line 917)
                      ; - java.lang.ClassLoader::defineClass@4 (line 1025)
  0x0000022428b98b7c: 0015 77ff 

  0x0000022428b98b80: ;   {other}
  0x0000022428b98b80: 0f1f 8400 | 703b 0036 | 488b f8e9 | 96ce ffff | 4c89 4424 | 504c 895c | 2448 4889 | 7424 3889 
  0x0000022428b98ba0: 7c24 304c | 8b5c 2468 | 4c89 5c24 | 2048 8beb 

  0x0000022428b98bb0: ;   {metadata({type array byte})}
  0x0000022428b98bb0: 48ba 6822 | 0035 2402 | 0000 448b | c166 6690 

  0x0000022428b98bc0: ;   {runtime_call _new_array_nozero_Java}
  0x0000022428b98bc0: c5f8 77e8 

  0x0000022428b98bc4: ; ImmutableOopMap {[32]=Oop [40]=Oop [48]=NarrowOop [56]=Oop [64]=Oop [104]=Oop [136]=Oop [72]=Derived_oop_[136] }
                      ;*invokevirtual clone {reexecute=1 rethrow=0 return_oop=1}
                      ; - (reexecute) java.util.Arrays::copyOfRange@18 (line 3856)
                      ; - java.lang.StringLatin1::newString@16 (line 752)
                      ; - java.lang.String::substring@41 (line 2839)
                      ; - java.lang.Class::getPackageName@62 (line 1169)
                      ; - java.lang.ClassLoader::postDefineClass@2 (line 934)
                      ; - java.lang.ClassLoader::defineClass@37 (line 1028)
  0x0000022428b98bc4: b814 77ff 

  0x0000022428b98bc8: ;   {other}
  0x0000022428b98bc8: 0f1f 8400 | b83b 0037 | 488b dd48 | 8b74 2438 | 4c8b 5c24 | 484c 8b44 | 2450 488b | e8e9 e9db 
  0x0000022428b98be8: ffff 8bcd | e913 cdff | ff45 8bd3 | e9e2 daff | ffba f6ff | ffff 6690 

  0x0000022428b98c00: ;   {runtime_call UncommonTrapBlob}
  0x0000022428b98c00: c5f8 77e8 

  0x0000022428b98c04: ; ImmutableOopMap {[136]=Oop }
                      ;*invokevirtual putIfAbsent {reexecute=0 rethrow=0 return_oop=0}
                      ; - java.lang.ClassLoader::checkCerts@62 (line 1171)
                      ; - java.lang.ClassLoader::preDefineClass@113 (line 917)
                      ; - java.lang.ClassLoader::defineClass@4 (line 1025)
  0x0000022428b98c04: f8b9 6aff 

  0x0000022428b98c08: ;   {other}
  0x0000022428b98c08: 0f1f 8400 | f83b 0038 | baf6 ffff | ff8b eb90 

  0x0000022428b98c18: ;   {runtime_call UncommonTrapBlob}
  0x0000022428b98c18: c5f8 77e8 

  0x0000022428b98c1c: ; ImmutableOopMap {rbp=NarrowOop }
                      ;*invokevirtual toExternalForm {reexecute=0 rethrow=0 return_oop=0}
                      ; - java.net.URL::toExternalForm@5 (line 1203)
                      ; - java.net.URL::toString@1 (line 1189)
                      ; - java.lang.ClassLoader::defineClassSourceLocation@22 (line 927)
                      ; - java.lang.ClassLoader::defineClass@12 (line 1026)
  0x0000022428b98c1c: e0b9 6aff 

  0x0000022428b98c20: ;   {other}
  0x0000022428b98c20: 0f1f 8400 | 103c 0039 | bae4 ffff | ff4c 8b54 | 2428 4c89 | 5424 2089 | 5c24 484c | 8974 2458 
  0x0000022428b98c40: 4489 4c24 | 4c66 6690 

  0x0000022428b98c48: ;   {runtime_call UncommonTrapBlob}
  0x0000022428b98c48: c5f8 77e8 

  0x0000022428b98c4c: ; ImmutableOopMap {[32]=Oop [48]=Oop [64]=Oop [72]=NarrowOop [76]=NarrowOop [88]=Oop [128]=Oop }
                      ;*bastore {reexecute=0 rethrow=0 return_oop=0}
                      ; - java.lang.AbstractStringBuilder::append@41 (line 808)
                      ; - java.lang.StringBuilder::append@2 (line 246)
                      ; - java.net.URLStreamHandler::toExternalForm@16 (line 480)
                      ; - java.net.URL::toExternalForm@5 (line 1203)
                      ; - java.net.URL::toString@1 (line 1189)
                      ; - java.lang.ClassLoader::defineClassSourceLocation@22 (line 927)
                      ; - java.lang.ClassLoader::defineClass@12 (line 1026)
  0x0000022428b98c4c: b0b9 6aff 

  0x0000022428b98c50: ;   {other}
  0x0000022428b98c50: 0f1f 8400 | 403c 003a | ba76 ffff | ff44 8954 | 2420 4c8b | 9424 8000 | 0000 4c89 | 7424 4848 
  0x0000022428b98c70: 895c 2450 | 4c89 5424 | 5844 896c | 2460 6690 

  0x0000022428b98c80: ;   {runtime_call UncommonTrapBlob}
  0x0000022428b98c80: c5f8 77e8 

  0x0000022428b98c84: ; ImmutableOopMap {[32]=NarrowOop [40]=Oop [48]=Oop [72]=Oop [80]=Oop [88]=Oop [96]=NarrowOop [128]=Oop }
                      ;*iflt {reexecute=1 rethrow=0 return_oop=0}
                      ; - (reexecute) java.lang.StringLatin1::lastIndexOf@19 (line 285)
                      ; - java.lang.String::lastIndexOf@13 (line 2573)
                      ; - java.lang.String::lastIndexOf@8 (line 2535)
                      ; - java.lang.ClassLoader::checkCerts@3 (line 1163)
                      ; - java.lang.ClassLoader::preDefineClass@113 (line 917)
                      ; - java.lang.ClassLoader::defineClass@4 (line 1025)
  0x0000022428b98c84: 78b9 6aff 

  0x0000022428b98c88: ;   {other}
  0x0000022428b98c88: 0f1f 8400 | 783c 003b | ba45 ffff | ff48 8b6c | 2428 4c89 | 4424 4048 | 894c 2448 

  0x0000022428b98ca4: ;   {runtime_call UncommonTrapBlob}
  0x0000022428b98ca4: c5f8 77e8 

  0x0000022428b98ca8: ; ImmutableOopMap {rbp=Oop [48]=Oop [64]=Oop [72]=Oop [128]=Oop }
                      ;*ifeq {reexecute=1 rethrow=0 return_oop=0}
                      ; - (reexecute) java.lang.ClassLoader::checkName@8 (line 1155)
                      ; - java.lang.ClassLoader::preDefineClass@1 (line 900)
                      ; - java.lang.ClassLoader::defineClass@4 (line 1025)
  0x0000022428b98ca8: 54b9 6aff 

  0x0000022428b98cac: ;   {other}
  0x0000022428b98cac: 0f1f 8400 | 9c3c 003c | bacc ffff | ff4c 8b44 | 2428 4c89 | 4424 2089 | 5c24 484c | 8974 2458 
  0x0000022428b98ccc: 897c 244c | 4489 5c24 | 6044 894c | 2464 4489 | 5424 6890 

  0x0000022428b98ce0: ;   {runtime_call UncommonTrapBlob}
  0x0000022428b98ce0: c5f8 77e8 

  0x0000022428b98ce4: ; ImmutableOopMap {[32]=Oop [48]=Oop [64]=Oop [72]=NarrowOop [88]=Oop [96]=NarrowOop [100]=NarrowOop [128]=Oop }
                      ;*invokestatic arraycopy {reexecute=0 rethrow=0 return_oop=0}
                      ; - java.lang.String::getBytes@22 (line 4726)
                      ; - java.lang.AbstractStringBuilder::putStringAt@15 (line 1751)
                      ; - java.lang.AbstractStringBuilder::append@30 (line 588)
                      ; - java.lang.StringBuilder::append@2 (line 179)
                      ; - java.net.URLStreamHandler::toExternalForm@11 (line 480)
                      ; - java.net.URL::toExternalForm@5 (line 1203)
                      ; - java.net.URL::toString@1 (line 1189)
                      ; - java.lang.ClassLoader::defineClassSourceLocation@22 (line 927)
                      ; - java.lang.ClassLoader::defineClass@12 (line 1026)
  0x0000022428b98ce4: 18b9 6aff 

  0x0000022428b98ce8: ;   {other}
  0x0000022428b98ce8: 0f1f 8400 | d83c 003d | bacc ffff | ff48 8944 | 24f8 8b44 | 2438 8944 | 2424 488b | 4424 f848 
  0x0000022428b98d08: 8944 24f8 | 8b44 243c | 8944 2438 | 488b 4424 | f848 895c | 2458 448b | 5c24 6044 | 895c 243c 
  0x0000022428b98d28: 897c 2460 | 8974 2464 | 4489 4c24 | 6866 6690 

  0x0000022428b98d38: ;   {runtime_call UncommonTrapBlob}
  0x0000022428b98d38: c5f8 77e8 

  0x0000022428b98d3c: ; ImmutableOopMap {[32]=NarrowOop [40]=Oop [48]=Oop [64]=Oop [88]=Oop [96]=NarrowOop [100]=NarrowOop [128]=Oop }
                      ;*invokestatic arraycopy {reexecute=0 rethrow=0 return_oop=0}
                      ; - java.lang.String::getBytes@22 (line 4726)
                      ; - java.lang.AbstractStringBuilder::putStringAt@15 (line 1751)
                      ; - java.lang.AbstractStringBuilder::append@30 (line 588)
                      ; - java.lang.StringBuilder::append@2 (line 179)
                      ; - java.net.URLStreamHandler::toExternalForm@59 (line 483)
                      ; - java.net.URL::toExternalForm@5 (line 1203)
                      ; - java.net.URL::toString@1 (line 1189)
                      ; - java.lang.ClassLoader::defineClassSourceLocation@22 (line 927)
                      ; - java.lang.ClassLoader::defineClass@12 (line 1026)
  0x0000022428b98d3c: c0b8 6aff 

  0x0000022428b98d40: ;   {other}
  0x0000022428b98d40: 0f1f 8400 | 303d 003e | bacc ffff | ff4c 8b44 | 2428 4c89 | 4424 2089 | 7c24 4848 | 895c 2458 
  0x0000022428b98d60: 4489 6c24 | 4c44 894c | 2460 4489 | 5c24 6444 | 8954 2468 

  0x0000022428b98d74: ;   {runtime_call UncommonTrapBlob}
  0x0000022428b98d74: c5f8 77e8 

  0x0000022428b98d78: ; ImmutableOopMap {[32]=Oop [48]=Oop [64]=Oop [72]=NarrowOop [88]=Oop [96]=NarrowOop [100]=NarrowOop [128]=Oop }
                      ;*invokestatic arraycopy {reexecute=0 rethrow=0 return_oop=0}
                      ; - java.lang.String::getBytes@22 (line 4726)
                      ; - java.lang.AbstractStringBuilder::putStringAt@15 (line 1751)
                      ; - java.lang.AbstractStringBuilder::append@30 (line 588)
                      ; - java.lang.StringBuilder::append@2 (line 179)
                      ; - java.net.URLStreamHandler::toExternalForm@77 (line 484)
                      ; - java.net.URL::toExternalForm@5 (line 1203)
                      ; - java.net.URL::toString@1 (line 1189)
                      ; - java.lang.ClassLoader::defineClassSourceLocation@22 (line 927)
                      ; - java.lang.ClassLoader::defineClass@12 (line 1026)
  0x0000022428b98d78: 84b8 6aff 

  0x0000022428b98d7c: ;   {other}
  0x0000022428b98d7c: 0f1f 8400 | 6c3d 003f | bacc ffff | ff4c 8b54 | 2428 4c89 | 5424 2089 | 7c24 4848 | 895c 2458 
  0x0000022428b98d9c: 4489 4c24 | 4c66 6690 

  0x0000022428b98da4: ;   {runtime_call UncommonTrapBlob}
  0x0000022428b98da4: c5f8 77e8 

  0x0000022428b98da8: ; ImmutableOopMap {rbp=NarrowOop [32]=Oop [48]=Oop [64]=Oop [72]=NarrowOop [88]=Oop [128]=Oop }
                      ;*invokestatic arraycopy {reexecute=0 rethrow=0 return_oop=0}
                      ; - java.lang.String::getBytes@22 (line 4726)
                      ; - java.lang.AbstractStringBuilder::putStringAt@15 (line 1751)
                      ; - java.lang.AbstractStringBuilder::append@30 (line 588)
                      ; - java.lang.StringBuilder::append@2 (line 179)
                      ; - java.net.URLStreamHandler::toExternalForm@113 (line 485)
                      ; - java.net.URL::toExternalForm@5 (line 1203)
                      ; - java.net.URL::toString@1 (line 1189)
                      ; - java.lang.ClassLoader::defineClassSourceLocation@22 (line 927)
                      ; - java.lang.ClassLoader::defineClass@12 (line 1026)
  0x0000022428b98da8: 54b8 6aff 

  0x0000022428b98dac: ;   {other}
  0x0000022428b98dac: 0f1f 8400 | 9c3d 0040 | bacc ffff | ff4c 8b54 | 2428 4c89 | 5424 2048 | 895c 2450 | 4489 4424 
  0x0000022428b98dcc: 5866 6690 

  0x0000022428b98dd0: ;   {runtime_call UncommonTrapBlob}
  0x0000022428b98dd0: c5f8 77e8 

  0x0000022428b98dd4: ; ImmutableOopMap {rbp=NarrowOop [32]=Oop [48]=Oop [64]=Oop [80]=Oop [128]=Oop }
                      ;*invokestatic arraycopy {reexecute=0 rethrow=0 return_oop=0}
                      ; - java.lang.String::getBytes@22 (line 4726)
                      ; - java.lang.AbstractStringBuilder::putStringAt@15 (line 1751)
                      ; - java.lang.AbstractStringBuilder::append@30 (line 588)
                      ; - java.lang.StringBuilder::append@2 (line 179)
                      ; - java.net.URLStreamHandler::toExternalForm@149 (line 486)
                      ; - java.net.URL::toExternalForm@5 (line 1203)
                      ; - java.net.URL::toString@1 (line 1189)
                      ; - java.lang.ClassLoader::defineClassSourceLocation@22 (line 927)
                      ; - java.lang.ClassLoader::defineClass@12 (line 1026)
  0x0000022428b98dd4: 28b8 6aff 

  0x0000022428b98dd8: ;   {other}
  0x0000022428b98dd8: 0f1f 8400 | c83d 0041 | ba6e ffff | ff44 8954 | 2420 4c8b | 9424 8000 | 0000 4c89 | 7424 4848 
  0x0000022428b98df8: 895c 2450 | 4c89 5424 | 5844 896c | 2460 6690 

  0x0000022428b98e08: ;   {runtime_call UncommonTrapBlob}
  0x0000022428b98e08: c5f8 77e8 

  0x0000022428b98e0c: ; ImmutableOopMap {[32]=NarrowOop [40]=Oop [48]=Oop [72]=Oop [80]=Oop [88]=Oop [96]=NarrowOop [128]=Oop }
                      ;*iflt {reexecute=1 rethrow=0 return_oop=0}
                      ; - (reexecute) java.lang.StringLatin1::lastIndexOf@19 (line 285)
                      ; - java.lang.String::lastIndexOf@13 (line 2573)
                      ; - java.lang.String::lastIndexOf@8 (line 2535)
                      ; - java.lang.ClassLoader::checkCerts@3 (line 1163)
                      ; - java.lang.ClassLoader::preDefineClass@113 (line 917)
                      ; - java.lang.ClassLoader::defineClass@4 (line 1025)
  0x0000022428b98e0c: f0b7 6aff 

  0x0000022428b98e10: ;   {other}
  0x0000022428b98e10: 0f1f 8400 | 003e 0042 | bace ffff | ff41 8bea | 4c8b 9424 | 8000 0000 | 4c89 5424 | 4848 894c 
  0x0000022428b98e30: 2450 4c89 | 5424 5889 | 5c24 6090 

  0x0000022428b98e3c: ;   {runtime_call UncommonTrapBlob}
  0x0000022428b98e3c: c5f8 77e8 

  0x0000022428b98e40: ; ImmutableOopMap {rbp=NarrowOop [40]=Oop [48]=Oop [72]=Oop [80]=Oop [88]=Oop }
                      ;*invokestatic indexOfChar {reexecute=0 rethrow=0 return_oop=0}
                      ; - java.lang.StringLatin1::indexOf@33 (line 204)
                      ; - java.lang.String::indexOf@17 (line 2461)
                      ; - java.lang.String::indexOf@3 (line 2405)
                      ; - java.lang.ClassLoader::checkName@16 (line 1157)
                      ; - java.lang.ClassLoader::preDefineClass@1 (line 900)
                      ; - java.lang.ClassLoader::defineClass@4 (line 1025)
  0x0000022428b98e40: bcb7 6aff 

  0x0000022428b98e44: ;   {other}
  0x0000022428b98e44: 0f1f 8400 | 343e 0043 | 4d63 d8e9 | 3ed0 ffff | bacc ffff | ff48 8b6c | 2428 4c8b | 5c24 304c 
  0x0000022428b98e64: 895c 2428 | 448b 5c24 | 3844 895c | 2430 448b | 4424 3c44 | 8944 2434 | 4c8b 5c24 | 404c 895c 
  0x0000022428b98e84: 2438 895c | 2440 4489 | 5424 444c | 8974 2448 

  0x0000022428b98e94: ;   {runtime_call UncommonTrapBlob}
  0x0000022428b98e94: c5f8 77e8 

  0x0000022428b98e98: ; ImmutableOopMap {rbp=Oop [40]=Oop [56]=Oop [64]=NarrowOop [68]=NarrowOop [72]=Oop [128]=Oop }
                      ;*new {reexecute=0 rethrow=0 return_oop=0}
                      ; - java.net.URLStreamHandler::toExternalForm@35 (line 483)
                      ; - java.net.URL::toExternalForm@5 (line 1203)
                      ; - java.net.URL::toString@1 (line 1189)
                      ; - java.lang.ClassLoader::defineClassSourceLocation@22 (line 927)
                      ; - java.lang.ClassLoader::defineClass@12 (line 1026)
  0x0000022428b98e98: 64b7 6aff 

  0x0000022428b98e9c: ;   {other}
  0x0000022428b98e9c: 0f1f 8400 | 8c3e 0044 | baf6 ffff | ff48 8974 | 2420 6690 

  0x0000022428b98eb0: ;   {runtime_call UncommonTrapBlob}
  0x0000022428b98eb0: c5f8 77e8 

  0x0000022428b98eb4: ; ImmutableOopMap {[32]=Oop [48]=Oop }
                      ;*invokevirtual putIfAbsent {reexecute=0 rethrow=0 return_oop=0}
                      ; - java.lang.ClassLoader::getNamedPackage@32 (line 345)
                      ; - java.lang.ClassLoader::postDefineClass@9 (line 934)
                      ; - java.lang.ClassLoader::defineClass@37 (line 1028)
  0x0000022428b98eb4: 48b7 6aff 

  0x0000022428b98eb8: ;   {other}
  0x0000022428b98eb8: 0f1f 8400 | a83e 0045 | bade ffff | ff48 8be8 

  0x0000022428b98ec8: ;   {runtime_call UncommonTrapBlob}
  0x0000022428b98ec8: c5f8 77e8 

  0x0000022428b98ecc: ; ImmutableOopMap {rbp=Oop }
                      ;*checkcast {reexecute=0 rethrow=0 return_oop=0}
                      ; - java.lang.ClassLoader::getNamedPackage@35 (line 345)
                      ; - java.lang.ClassLoader::postDefineClass@9 (line 934)
                      ; - java.lang.ClassLoader::defineClass@37 (line 1028)
  0x0000022428b98ecc: 30b7 6aff 

  0x0000022428b98ed0: ;   {other}
  0x0000022428b98ed0: 0f1f 8400 | c03e 0046 | 4d63 da0f | 1f44 0000 | e9f9 d4ff | ff49 83c3 | fe49 8bcb | 488b fa48 
  0x0000022428b98ef0: 33c0 4883 | f908 7f10 | 48ff c978 | 4f48 8904 | cf48 ffc9 | 7df7 eb44 | c5fd efc0 | e90d 0000 
  0x0000022428b98f10: 00c5 fe7f | 07c5 fe7f | 4720 4883 | c740 4883 | e908 7ded | 4883 c104 | 7c0c c5fe | 7f07 4883 
  0x0000022428b98f30: c720 4883 | e904 4883 | c104 7e10 | 48ff c9c5 | f9d6 0748 | 83c7 0848 | ffc9 7df3 | e95e d5ff 
  0x0000022428b98f50: ffba ccff | ffff 488b | 6c24 284c | 8b5c 2430 | 4c89 5c24 | 2844 8b44 | 2438 4489 | 4424 3044 
  0x0000022428b98f70: 8b5c 243c | 4489 5c24 | 344c 8b5c | 2440 4c89 | 5c24 3848 | 8974 2448 | 4489 4c24 | 5044 8954 
  0x0000022428b98f90: 2458 6690 

  0x0000022428b98f94: ;   {runtime_call UncommonTrapBlob}
  0x0000022428b98f94: c5f8 77e8 

  0x0000022428b98f98: ; ImmutableOopMap {rbp=Oop [40]=Oop [56]=Oop [72]=Oop [80]=NarrowOop [128]=Oop }
                      ;*newarray {reexecute=1 rethrow=0 return_oop=0}
                      ; - (reexecute) java.util.Arrays::copyOfRangeByte@10 (line 3863)
                      ; - java.util.Arrays::copyOfRange@13 (line 3854)
                      ; - java.lang.String::<init>@32 (line 4788)
                      ; - java.lang.String::<init>@3 (line 1507)
                      ; - java.lang.StringBuilder::toString@5 (line 475)
                      ; - java.net.URLStreamHandler::toExternalForm@152 (line 486)
                      ; - java.net.URL::toExternalForm@5 (line 1203)
                      ; - java.net.URL::toString@1 (line 1189)
                      ; - java.lang.ClassLoader::defineClassSourceLocation@22 (line 927)
                      ; - java.lang.ClassLoader::defineClass@12 (line 1026)
  0x0000022428b98f98: 64b6 6aff 

  0x0000022428b98f9c: ;   {other}
  0x0000022428b98f9c: 0f1f 8400 | 8c3f 0047 | baf6 ffff | ff66 6690 

  0x0000022428b98fac: ;   {runtime_call UncommonTrapBlob}
  0x0000022428b98fac: c5f8 77e8 

  0x0000022428b98fb0: ; ImmutableOopMap {}
                      ;*invokevirtual isNamed {reexecute=0 rethrow=0 return_oop=0}
                      ; - java.lang.NamedPackage::<init>@12 (line 48)
                      ; - java.lang.ClassLoader::getNamedPackage@22 (line 343)
                      ; - java.lang.ClassLoader::postDefineClass@9 (line 934)
                      ; - java.lang.ClassLoader::defineClass@37 (line 1028)
  0x0000022428b98fb0: 4cb6 6aff 

  0x0000022428b98fb4: ;   {other}
  0x0000022428b98fb4: 0f1f 8400 | a43f 0048 | baad ffff | ff48 8b6c | 2468 6690 

  0x0000022428b98fc8: ;   {runtime_call UncommonTrapBlob}
  0x0000022428b98fc8: c5f8 77e8 

  0x0000022428b98fcc: ; ImmutableOopMap {rbp=Oop [32]=Oop [48]=Oop [56]=NarrowOop [64]=Oop [72]=Oop }
                      ;*new {reexecute=0 rethrow=0 return_oop=0}
                      ; - java.lang.NamedPackage::<init>@18 (line 49)
                      ; - java.lang.ClassLoader::getNamedPackage@22 (line 343)
                      ; - java.lang.ClassLoader::postDefineClass@9 (line 934)
                      ; - java.lang.ClassLoader::defineClass@37 (line 1028)
  0x0000022428b98fcc: 30b6 6aff 

  0x0000022428b98fd0: ;   {other}
  0x0000022428b98fd0: 0f1f 8400 | c03f 0049 | 33ed 4585 | c940 0f94 | c5ba 45ff | ffff 4c89 | 4424 4848 | 894c 2450 
  0x0000022428b98ff0: 4c89 4424 | 5866 6690 

  0x0000022428b98ff8: ;   {runtime_call UncommonTrapBlob}
  0x0000022428b98ff8: c5f8 77e8 

  0x0000022428b98ffc: ; ImmutableOopMap {[40]=Oop [48]=Oop [72]=Oop [80]=Oop [88]=Oop }
                      ;*ifeq {reexecute=1 rethrow=0 return_oop=0}
                      ; - (reexecute) java.lang.String::indexOf@4 (line 2461)
                      ; - java.lang.String::indexOf@3 (line 2405)
                      ; - java.lang.ClassLoader::checkName@16 (line 1157)
                      ; - java.lang.ClassLoader::preDefineClass@1 (line 900)
                      ; - java.lang.ClassLoader::defineClass@4 (line 1025)
  0x0000022428b98ffc: 00b6 6aff 

  0x0000022428b99000: ;   {other}
  0x0000022428b99000: 0f1f 8400 | f03f 004a | ba45 ffff | ff89 4c24 | 2089 4c24 | 244c 8b94 | 2480 0000 | 004c 8974 
  0x0000022428b99020: 2448 4889 | 5c24 504c | 8954 2458 | 4489 6c24 | 604c 8954 | 2468 4489 | 4c24 7090 

  0x0000022428b9903c: ;   {runtime_call UncommonTrapBlob}
  0x0000022428b9903c: c5f8 77e8 

  0x0000022428b99040: ; ImmutableOopMap {[40]=Oop [48]=Oop [72]=Oop [80]=Oop [88]=Oop [96]=NarrowOop [104]=Oop }
                      ;*if_icmpgt {reexecute=1 rethrow=0 return_oop=0}
                      ; - (reexecute) jdk.internal.util.Preconditions::checkFromToIndex@6 (line 348)
                      ; - java.lang.String::checkBoundsBeginEnd@6 (line 4865)
                      ; - java.lang.String::substring@8 (line 2834)
                      ; - java.lang.ClassLoader::checkCerts@21 (line 1164)
                      ; - java.lang.ClassLoader::preDefineClass@113 (line 917)
                      ; - java.lang.ClassLoader::defineClass@4 (line 1025)
  0x0000022428b99040: bcb5 6aff 

  0x0000022428b99044: ;   {other}
  0x0000022428b99044: 0f1f 8400 | 3440 004b | ba45 ffff | ff48 8b6c | 2428 488b | 7424 3048 | 8974 2428 | 8b44 2438 
  0x0000022428b99064: 8944 2430 | 8b74 243c | 8974 2434 | 488b 7424 | 4048 8974 | 2438 895c | 2440 4c89 | 7424 5089 
  0x0000022428b99084: 7c24 4444 | 895c 2458 | 4489 4c24 | 5c89 4c24 | 6044 8954 | 2464 4489 | 4424 6890 

  0x0000022428b990a0: ;   {runtime_call UncommonTrapBlob}
  0x0000022428b990a0: c5f8 77e8 

  0x0000022428b990a4: ; ImmutableOopMap {rbp=Oop [40]=Oop [56]=Oop [64]=NarrowOop [80]=Oop [88]=NarrowOop [92]=NarrowOop [128]=Oop }
                      ;*if_icmpne {reexecute=1 rethrow=0 return_oop=0}
                      ; - (reexecute) java.lang.String::getBytes@5 (line 4725)
                      ; - java.lang.AbstractStringBuilder::putStringAt@15 (line 1751)
                      ; - java.lang.AbstractStringBuilder::append@30 (line 588)
                      ; - java.lang.StringBuilder::append@2 (line 179)
                      ; - java.net.URLStreamHandler::toExternalForm@11 (line 480)
                      ; - java.net.URL::toExternalForm@5 (line 1203)
                      ; - java.net.URL::toString@1 (line 1189)
                      ; - java.lang.ClassLoader::defineClassSourceLocation@22 (line 927)
                      ; - java.lang.ClassLoader::defineClass@12 (line 1026)
  0x0000022428b990a4: 58b5 6aff 

  0x0000022428b990a8: ;   {other}
  0x0000022428b990a8: 0f1f 8400 | 9840 004c | ba45 ffff | ff48 8b6c | 2428 4889 | 4424 f88b | 4424 3889 | 4424 2448 
  0x0000022428b990c8: 8b44 24f8 | 4889 4424 | f88b 4424 | 3c89 4424 | 3848 8b44 | 24f8 4889 | 5c24 5044 | 8b54 2460 
  0x0000022428b990e8: 4489 5424 | 3c48 897c | 2458 8974 | 2460 4489 | 4424 6444 | 894c 2468 | 894c 246c 

  0x0000022428b99104: ;   {runtime_call UncommonTrapBlob}
  0x0000022428b99104: c5f8 77e8 

  0x0000022428b99108: ; ImmutableOopMap {rbp=Oop [32]=NarrowOop [48]=Oop [64]=Oop [80]=Oop [88]=Oop [96]=NarrowOop [128]=Oop }
                      ;*if_icmpne {reexecute=1 rethrow=0 return_oop=0}
                      ; - (reexecute) java.lang.String::getBytes@5 (line 4725)
                      ; - java.lang.AbstractStringBuilder::putStringAt@15 (line 1751)
                      ; - java.lang.AbstractStringBuilder::append@30 (line 588)
                      ; - java.lang.StringBuilder::append@2 (line 179)
                      ; - java.net.URLStreamHandler::toExternalForm@59 (line 483)
                      ; - java.net.URL::toExternalForm@5 (line 1203)
                      ; - java.net.URL::toString@1 (line 1189)
                      ; - java.lang.ClassLoader::defineClassSourceLocation@22 (line 927)
                      ; - java.lang.ClassLoader::defineClass@12 (line 1026)
  0x0000022428b99108: f4b4 6aff 

  0x0000022428b9910c: ;   {other}
  0x0000022428b9910c: 0f1f 8400 | fc40 004d | ba45 ffff | ff48 8b6c | 2428 4c8b | 5424 304c | 8954 2428 | 448b 5424 
  0x0000022428b9912c: 3844 8954 | 2430 8b74 | 243c 8974 | 2434 4c8b | 5424 404c | 8954 2438 | 897c 2440 | 4889 5c24 
  0x0000022428b9914c: 5044 896c | 2444 894c | 2458 4489 | 5c24 5c89 | 4424 6044 | 894c 2464 | 4489 4424 | 6866 6690 
  0x0000022428b9916c: ;   {runtime_call UncommonTrapBlob}
  0x0000022428b9916c: c5f8 77e8 

  0x0000022428b99170: ; ImmutableOopMap {rbp=Oop [40]=Oop [56]=Oop [64]=NarrowOop [80]=Oop [88]=NarrowOop [92]=NarrowOop [128]=Oop }
                      ;*if_icmpne {reexecute=1 rethrow=0 return_oop=0}
                      ; - (reexecute) java.lang.String::getBytes@5 (line 4725)
                      ; - java.lang.AbstractStringBuilder::putStringAt@15 (line 1751)
                      ; - java.lang.AbstractStringBuilder::append@30 (line 588)
                      ; - java.lang.StringBuilder::append@2 (line 179)
                      ; - java.net.URLStreamHandler::toExternalForm@77 (line 484)
                      ; - java.net.URL::toExternalForm@5 (line 1203)
                      ; - java.net.URL::toString@1 (line 1189)
                      ; - java.lang.ClassLoader::defineClassSourceLocation@22 (line 927)
                      ; - java.lang.ClassLoader::defineClass@12 (line 1026)
  0x0000022428b99170: 8cb4 6aff 

  0x0000022428b99174: ;   {other}
  0x0000022428b99174: 0f1f 8400 | 6441 004e | 33ed 4585 | c040 0f94 | c5ba 45ff | ffff 4c8b | 5c24 284c | 895c 2420 
  0x0000022428b99194: 4889 7424 | 5048 895c | 2458 4489 | 4c24 6044 | 8954 2464 

  0x0000022428b991a8: ;   {runtime_call UncommonTrapBlob}
  0x0000022428b991a8: c5f8 77e8 

  0x0000022428b991ac: ; ImmutableOopMap {[32]=Oop [48]=Oop [64]=Oop [80]=Oop [88]=Oop [96]=NarrowOop [128]=Oop }
                      ;*ifeq {reexecute=1 rethrow=0 return_oop=0}
                      ; - (reexecute) java.lang.String::<init>@19 (line 4786)
                      ; - java.lang.String::<init>@3 (line 1507)
                      ; - java.lang.StringBuilder::toString@5 (line 475)
                      ; - java.net.URLStreamHandler::toExternalForm@152 (line 486)
                      ; - java.net.URL::toExternalForm@5 (line 1203)
                      ; - java.net.URL::toString@1 (line 1189)
                      ; - java.lang.ClassLoader::defineClassSourceLocation@22 (line 927)
                      ; - java.lang.ClassLoader::defineClass@12 (line 1026)
  0x0000022428b991ac: 50b4 6aff 

  0x0000022428b991b0: ;   {other}
  0x0000022428b991b0: 0f1f 8400 | a041 004f | 498b d7c5 | f877 49ba | c014 b46c | fe7f 0000 

  0x0000022428b991c8: ;   {other}
  0x0000022428b991c8: 41ff d20f | 1f84 0000 | 0000 00e9 | e2d2 ffff | ba45 ffff | ff48 8b6c | 2428 4c8b | 9424 8000 
  0x0000022428b991e8: 0000 4c89 | 5424 404c | 896c 2448 | 895c 2450 

  0x0000022428b991f8: ;   {runtime_call UncommonTrapBlob}
  0x0000022428b991f8: c5f8 77e8 

  0x0000022428b991fc: ; ImmutableOopMap {rbp=Oop [48]=Oop [64]=Oop [72]=Oop [128]=Oop }
                      ;*if_icmpne {reexecute=1 rethrow=0 return_oop=0}
                      ; - (reexecute) java.lang.ClassLoader::checkName@20 (line 1157)
                      ; - java.lang.ClassLoader::preDefineClass@1 (line 900)
                      ; - java.lang.ClassLoader::defineClass@4 (line 1025)
  0x0000022428b991fc: 00b4 6aff 

  0x0000022428b99200: ;   {other}
  0x0000022428b99200: 0f1f 8400 | f041 0050 | ba45 ffff | ff4c 8b94 | 2480 0000 | 004c 8954 | 2448 4c89 | 6c24 5090 
  0x0000022428b99220: ;   {runtime_call UncommonTrapBlob}
  0x0000022428b99220: c5f8 77e8 

  0x0000022428b99224: ; ImmutableOopMap {[40]=Oop [48]=Oop [72]=Oop [80]=Oop [128]=Oop }
                      ;*if_icmpne {reexecute=1 rethrow=0 return_oop=0}
                      ; - (reexecute) java.lang.ClassLoader::checkName@30 (line 1157)
                      ; - java.lang.ClassLoader::preDefineClass@1 (line 900)
                      ; - java.lang.ClassLoader::defineClass@4 (line 1025)
  0x0000022428b99224: d8b3 6aff 

  0x0000022428b99228: ;   {other}
  0x0000022428b99228: 0f1f 8400 | 1842 0051 | ba45 ffff | ff8b e94c | 8b54 2428 | 4c89 5424 | 204c 8b94 | 2480 0000 
  0x0000022428b99248: 004c 8974 | 2440 4889 | 5c24 484c | 8954 2450 | 4489 6c24 | 5866 6690 

  0x0000022428b99260: ;   {runtime_call UncommonTrapBlob}
  0x0000022428b99260: c5f8 77e8 

  0x0000022428b99264: ; ImmutableOopMap {[32]=Oop [48]=Oop [64]=Oop [72]=Oop [80]=Oop [88]=NarrowOop [128]=Oop }
                      ;*if_icmpne {reexecute=1 rethrow=0 return_oop=0}
                      ; - (reexecute) java.lang.ClassLoader::checkCerts@9 (line 1164)
                      ; - java.lang.ClassLoader::preDefineClass@113 (line 917)
                      ; - java.lang.ClassLoader::defineClass@4 (line 1025)
  0x0000022428b99264: 98b3 6aff 

  0x0000022428b99268: ;   {other}
  0x0000022428b99268: 0f1f 8400 | 5842 0052 | ba45 ffff | ff89 4c24 | 2089 4c24 | 244c 8b94 | 2480 0000 | 004c 8974 
  0x0000022428b99288: 2448 4889 | 5c24 504c | 8954 2458 | 4489 6c24 | 604c 8954 | 2468 4489 | 4c24 7044 | 894c 2474 
  0x0000022428b992a8: ;   {runtime_call UncommonTrapBlob}
  0x0000022428b992a8: c5f8 77e8 

  0x0000022428b992ac: ; ImmutableOopMap {[40]=Oop [48]=Oop [72]=Oop [80]=Oop [88]=Oop [96]=NarrowOop [104]=Oop }
                      ;*if_icmple {reexecute=1 rethrow=0 return_oop=0}
                      ; - (reexecute) jdk.internal.util.Preconditions::checkFromToIndex@11 (line 348)
                      ; - java.lang.String::checkBoundsBeginEnd@6 (line 4865)
                      ; - java.lang.String::substring@8 (line 2834)
                      ; - java.lang.ClassLoader::checkCerts@21 (line 1164)
                      ; - java.lang.ClassLoader::preDefineClass@113 (line 917)
                      ; - java.lang.ClassLoader::defineClass@4 (line 1025)
  0x0000022428b992ac: 50b3 6aff 

  0x0000022428b992b0: ;   {other}
  0x0000022428b992b0: 0f1f 8400 | a042 0053 | ba45 ffff | ff48 8b6c | 2428 4c8b | 5424 304c | 8954 2428 | 448b 5c24 
  0x0000022428b992d0: 3844 895c | 2430 448b | 5424 3c44 | 8954 2434 | 4c8b 5424 | 404c 8954 | 2438 895c | 2440 6690 
  0x0000022428b992f0: ;   {runtime_call UncommonTrapBlob}
  0x0000022428b992f0: c5f8 77e8 

  0x0000022428b992f4: ; ImmutableOopMap {rbp=Oop [40]=Oop [56]=Oop [64]=NarrowOop [128]=Oop }
                      ;*ifnull {reexecute=1 rethrow=0 return_oop=0}
                      ; - (reexecute) java.lang.ClassLoader::defineClassSourceLocation@15 (line 926)
                      ; - java.lang.ClassLoader::defineClass@12 (line 1026)
  0x0000022428b992f4: 08b3 6aff 

  0x0000022428b992f8: ;   {other}
  0x0000022428b992f8: 0f1f 8400 | e842 0054 | ba45 ffff | ff48 8b6c | 2428 4c8b | 4c24 304c | 894c 2428 | 8b74 2438 
  0x0000022428b99318: 8974 2430 | 448b 4c24 | 3c44 894c | 2434 4c8b | 4c24 404c | 894c 2438 | 895c 2440 | 4c89 7424 
  0x0000022428b99338: 5089 7c24 | 444c 8974 | 2458 894c | 2460 4489 | 5c24 6444 | 8944 2470 | 4489 5424 | 7466 6690 
  0x0000022428b99358: ;   {runtime_call UncommonTrapBlob}
  0x0000022428b99358: c5f8 77e8 

  0x0000022428b9935c: ; ImmutableOopMap {rbp=Oop [40]=Oop [56]=Oop [64]=NarrowOop [80]=Oop [88]=Oop [100]=NarrowOop [128]=Oop }
                      ;*if_icmpeq {reexecute=1 rethrow=0 return_oop=0}
                      ; - (reexecute) java.lang.AbstractStringBuilder::inflateIfNeededFor@14 (line 1733)
                      ; - java.lang.AbstractStringBuilder::putStringAt@2 (line 1750)
                      ; - java.lang.AbstractStringBuilder::append@30 (line 588)
                      ; - java.lang.StringBuilder::append@2 (line 179)
                      ; - java.net.URLStreamHandler::toExternalForm@11 (line 480)
                      ; - java.net.URL::toExternalForm@5 (line 1203)
                      ; - java.net.URL::toString@1 (line 1189)
                      ; - java.lang.ClassLoader::defineClassSourceLocation@22 (line 927)
                      ; - java.lang.ClassLoader::defineClass@12 (line 1026)
  0x0000022428b9935c: a0b2 6aff 

  0x0000022428b99360: ;   {other}
  0x0000022428b99360: 0f1f 8400 | 5043 0055 | ba45 ffff | ff48 8b6c | 2428 4889 | 4424 f88b | 4424 3889 | 4424 2448 
  0x0000022428b99380: 8b44 24f8 | 4889 4424 | f88b 4424 | 3c89 4424 | 3848 8b44 | 24f8 4889 | 5c24 5044 | 8b54 2460 
  0x0000022428b993a0: 4489 5424 | 3c48 895c | 2458 4489 | 4424 6048 | 897c 2468 | 894c 2464 | 4489 4c24 | 7866 6690 
  0x0000022428b993c0: ;   {runtime_call UncommonTrapBlob}
  0x0000022428b993c0: c5f8 77e8 

  0x0000022428b993c4: ; ImmutableOopMap {rbp=Oop [32]=NarrowOop [48]=Oop [64]=Oop [80]=Oop [88]=Oop [104]=Oop [128]=Oop }
                      ;*if_icmpeq {reexecute=1 rethrow=0 return_oop=0}
                      ; - (reexecute) java.lang.AbstractStringBuilder::inflateIfNeededFor@14 (line 1733)
                      ; - java.lang.AbstractStringBuilder::putStringAt@2 (line 1750)
                      ; - java.lang.AbstractStringBuilder::append@30 (line 588)
                      ; - java.lang.StringBuilder::append@2 (line 179)
                      ; - java.net.URLStreamHandler::toExternalForm@59 (line 483)
                      ; - java.net.URL::toExternalForm@5 (line 1203)
                      ; - java.net.URL::toString@1 (line 1189)
                      ; - java.lang.ClassLoader::defineClassSourceLocation@22 (line 927)
                      ; - java.lang.ClassLoader::defineClass@12 (line 1026)
  0x0000022428b993c4: 38b2 6aff 

  0x0000022428b993c8: ;   {other}
  0x0000022428b993c8: 0f1f 8400 | b843 0056 | ba45 ffff | ff48 8b6c | 2428 4c8b | 5424 304c | 8954 2428 | 448b 5c24 
  0x0000022428b993e8: 3844 895c | 2430 448b | 5424 3c44 | 8954 2434 | 4c8b 5424 | 404c 8954 | 2438 897c | 2440 4889 
  0x0000022428b99408: 5c24 5044 | 896c 2444 | 4889 5c24 | 5889 4424 | 6089 4c24 | 6444 8944 | 2470 4489 | 4c24 7490 
  0x0000022428b99428: ;   {runtime_call UncommonTrapBlob}
  0x0000022428b99428: c5f8 77e8 

  0x0000022428b9942c: ; ImmutableOopMap {rbp=Oop [40]=Oop [56]=Oop [64]=NarrowOop [80]=Oop [88]=Oop [100]=NarrowOop [128]=Oop }
                      ;*if_icmpeq {reexecute=1 rethrow=0 return_oop=0}
                      ; - (reexecute) java.lang.AbstractStringBuilder::inflateIfNeededFor@14 (line 1733)
                      ; - java.lang.AbstractStringBuilder::putStringAt@2 (line 1750)
                      ; - java.lang.AbstractStringBuilder::append@30 (line 588)
                      ; - java.lang.StringBuilder::append@2 (line 179)
                      ; - java.net.URLStreamHandler::toExternalForm@77 (line 484)
                      ; - java.net.URL::toExternalForm@5 (line 1203)
                      ; - java.net.URL::toString@1 (line 1189)
                      ; - java.lang.ClassLoader::defineClassSourceLocation@22 (line 927)
                      ; - java.lang.ClassLoader::defineClass@12 (line 1026)
  0x0000022428b9942c: d0b1 6aff 

  0x0000022428b99430: ;   {other}
  0x0000022428b99430: 0f1f 8400 | 2044 0057 | ba45 ffff | ff4c 8b54 | 2428 4c89 | 5424 2089 | 7c24 4848 | 895c 2450 
  0x0000022428b99450: ;   {runtime_call UncommonTrapBlob}
  0x0000022428b99450: c5f8 77e8 

  0x0000022428b99454: ; ImmutableOopMap {rbp=NarrowOop [32]=Oop [48]=Oop [64]=Oop [72]=NarrowOop [80]=Oop [128]=Oop }
                      ;*ifnull {reexecute=1 rethrow=0 return_oop=0}
                      ; - (reexecute) java.net.URLStreamHandler::toExternalForm@86 (line 485)
                      ; - java.net.URL::toExternalForm@5 (line 1203)
                      ; - java.net.URL::toString@1 (line 1189)
                      ; - java.lang.ClassLoader::defineClassSourceLocation@22 (line 927)
                      ; - java.lang.ClassLoader::defineClass@12 (line 1026)
  0x0000022428b99454: a8b1 6aff 

  0x0000022428b99458: ;   {other}
  0x0000022428b99458: 0f1f 8400 | 4844 0058 | ba45 ffff | ff48 8b6c | 2428 4c8b | 5424 304c | 8954 2428 | 448b 5424 
  0x0000022428b99478: 3844 8954 | 2430 448b | 5424 3c44 | 8954 2434 | 4c8b 5424 | 404c 8954 | 2438 897c | 2440 4889 
  0x0000022428b99498: 5c24 5048 | 895c 2458 | 4489 4c24 | 4444 895c | 2468 6690 

  0x0000022428b994ac: ;   {runtime_call UncommonTrapBlob}
  0x0000022428b994ac: c5f8 77e8 

  0x0000022428b994b0: ; ImmutableOopMap {rbp=Oop [40]=Oop [56]=Oop [64]=NarrowOop [80]=Oop [88]=Oop [128]=Oop }
                      ;*if_icmpeq {reexecute=1 rethrow=0 return_oop=0}
                      ; - (reexecute) java.lang.AbstractStringBuilder::inflateIfNeededFor@14 (line 1733)
                      ; - java.lang.AbstractStringBuilder::putStringAt@2 (line 1750)
                      ; - java.lang.AbstractStringBuilder::append@30 (line 588)
                      ; - java.lang.StringBuilder::append@2 (line 179)
                      ; - java.net.URLStreamHandler::toExternalForm@113 (line 485)
                      ; - java.net.URL::toExternalForm@5 (line 1203)
                      ; - java.net.URL::toString@1 (line 1189)
                      ; - java.lang.ClassLoader::defineClassSourceLocation@22 (line 927)
                      ; - java.lang.ClassLoader::defineClass@12 (line 1026)
  0x0000022428b994b0: 4cb1 6aff 

  0x0000022428b994b4: ;   {other}
  0x0000022428b994b4: 0f1f 8400 | a444 0059 | ba45 ffff | ff4c 8b54 | 2428 4c89 | 5424 2048 | 895c 2448 

  0x0000022428b994d0: ;   {runtime_call UncommonTrapBlob}
  0x0000022428b994d0: c5f8 77e8 

  0x0000022428b994d4: ; ImmutableOopMap {rbp=NarrowOop [32]=Oop [48]=Oop [64]=Oop [72]=Oop [128]=Oop }
                      ;*ifnull {reexecute=1 rethrow=0 return_oop=0}
                      ; - (reexecute) java.net.URLStreamHandler::toExternalForm@122 (line 486)
                      ; - java.net.URL::toExternalForm@5 (line 1203)
                      ; - java.net.URL::toString@1 (line 1189)
                      ; - java.lang.ClassLoader::defineClassSourceLocation@22 (line 927)
                      ; - java.lang.ClassLoader::defineClass@12 (line 1026)
  0x0000022428b994d4: 28b1 6aff 

  0x0000022428b994d8: ;   {other}
  0x0000022428b994d8: 0f1f 8400 | c844 005a | ba45 ffff | ff4c 8b54 | 2428 4c89 | 5424 2048 | 895c 2450 | 4889 5c24 
  0x0000022428b994f8: 5844 8944 | 2460 6690 

  0x0000022428b99500: ;   {runtime_call UncommonTrapBlob}
  0x0000022428b99500: c5f8 77e8 

  0x0000022428b99504: ; ImmutableOopMap {[32]=Oop [48]=Oop [64]=Oop [80]=Oop [88]=Oop [128]=Oop }
                      ;*if_icmpeq {reexecute=1 rethrow=0 return_oop=0}
                      ; - (reexecute) java.lang.AbstractStringBuilder::inflateIfNeededFor@14 (line 1733)
                      ; - java.lang.AbstractStringBuilder::putStringAt@2 (line 1750)
                      ; - java.lang.AbstractStringBuilder::append@30 (line 588)
                      ; - java.lang.StringBuilder::append@2 (line 179)
                      ; - java.net.URLStreamHandler::toExternalForm@149 (line 486)
                      ; - java.net.URL::toExternalForm@5 (line 1203)
                      ; - java.net.URL::toString@1 (line 1189)
                      ; - java.lang.ClassLoader::defineClassSourceLocation@22 (line 927)
                      ; - java.lang.ClassLoader::defineClass@12 (line 1026)
  0x0000022428b99504: f8b0 6aff 

  0x0000022428b99508: ;   {other}
  0x0000022428b99508: 0f1f 8400 | f844 005b | ba45 ffff | ff4c 8b54 | 2428 4c89 | 5424 204c | 8b94 2480 | 0000 004c 
  0x0000022428b99528: 8954 2448 

  0x0000022428b9952c: ;   {runtime_call UncommonTrapBlob}
  0x0000022428b9952c: c5f8 77e8 

  0x0000022428b99530: ; ImmutableOopMap {[32]=Oop [48]=Oop [64]=Oop [72]=Oop [128]=Oop }
                      ;*ifne {reexecute=1 rethrow=0 return_oop=0}
                      ; - (reexecute) java.lang.ClassLoader::compareCerts@7 (line 1186)
                      ; - java.lang.ClassLoader::checkCerts@80 (line 1172)
                      ; - java.lang.ClassLoader::preDefineClass@113 (line 917)
                      ; - java.lang.ClassLoader::defineClass@4 (line 1025)
  0x0000022428b99530: ccb0 6aff 

  0x0000022428b99534: ;   {other}
  0x0000022428b99534: 0f1f 8400 | 2445 005c | ba45 ffff | ff48 8b6c | 2468 4c8b | 5424 404c | 8954 2430 | 4889 7424 
  0x0000022428b99554: 384c 8944 | 2440 4489 | 6c24 4844 | 895c 244c 

  0x0000022428b99564: ;   {runtime_call UncommonTrapBlob}
  0x0000022428b99564: c5f8 77e8 

  0x0000022428b99568: ; ImmutableOopMap {rbp=Oop [48]=Oop [56]=Oop [64]=Oop [72]=NarrowOop }
                      ;*ifle {reexecute=1 rethrow=0 return_oop=0}
                      ; - (reexecute) java.util.concurrent.ConcurrentHashMap::get@23 (line 937)
                      ; - java.lang.ClassLoader::getNamedPackage@5 (line 341)
                      ; - java.lang.ClassLoader::postDefineClass@9 (line 934)
                      ; - java.lang.ClassLoader::defineClass@37 (line 1028)
  0x0000022428b99568: 94b0 6aff 

  0x0000022428b9956c: ;   {other}
  0x0000022428b9956c: 0f1f 8400 | 5c45 005d | 4c63 c9e9 | 06c5 ffff | 4983 c1fe | 498b c948 | 8bfa 4833 | c048 83f9 
  0x0000022428b9958c: 087f 1048 | ffc9 784f | 4889 04cf | 48ff c97d | f7eb 44c5 | fdef c0e9 | 0d00 0000 | c5fe 7f07 
  0x0000022428b995ac: c5fe 7f47 | 2048 83c7 | 4048 83e9 | 087d ed48 | 83c1 047c | 0cc5 fe7f | 0748 83c7 | 2048 83e9 
  0x0000022428b995cc: 0448 83c1 | 047e 1048 | ffc9 c5f9 | d607 4883 | c708 48ff | c97d f3e9 | 6cc5 ffff | bacc ffff 
  0x0000022428b995ec: ff41 8bea | 894c 2424 | 4c8b 9424 | 8000 0000 | 4c89 7424 | 4848 895c | 2450 4c89 | 5424 5844 
  0x0000022428b9960c: 896c 2460 | 4889 7424 | 7066 6690 

  0x0000022428b99618: ;   {runtime_call UncommonTrapBlob}
  0x0000022428b99618: c5f8 77e8 

  0x0000022428b9961c: ; ImmutableOopMap {rbp=NarrowOop [40]=Oop [48]=Oop [72]=Oop [80]=Oop [88]=Oop [96]=NarrowOop [112]=Oop [128]=Oop }
                      ;*newarray {reexecute=1 rethrow=0 return_oop=0}
                      ; - (reexecute) java.util.Arrays::copyOfRangeByte@10 (line 3863)
                      ; - java.util.Arrays::copyOfRange@13 (line 3854)
                      ; - java.lang.StringLatin1::newString@16 (line 752)
                      ; - java.lang.String::substring@41 (line 2839)
                      ; - java.lang.ClassLoader::checkCerts@21 (line 1164)
                      ; - java.lang.ClassLoader::preDefineClass@113 (line 917)
                      ; - java.lang.ClassLoader::defineClass@4 (line 1025)
  0x0000022428b9961c: e0af 6aff 

  0x0000022428b99620: ;   {other}
  0x0000022428b99620: 0f1f 8400 | 1046 005e | ba76 ffff | ff8b ef44 | 895c 2424 | 4c8b 5424 | 684c 8954 | 2430 4c89 
  0x0000022428b99640: 4c24 5890 

  0x0000022428b99644: ;   {runtime_call UncommonTrapBlob}
  0x0000022428b99644: c5f8 77e8 

  0x0000022428b99648: ; ImmutableOopMap {rbp=NarrowOop [40]=Oop [48]=Oop [64]=Oop [88]=Oop }
                      ;*iflt {reexecute=1 rethrow=0 return_oop=0}
                      ; - (reexecute) java.lang.StringLatin1::lastIndexOf@19 (line 285)
                      ; - java.lang.String::lastIndexOf@13 (line 2573)
                      ; - java.lang.String::lastIndexOf@8 (line 2535)
                      ; - java.lang.Class::getPackageName@47 (line 1168)
                      ; - java.lang.ClassLoader::postDefineClass@2 (line 934)
                      ; - java.lang.ClassLoader::defineClass@37 (line 1028)
  0x0000022428b99648: b4af 6aff 

  0x0000022428b9964c: ;   {other}
  0x0000022428b9964c: 0f1f 8400 | 3c46 005f | ba45 ffff | ff48 8944 | 2430 4c8b | 5424 404c | 8954 2438 | 4889 4424 
  0x0000022428b9966c: 4066 6690 

  0x0000022428b99670: ;   {runtime_call UncommonTrapBlob}
  0x0000022428b99670: c5f8 77e8 

  0x0000022428b99674: ; ImmutableOopMap {[40]=Oop [48]=Oop [56]=Oop [64]=Oop }
                      ;*ifeq {reexecute=1 rethrow=0 return_oop=0}
                      ; - (reexecute) java.lang.Class::getPackageName@13 (line 1163)
                      ; - java.lang.ClassLoader::postDefineClass@2 (line 934)
                      ; - java.lang.ClassLoader::defineClass@37 (line 1028)
  0x0000022428b99674: 88af 6aff 

  0x0000022428b99678: ;   {other}
  0x0000022428b99678: 0f1f 8400 | 6846 0060 | ba6e ffff | ff8b ef44 | 895c 2424 | 4c8b 5424 | 684c 8954 | 2430 4c89 
  0x0000022428b99698: 4c24 5890 

  0x0000022428b9969c: ;   {runtime_call UncommonTrapBlob}
  0x0000022428b9969c: c5f8 77e8 

  0x0000022428b996a0: ; ImmutableOopMap {rbp=NarrowOop [40]=Oop [48]=Oop [64]=Oop [88]=Oop }
                      ;*iflt {reexecute=1 rethrow=0 return_oop=0}
                      ; - (reexecute) java.lang.StringLatin1::lastIndexOf@19 (line 285)
                      ; - java.lang.String::lastIndexOf@13 (line 2573)
                      ; - java.lang.String::lastIndexOf@8 (line 2535)
                      ; - java.lang.Class::getPackageName@47 (line 1168)
                      ; - java.lang.ClassLoader::postDefineClass@2 (line 934)
                      ; - java.lang.ClassLoader::defineClass@37 (line 1028)
  0x0000022428b996a0: 5caf 6aff 

  0x0000022428b996a4: ;   {other}
  0x0000022428b996a4: 0f1f 8400 | 9446 0061 | 498b d7c5 | f877 49ba | c014 b46c | fe7f 0000 

  0x0000022428b996bc: ;   {other}
  0x0000022428b996bc: 41ff d20f | 1f84 0000 | 0000 00e9 | 24d8 ffff | 498b d7c5 | f877 49ba | c014 b46c | fe7f 0000 
  0x0000022428b996dc: ;   {other}
  0x0000022428b996dc: 41ff d20f | 1f84 0000 | 0000 00e9 | 48d8 ffff | ba45 ffff | ff48 8b6c | 2428 4c8b | 5c24 304c 
  0x0000022428b996fc: 895c 2428 | 448b 4424 | 3844 8944 | 2430 448b | 5c24 3c44 | 895c 2434 | 4c8b 5c24 | 404c 895c 
  0x0000022428b9971c: 2438 4889 | 7424 4844 | 894c 2450 | 4489 5424 | 5844 8954 | 245c 6690 

  0x0000022428b99734: ;   {runtime_call UncommonTrapBlob}
  0x0000022428b99734: c5f8 77e8 

  0x0000022428b99738: ; ImmutableOopMap {rbp=Oop [40]=Oop [56]=Oop [72]=Oop [80]=NarrowOop [128]=Oop }
                      ;*if_icmpge {reexecute=1 rethrow=0 return_oop=0}
                      ; - (reexecute) java.util.Arrays::checkLength@2 (line 3820)
                      ; - java.util.Arrays::copyOfRangeByte@2 (line 3861)
                      ; - java.util.Arrays::copyOfRange@13 (line 3854)
                      ; - java.lang.String::<init>@32 (line 4788)
                      ; - java.lang.String::<init>@3 (line 1507)
                      ; - java.lang.StringBuilder::toString@5 (line 475)
                      ; - java.net.URLStreamHandler::toExternalForm@152 (line 486)
                      ; - java.net.URL::toExternalForm@5 (line 1203)
                      ; - java.net.URL::toString@1 (line 1189)
                      ; - java.lang.ClassLoader::defineClassSourceLocation@22 (line 927)
                      ; - java.lang.ClassLoader::defineClass@12 (line 1026)
  0x0000022428b99738: c4ae 6aff 

  0x0000022428b9973c: ;   {other}
  0x0000022428b9973c: 0f1f 8400 | 2c47 0062 | 4c89 5424 | 4048 8974 | 2420 488b | eb49 8bd7 | c5f8 7749 | bac0 14b4 
  0x0000022428b9975c: 6cfe 7f00 | 0041 ffd2 

  0x0000022428b99764: ;   {other}
  0x0000022428b99764: 0f1f 8400 | 0000 0000 | 488b dd48 | 8b74 2420 | 4c8b 5424 | 40e9 e1c3 | ffff bade | ffff ff90 
  0x0000022428b99784: ;   {runtime_call UncommonTrapBlob}
  0x0000022428b99784: c5f8 77e8 

  0x0000022428b99788: ; ImmutableOopMap {rbp=NarrowOop }
                      ;*checkcast {reexecute=0 rethrow=0 return_oop=0}
                      ; - java.lang.ClassLoader::getNamedPackage@8 (line 341)
                      ; - java.lang.ClassLoader::postDefineClass@9 (line 934)
                      ; - java.lang.ClassLoader::defineClass@37 (line 1028)
  0x0000022428b99788: 74ae 6aff 

  0x0000022428b9978c: ;   {other}
  0x0000022428b9978c: 0f1f 8400 | 7c47 0063 | 33ed 4585 | db40 0f94 | c5ba 45ff | ffff 4c8b | 5c24 684c | 895c 2420 
  0x0000022428b997ac: 4c89 4c24 | 5844 8954 | 2460 6690 

  0x0000022428b997b8: ;   {runtime_call UncommonTrapBlob}
  0x0000022428b997b8: c5f8 77e8 

  0x0000022428b997bc: ; ImmutableOopMap {[32]=Oop [40]=Oop [64]=Oop [88]=Oop }
                      ;*ifeq {reexecute=1 rethrow=0 return_oop=0}
                      ; - (reexecute) java.lang.String::lastIndexOf@4 (line 2573)
                      ; - java.lang.String::lastIndexOf@8 (line 2535)
                      ; - java.lang.Class::getPackageName@47 (line 1168)
                      ; - java.lang.ClassLoader::postDefineClass@2 (line 934)
                      ; - java.lang.ClassLoader::defineClass@37 (line 1028)
  0x0000022428b997bc: 40ae 6aff 

  0x0000022428b997c0: ;   {other}
  0x0000022428b997c0: 0f1f 8400 | b047 0064 | ba45 ffff | ff44 8954 | 2420 4489 | 5424 244c | 8b54 2468 | 4c89 5424 
  0x0000022428b997e0: 304c 894c | 2458 8974 | 2464 6690 

  0x0000022428b997ec: ;   {runtime_call UncommonTrapBlob}
  0x0000022428b997ec: c5f8 77e8 

  0x0000022428b997f0: ; ImmutableOopMap {[40]=Oop [48]=Oop [64]=Oop [88]=Oop }
                      ;*if_icmpgt {reexecute=1 rethrow=0 return_oop=0}
                      ; - (reexecute) jdk.internal.util.Preconditions::checkFromToIndex@6 (line 348)
                      ; - java.lang.String::checkBoundsBeginEnd@6 (line 4865)
                      ; - java.lang.String::substring@8 (line 2834)
                      ; - java.lang.Class::getPackageName@62 (line 1169)
                      ; - java.lang.ClassLoader::postDefineClass@2 (line 934)
                      ; - java.lang.ClassLoader::defineClass@37 (line 1028)
  0x0000022428b997f0: 0cae 6aff 

  0x0000022428b997f4: ;   {other}
  0x0000022428b997f4: 0f1f 8400 | e447 0065 | 498b d7c5 | f877 49ba | c014 b46c | fe7f 0000 

  0x0000022428b9980c: ;   {other}
  0x0000022428b9980c: 41ff d20f | 1f84 0000 | 0000 00e9 | 4fd1 ffff | ba45 ffff | ff41 8bea | 4c8b 5424 | 684c 8954 
  0x0000022428b9982c: 2420 6690 

  0x0000022428b99830: ;   {runtime_call UncommonTrapBlob}
  0x0000022428b99830: c5f8 77e8 

  0x0000022428b99834: ; ImmutableOopMap {[32]=Oop [40]=Oop [64]=Oop }
                      ;*if_icmpeq {reexecute=1 rethrow=0 return_oop=0}
                      ; - (reexecute) java.lang.Class::getPackageName@55 (line 1169)
                      ; - java.lang.ClassLoader::postDefineClass@2 (line 934)
                      ; - java.lang.ClassLoader::defineClass@37 (line 1028)
  0x0000022428b99834: c8ad 6aff 

  0x0000022428b99838: ;   {other}
  0x0000022428b99838: 0f1f 8400 | 2848 0066 | ba45 ffff | ff44 8954 | 2420 4489 | 5424 244c | 8b54 2468 | 4c89 5424 
  0x0000022428b99858: 304c 894c | 2458 8974 | 2464 8974 | 2468 6690 

  0x0000022428b99868: ;   {runtime_call UncommonTrapBlob}
  0x0000022428b99868: c5f8 77e8 

  0x0000022428b9986c: ; ImmutableOopMap {[40]=Oop [48]=Oop [64]=Oop [88]=Oop }
                      ;*if_icmple {reexecute=1 rethrow=0 return_oop=0}
                      ; - (reexecute) jdk.internal.util.Preconditions::checkFromToIndex@11 (line 348)
                      ; - java.lang.String::checkBoundsBeginEnd@6 (line 4865)
                      ; - java.lang.String::substring@8 (line 2834)
                      ; - java.lang.Class::getPackageName@62 (line 1169)
                      ; - java.lang.ClassLoader::postDefineClass@2 (line 934)
                      ; - java.lang.ClassLoader::defineClass@37 (line 1028)
  0x0000022428b9986c: 90ad 6aff 

  0x0000022428b99870: ;   {other}
  0x0000022428b99870: 0f1f 8400 | 6048 0067 | 4d63 ca0f | 1f44 0000 | e990 cfff | ff49 83c1 | fe49 8bc9 | 488b fa48 
  0x0000022428b99890: 33c0 4883 | f908 7f10 | 48ff c978 | 4f48 8904 | cf48 ffc9 | 7df7 eb44 | c5fd efc0 | e90d 0000 
  0x0000022428b998b0: 00c5 fe7f | 07c5 fe7f | 4720 4883 | c740 4883 | e908 7ded | 4883 c104 | 7c0c c5fe | 7f07 4883 
  0x0000022428b998d0: c720 4883 | e904 4883 | c104 7e10 | 48ff c9c5 | f9d6 0748 | 83c7 0848 | ffc9 7df3 | e9fe cfff 
  0x0000022428b998f0: ff4c 8bd7 | e974 e6ff | ff8b dd44 | 8b55 1490 | 4585 d20f | 8424 e6ff | ff4d 8b5f | 2849 8bca 
  0x0000022428b99910: 4d85 db0f | 844c 0600 | 004d 8b57 | 384b 894c | 1af8 4983 | c3f8 4d89 | 5f28 e9fe | e5ff ff4d 
  0x0000022428b99930: 8b57 484d | 8b5f 58f0 | 8344 24c0 | 0066 6690 | 4180 3800 | 7435 4588 | 204d 85d2 | 740f 4f89 
  0x0000022428b99950: 4413 f849 | 83c2 f84d | 8957 48eb | 1e49 8bc8 | 498b d7c5 | f877 49ba | a014 b46c 

  0x0000022428b9996c: ;   {no_reloc}
  0x0000022428b9996c: fe7f 0000 

  0x0000022428b99970: ;   {other}
  0x0000022428b99970: 41ff d20f | 1f84 0000 | 0000 0044 | 8b53 1490 | 4585 d20f | 8453 0600 | 0049 8bfa | e9d9 e5ff 
  0x0000022428b99990: ffba ccff | ffff 8bef | 4489 5424 | 244c 8b54 | 2468 4c89 | 5424 3048 | 8974 2460 

  0x0000022428b999ac: ;   {runtime_call UncommonTrapBlob}
  0x0000022428b999ac: c5f8 77e8 

  0x0000022428b999b0: ; ImmutableOopMap {rbp=NarrowOop [40]=Oop [48]=Oop [64]=Oop [96]=Oop }
                      ;*newarray {reexecute=1 rethrow=0 return_oop=0}
                      ; - (reexecute) java.util.Arrays::copyOfRangeByte@10 (line 3863)
                      ; - java.util.Arrays::copyOfRange@13 (line 3854)
                      ; - java.lang.StringLatin1::newString@16 (line 752)
                      ; - java.lang.String::substring@41 (line 2839)
                      ; - java.lang.Class::getPackageName@62 (line 1169)
                      ; - java.lang.ClassLoader::postDefineClass@2 (line 934)
                      ; - java.lang.ClassLoader::defineClass@37 (line 1028)
  0x0000022428b999b0: 4cac 6aff 

  0x0000022428b999b4: ;   {other}
  0x0000022428b999b4: 0f1f 8400 | a449 0068 | 33ed 4585 | c940 0f94 | c5ba 45ff | ffff 4c89 | 5c24 304c | 8b5c 2440 
  0x0000022428b999d4: 4c89 5c24 | 3844 896c | 2450 4489 | 5424 544c | 8944 2458 | 4c89 4424 | 6066 6690 

  0x0000022428b999f0: ;   {runtime_call UncommonTrapBlob}
  0x0000022428b999f0: c5f8 77e8 

  0x0000022428b999f4: ; ImmutableOopMap {[40]=Oop [48]=Oop [56]=Oop [80]=NarrowOop [84]=NarrowOop [88]=Oop [96]=Oop [104]=Oop }
                      ;*ifeq {reexecute=1 rethrow=0 return_oop=0}
                      ; - (reexecute) java.lang.String::hashCode@20 (line 2369)
                      ; - java.util.concurrent.ConcurrentHashMap::get@1 (line 936)
                      ; - java.lang.ClassLoader::getNamedPackage@5 (line 341)
                      ; - java.lang.ClassLoader::postDefineClass@9 (line 934)
                      ; - java.lang.ClassLoader::defineClass@37 (line 1028)
  0x0000022428b999f4: 08ac 6aff 

  0x0000022428b999f8: ;   {other}
  0x0000022428b999f8: 0f1f 8400 | e849 0069 | 498b d7c5 | f877 49ba | c014 b46c | fe7f 0000 

  0x0000022428b99a10: ;   {other}
  0x0000022428b99a10: 41ff d20f | 1f84 0000 | 0000 000f | 1f44 0000 | e9d5 ceff | ffba 45ff | ffff 4c8b | 4c24 684c 
  0x0000022428b99a30: 894c 2430 | 4c8b 4c24 | 404c 894c | 2438 4489 | 6c24 504c | 8944 2458 | 4489 5c24 | 5444 8954 
  0x0000022428b99a50: 2460 6690 

  0x0000022428b99a54: ;   {runtime_call UncommonTrapBlob}
  0x0000022428b99a54: c5f8 77e8 

  0x0000022428b99a58: ; ImmutableOopMap {[40]=Oop [48]=Oop [56]=Oop [80]=NarrowOop [84]=NarrowOop [88]=Oop [104]=Oop }
                      ;*ifge {reexecute=1 rethrow=0 return_oop=0}
                      ; - (reexecute) java.util.concurrent.ConcurrentHashMap::get@86 (line 943)
                      ; - java.lang.ClassLoader::getNamedPackage@5 (line 341)
                      ; - java.lang.ClassLoader::postDefineClass@9 (line 934)
                      ; - java.lang.ClassLoader::defineClass@37 (line 1028)
  0x0000022428b99a58: a4ab 6aff 

  0x0000022428b99a5c: ;   {other}
  0x0000022428b99a5c: 0f1f 8400 | 4c4a 006a | ba45 ffff | ff4c 8b4c | 2468 4c89 | 4c24 304c | 8b4c 2440 | 4c89 4c24 
  0x0000022428b99a7c: 3844 896c | 2450 4c89 | 4424 5844 | 895c 2454 | 4489 5424 | 6066 6690 

  0x0000022428b99a94: ;   {runtime_call UncommonTrapBlob}
  0x0000022428b99a94: c5f8 77e8 

  0x0000022428b99a98: ; ImmutableOopMap {rbp=NarrowOop [40]=Oop [48]=Oop [56]=Oop [80]=NarrowOop [84]=NarrowOop [88]=Oop [104]=Oop }
                      ;*ifnull {reexecute=1 rethrow=0 return_oop=0}
                      ; - (reexecute) java.util.concurrent.ConcurrentHashMap::get@67 (line 940)
                      ; - java.lang.ClassLoader::getNamedPackage@5 (line 341)
                      ; - java.lang.ClassLoader::postDefineClass@9 (line 934)
                      ; - java.lang.ClassLoader::defineClass@37 (line 1028)
  0x0000022428b99a98: 64ab 6aff 

  0x0000022428b99a9c: ;   {other}
  0x0000022428b99a9c: 0f1f 8400 | 8c4a 006b | 498b d7c5 | f877 49ba | c014 b46c | fe7f 0000 

  0x0000022428b99ab4: ;   {other}
  0x0000022428b99ab4: 41ff d20f | 1f84 0000 | 0000 0090 | e9ee d5ff | ff49 8bd7 | c5f8 7749 | bac0 14b4 | 6cfe 7f00 
  0x0000022428b99ad4: 0041 ffd2 

  0x0000022428b99ad8: ;   {other}
  0x0000022428b99ad8: 0f1f 8400 | 0000 0000 | e989 d6ff | ff49 8bd7 | c5f8 7749 | bac0 14b4 | 6cfe 7f00 | 0041 ffd2 
  0x0000022428b99af8: ;   {other}
  0x0000022428b99af8: 0f1f 8400 | 0000 0000 | e90b d7ff | ff49 8bd7 | c5f8 7749 | bac0 14b4 | 6cfe 7f00 | 0041 ffd2 
  0x0000022428b99b18: ;   {other}
  0x0000022428b99b18: 0f1f 8400 | 0000 0000 | e9ab d7ff | ff49 8bd7 | c5f8 7749 | bac0 14b4 | 6cfe 7f00 | 0041 ffd2 
  0x0000022428b99b38: ;   {other}
  0x0000022428b99b38: 0f1f 8400 | 0000 0000 | e930 d8ff | ff49 8bd7 | c5f8 7749 | bac0 14b4 | 6cfe 7f00 | 0041 ffd2 
  0x0000022428b99b58: ;   {other}
  0x0000022428b99b58: 0f1f 8400 | 0000 0000 | e9b6 d8ff | ff4c 8bd7 | e985 edff | ff8b 5c24 | 3044 8b53 | 1445 85d2 
  0x0000022428b99b78: 0f84 3eed | ffff 4d8b | 5f28 498b | ca4d 85db | 0f84 2e04 | 0000 4d8b | 5738 4b89 | 4c1a f849 
  0x0000022428b99b98: 83c3 f84d | 895f 2890 | e917 edff | ff4d 8b57 | 484d 8b5f | 58f0 8344 | 24c0 0041 | 8038 0074 
  0x0000022428b99bb8: 3945 8820 | 0f1f 4000 | 4d85 d274 | 0f4f 8944 | 13f8 4983 | c2f8 4d89 | 5748 eb1e | 498b c849 
  0x0000022428b99bd8: 8bd7 c5f8 | 7749 baa0 | 14b4 6cfe | 7f00 0041 

  0x0000022428b99be8: ;   {other}
  0x0000022428b99be8: ffd2 0f1f | 8400 0000 | 0000 448b | 5314 4585 | d20f 8435 | 0400 0049 | 8bfa e9e8 | ecff ffba 
  0x0000022428b99c08: e4ff ffff | 4489 5424 | 204c 8b94 | 2480 0000 | 004c 8954 | 2440 448b | 5424 3844 | 8954 2424 
  0x0000022428b99c28: 4c89 6c24 | 5866 6690 

  0x0000022428b99c30: ;   {runtime_call UncommonTrapBlob}
  0x0000022428b99c30: c5f8 77e8 

  0x0000022428b99c34: ; ImmutableOopMap {[32]=NarrowOop [40]=Oop [48]=Oop [64]=Oop [88]=Oop }
                      ;*baload {reexecute=0 rethrow=0 return_oop=0}
                      ; - jdk.internal.util.ArraysSupport::mismatch@82 (line 402)
                      ; - java.lang.String::startsWith@70 (line 2297)
                      ; - java.lang.String::startsWith@3 (line 2327)
                      ; - java.lang.ClassLoader::preDefineClass@43 (line 906)
                      ; - java.lang.ClassLoader::defineClass@4 (line 1025)
  0x0000022428b99c34: c8a9 6aff 

  0x0000022428b99c38: ;   {other}
  0x0000022428b99c38: 0f1f 8400 | 284c 006c | 4889 4c24 | 5844 895c | 2454 4489 | 6c24 5048 | 895c 2448 | 4c89 7424 
  0x0000022428b99c58: 404c 8b54 | 2428 4c89 | 5424 2048 | 8bac 2480 

  0x0000022428b99c68: ;   {metadata('java/util/ArrayList')}
  0x0000022428b99c68: 0000 0048 | bae0 a50b | 3524 0200 | 0066 6690 

  0x0000022428b99c78: ;   {runtime_call _new_instance_Java}
  0x0000022428b99c78: c5f8 77e8 

  0x0000022428b99c7c: ; ImmutableOopMap {rbp=Oop [32]=Oop [48]=Oop [64]=Oop [72]=Oop [80]=NarrowOop [84]=NarrowOop [88]=Oop [128]=Oop [136]=Oop }
                      ;*new {reexecute=0 rethrow=0 return_oop=1}
                      ; - java.security.CodeSource::getCertificates@25 (line 209)
                      ; - java.lang.ClassLoader::checkCerts@34 (line 1168)
                      ; - java.lang.ClassLoader::preDefineClass@113 (line 917)
                      ; - java.lang.ClassLoader::defineClass@4 (line 1025)
  0x0000022428b99c7c: 0035 77ff 

  0x0000022428b99c80: ;   {other}
  0x0000022428b99c80: 0f1f 8400 | 704c 006d | 4c8b 5424 | 204c 8954 | 2428 4c8b | 7424 4048 | 8b5c 2448 | 448b 6c24 
  0x0000022428b99ca0: 5044 8b5c | 2454 488b | 4c24 58e9 | afe0 ffff | 4c89 4c24 | 6048 894c | 2458 4c89 | 5424 5041 
  0x0000022428b99cc0: 8bed 4889 | 5c24 484c | 8974 2440 | 4c8b 9424 | 8000 0000 | 4c89 5424 

  0x0000022428b99cd8: ;   {metadata('java/security/cert/Certificate'[])}
  0x0000022428b99cd8: 2048 bac0 | 5110 3524 | 0200 0045 | 33c0 6690 

  0x0000022428b99ce8: ;   {runtime_call _new_array_Java}
  0x0000022428b99ce8: c5f8 77e8 

  0x0000022428b99cec: ; ImmutableOopMap {rbp=NarrowOop [32]=Oop [40]=Oop [48]=Oop [64]=Oop [72]=Oop [88]=Oop [96]=Oop [128]=Oop [136]=Oop }
                      ;*anewarray {reexecute=0 rethrow=0 return_oop=1}
                      ; - java.security.CodeSource::getCertificates@70 (line 215)
                      ; - java.lang.ClassLoader::checkCerts@34 (line 1168)
                      ; - java.lang.ClassLoader::preDefineClass@113 (line 917)
                      ; - java.lang.ClassLoader::defineClass@4 (line 1025)
  0x0000022428b99cec: 9037 77ff 

  0x0000022428b99cf0: ;   {other}
  0x0000022428b99cf0: 0f1f 8400 | e04c 006e | e9f2 e1ff | ffba 45ff | ffff 4c8b | 5c24 684c | 895c 2430 | 4c8b 5c24 
  0x0000022428b99d10: 404c 895c | 2438 4889 | 7424 4044 | 896c 2450 | 4c89 4424 | 5848 8944 | 2460 4489 | 5424 5490 
  0x0000022428b99d30: ;   {runtime_call UncommonTrapBlob}
  0x0000022428b99d30: c5f8 77e8 

  0x0000022428b99d34: ; ImmutableOopMap {rbp=NarrowOop [48]=Oop [56]=Oop [64]=Oop [80]=NarrowOop [88]=Oop [96]=Oop [104]=Oop }
                      ;*ifnull {reexecute=1 rethrow=0 return_oop=0}
                      ; - (reexecute) java.util.concurrent.ConcurrentHashMap::get@143 (line 946)
                      ; - java.lang.ClassLoader::getNamedPackage@5 (line 341)
                      ; - java.lang.ClassLoader::postDefineClass@9 (line 934)
                      ; - java.lang.ClassLoader::defineClass@37 (line 1028)
  0x0000022428b99d34: c8a8 6aff 

  0x0000022428b99d38: ;   {other}
  0x0000022428b99d38: 0f1f 8400 | 284d 006f | ba45 ffff | ff4c 8b5c | 2440 4c89 | 5c24 3089 | 4424 6090 

  0x0000022428b99d54: ;   {runtime_call UncommonTrapBlob}
  0x0000022428b99d54: c5f8 77e8 

  0x0000022428b99d58: ; ImmutableOopMap {rbp=Oop [32]=Oop [48]=Oop [56]=Oop [72]=NarrowOop [80]=Oop }
                      ;*ifeq {reexecute=1 rethrow=0 return_oop=0}
                      ; - (reexecute) java.util.concurrent.ConcurrentHashMap::get@152 (line 947)
                      ; - java.lang.ClassLoader::getNamedPackage@5 (line 341)
                      ; - java.lang.ClassLoader::postDefineClass@9 (line 934)
                      ; - java.lang.ClassLoader::defineClass@37 (line 1028)
  0x0000022428b99d58: a4a8 6aff 

  0x0000022428b99d5c: ;   {other}
  0x0000022428b99d5c: 0f1f 8400 | 4c4d 0070 | 4889 7c24 | 3844 895c | 2434 895c | 2430 4c8b | 5424 684c | 8954 2428 
  0x0000022428b99d7c: 4889 4c24 | 2048 8bee 

  0x0000022428b99d84: ;   {metadata('java/util/ArrayList')}
  0x0000022428b99d84: 48ba e0a5 | 0b35 2402 | 0000 6690 

  0x0000022428b99d90: ;   {runtime_call _new_instance_Java}
  0x0000022428b99d90: c5f8 77e8 

  0x0000022428b99d94: ; ImmutableOopMap {rbp=Oop [40]=Oop [48]=NarrowOop [52]=NarrowOop [56]=Oop [104]=Oop }
                      ;*new {reexecute=0 rethrow=0 return_oop=1}
                      ; - java.security.CodeSource::getCertificates@25 (line 209)
                      ; - java.lang.ClassLoader::postDefineClass@24 (line 937)
                      ; - java.lang.ClassLoader::defineClass@37 (line 1028)
  0x0000022428b99d94: e833 77ff 

  0x0000022428b99d98: ;   {other}
  0x0000022428b99d98: 0f1f 8400 | 884d 0071 | 488b f548 | 8b4c 2420 | 8b5c 2430 | 448b 5c24 | 3448 8b7c | 2438 e981 
  0x0000022428b99db8: e9ff ff4c | 894c 2440 | 4889 7c24 | 3889 5c24 | 304c 8b54 | 2468 4c89 | 5424 2848 | 8be9 4889 
  0x0000022428b99dd8: ;   {metadata('java/security/cert/Certificate'[])}
  0x0000022428b99dd8: 7424 2048 | bac0 5110 | 3524 0200 | 0045 33c0 

  0x0000022428b99de8: ;   {runtime_call _new_array_Java}
  0x0000022428b99de8: c5f8 77e8 

  0x0000022428b99dec: ; ImmutableOopMap {[32]=Oop [40]=Oop [48]=NarrowOop [56]=Oop [64]=Oop [104]=Oop }
                      ;*anewarray {reexecute=0 rethrow=0 return_oop=1}
                      ; - java.security.CodeSource::getCertificates@70 (line 215)
                      ; - java.lang.ClassLoader::postDefineClass@24 (line 937)
                      ; - java.lang.ClassLoader::defineClass@37 (line 1028)
  0x0000022428b99dec: 9036 77ff 

  0x0000022428b99df0: ;   {other}
  0x0000022428b99df0: 0f1f 8400 | e04d 0072 | e976 eaff | ff49 89bf | b801 0000 | 0f0d 8fc0 | 0000 0048 | c700 0100 
  0x0000022428b99e10: 0000 4489 | 4808 4489 | 580c 0f0d | 8f00 0100 | 000f 0d8f | 4001 0000 | 0f0d 8f80 | 0100 00e9 
  0x0000022428b99e30: e7d7 ffff | bae4 ffff | ff48 8b6c | 2428 4c8b | 5424 304c | 8954 2428 | 448b 5424 | 3844 8954 
  0x0000022428b99e50: 2430 8b4c | 243c 894c | 2434 4c89 | 7424 3848 | 895c 2440 | 4489 6c24 | 584c 894c | 2468 4489 
  0x0000022428b99e70: 5c24 7044 | 8944 2474 

  0x0000022428b99e78: ;   {runtime_call UncommonTrapBlob}
  0x0000022428b99e78: c5f8 77e8 

  0x0000022428b99e7c: ; ImmutableOopMap {rbp=Oop [40]=Oop [56]=Oop [64]=Oop [88]=NarrowOop [104]=Oop [112]=NarrowOop [128]=Oop [136]=Oop }
                      ;*aaload {reexecute=0 rethrow=0 return_oop=0}
                      ; - java.security.CodeSource::getCertificates@50 (line 212)
                      ; - java.lang.ClassLoader::checkCerts@34 (line 1168)
                      ; - java.lang.ClassLoader::preDefineClass@113 (line 917)
                      ; - java.lang.ClassLoader::defineClass@4 (line 1025)
  0x0000022428b99e7c: 80a7 6aff 

  0x0000022428b99e80: ;   {other}
  0x0000022428b99e80: 0f1f 8400 | 704e 0073 | 4989 9fb8 | 0100 000f | 0d8b c000 | 0000 48c7 | 0001 0000 | 0089 4808 
  0x0000022428b99ea0: 4489 400c | 0f0d 8b00 | 0100 000f | 0d8b 4001 | 0000 0f0d | 8b80 0100 | 00e9 1cdc | ffff bae4 
  0x0000022428b99ec0: ffff ff4c | 8b5c 2468 | 4c89 5c24 | 304c 8b5c | 2440 4c89 | 5c24 3844 | 896c 2450 | 4489 5424 
  0x0000022428b99ee0: 544c 8944 | 2458 4c89 | 4424 6090 

  0x0000022428b99eec: ;   {runtime_call UncommonTrapBlob}
  0x0000022428b99eec: c5f8 77e8 

  0x0000022428b99ef0: ; ImmutableOopMap {rbp=NarrowOop [40]=Oop [48]=Oop [56]=Oop [80]=NarrowOop [84]=NarrowOop [88]=Oop [96]=Oop [104]=Oop }
                      ;*baload {reexecute=0 rethrow=0 return_oop=0}
                      ; - java.lang.StringLatin1::hashCode@34 (line 190)
                      ; - java.lang.String::hashCode@27 (line 2369)
                      ; - java.util.concurrent.ConcurrentHashMap::get@1 (line 936)
                      ; - java.lang.ClassLoader::getNamedPackage@5 (line 341)
                      ; - java.lang.ClassLoader::postDefineClass@9 (line 934)
                      ; - java.lang.ClassLoader::defineClass@37 (line 1028)
  0x0000022428b99ef0: 0ca7 6aff 

  0x0000022428b99ef4: ;   {other}
  0x0000022428b99ef4: 0f1f 8400 | e44e 0074 | bae4 ffff | ff48 8974 | 2420 895c | 2430 4c89 | 4c24 4044 | 895c 2448 
  0x0000022428b99f14: 4489 4424 | 4c66 6690 

  0x0000022428b99f1c: ;   {runtime_call UncommonTrapBlob}
  0x0000022428b99f1c: c5f8 77e8 

  0x0000022428b99f20: ; ImmutableOopMap {[32]=Oop [48]=NarrowOop [64]=Oop [72]=NarrowOop [104]=Oop }
                      ;*aaload {reexecute=0 rethrow=0 return_oop=0}
                      ; - java.security.CodeSource::getCertificates@50 (line 212)
                      ; - java.lang.ClassLoader::postDefineClass@24 (line 937)
                      ; - java.lang.ClassLoader::defineClass@37 (line 1028)
  0x0000022428b99f20: dca6 6aff 

  0x0000022428b99f24: ;   {other}
  0x0000022428b99f24: 0f1f 8400 | 144f 0075 | 4989 9fb8 | 0100 000f | 0d8b c000 | 0000 48c7 | 0001 0000 | 0044 8950 
  0x0000022428b99f44: 0844 8940 | 0c0f 0d8b | 0001 0000 | 0f0d 8b40 | 0100 000f | 0d8b 8001 | 0000 6690 | e977 e0ff 
  0x0000022428b99f64: ff49 8bd7 | c5f8 7749 | bac0 14b4 | 6cfe 7f00 | 0041 ffd2 

  0x0000022428b99f78: ;   {other}
  0x0000022428b99f78: 0f1f 8400 | 0000 0000 | e9a8 dfff | ff49 898f | b801 0000 | 0f0d 89c0 | 0000 0048 | c700 0100 
  0x0000022428b99f98: 0000 4489 | 5808 4489 | 400c 0f0d | 8900 0100 | 000f 0d89 | 4001 0000 | 0f0d 8980 | 0100 00e9 
  0x0000022428b99fb8: a0e9 ffff | 498b d7c5 | f877 49ba | c014 b46c | fe7f 0000 

  0x0000022428b99fcc: ;   {other}
  0x0000022428b99fcc: 41ff d20f | 1f84 0000 | 0000 00e9 | e0e8 ffff | baf6 ffff | ff66 6690 

  0x0000022428b99fe4: ;   {runtime_call UncommonTrapBlob}
  0x0000022428b99fe4: c5f8 77e8 

  0x0000022428b99fe8: ; ImmutableOopMap {}
                      ;*invokevirtual clone {reexecute=1 rethrow=0 return_oop=0}
                      ; - (reexecute) java.security.CodeSource::getCertificates@86 (line 217)
                      ; - java.lang.ClassLoader::checkCerts@34 (line 1168)
                      ; - java.lang.ClassLoader::preDefineClass@113 (line 917)
                      ; - java.lang.ClassLoader::defineClass@4 (line 1025)
  0x0000022428b99fe8: 14a6 6aff 

  0x0000022428b99fec: ;   {other}
  0x0000022428b99fec: 0f1f 8400 | dc4f 0076 | ba37 0100 | 0048 8beb | 4c8b 9424 | 8000 0000 | 4c89 5424 | 204c 8b54 
  0x0000022428b9a00c: 2430 4c89 | 5424 2844 | 8b54 2438 | 4489 5424 | 3089 7424 | 3466 6690 

  0x0000022428b9a024: ;   {runtime_call UncommonTrapBlob}
  0x0000022428b9a024: c5f8 77e8 

  0x0000022428b9a028: ; ImmutableOopMap {rbp=Oop [32]=Oop [40]=Oop }
                      ;*new {reexecute=0 rethrow=0 return_oop=0}
                      ; - java.lang.ClassLoader::preDefineClass@56 (line 908)
                      ; - java.lang.ClassLoader::defineClass@4 (line 1025)
  0x0000022428b9a028: d4a5 6aff 

  0x0000022428b9a02c: ;   {other}
  0x0000022428b9a02c: 0f1f 8400 | 1c50 0077 | baf6 ffff | ff66 6690 

  0x0000022428b9a03c: ;   {runtime_call UncommonTrapBlob}
  0x0000022428b9a03c: c5f8 77e8 

  0x0000022428b9a040: ; ImmutableOopMap {}
                      ;*invokevirtual clone {reexecute=1 rethrow=0 return_oop=0}
                      ; - (reexecute) java.security.CodeSource::getCertificates@86 (line 217)
                      ; - java.lang.ClassLoader::postDefineClass@24 (line 937)
                      ; - java.lang.ClassLoader::defineClass@37 (line 1028)
  0x0000022428b9a040: bca5 6aff 

  0x0000022428b9a044: ;   {other}
  0x0000022428b9a044: 0f1f 8400 | 3450 0078 | bade ffff | ff48 8944 | 2468 6690 

  0x0000022428b9a058: ;   {runtime_call UncommonTrapBlob}
  0x0000022428b9a058: c5f8 77e8 

  0x0000022428b9a05c: ; ImmutableOopMap {rbp=NarrowOop [32]=Oop [40]=Oop [48]=Oop [64]=Oop [72]=Oop [104]=Oop [136]=Oop }
                      ;*checkcast {reexecute=0 rethrow=0 return_oop=0}
                      ; - java.security.CodeSource::getCertificates@76 (line 215)
                      ; - java.lang.ClassLoader::checkCerts@34 (line 1168)
                      ; - java.lang.ClassLoader::preDefineClass@113 (line 917)
                      ; - java.lang.ClassLoader::defineClass@4 (line 1025)
  0x0000022428b9a05c: a0a5 6aff 

  0x0000022428b9a060: ;   {other}
  0x0000022428b9a060: 0f1f 8400 | 5050 0079 | bade ffff | ff48 8944 | 2438 6690 

  0x0000022428b9a074: ;   {runtime_call UncommonTrapBlob}
  0x0000022428b9a074: c5f8 77e8 

  0x0000022428b9a078: ; ImmutableOopMap {[32]=Oop [40]=Oop [48]=NarrowOop [56]=Oop }
                      ;*checkcast {reexecute=0 rethrow=0 return_oop=0}
                      ; - java.security.CodeSource::getCertificates@76 (line 215)
                      ; - java.lang.ClassLoader::postDefineClass@24 (line 937)
                      ; - java.lang.ClassLoader::defineClass@37 (line 1028)
  0x0000022428b9a078: 84a5 6aff 

  0x0000022428b9a07c: ;   {other}
  0x0000022428b9a07c: 0f1f 8400 | 6c50 007a | bade ffff | ff48 8b6c | 2428 4c8b | 9424 8000 | 0000 4c89 | 5424 4848 
  0x0000022428b9a09c: 8944 2450 

  0x0000022428b9a0a0: ;   {runtime_call UncommonTrapBlob}
  0x0000022428b9a0a0: c5f8 77e8 

  0x0000022428b9a0a4: ; ImmutableOopMap {rbp=Oop [32]=Oop [48]=Oop [64]=Oop [72]=Oop [80]=Oop [128]=Oop }
                      ;*checkcast {reexecute=0 rethrow=0 return_oop=0}
                      ; - java.lang.ClassLoader::checkCerts@65 (line 1171)
                      ; - java.lang.ClassLoader::preDefineClass@113 (line 917)
                      ; - java.lang.ClassLoader::defineClass@4 (line 1025)
  0x0000022428b9a0a4: 58a5 6aff 

  0x0000022428b9a0a8: ;   {other}
  0x0000022428b9a0a8: 0f1f 8400 | 9850 007b | baf6 ffff | ff66 6690 

  0x0000022428b9a0b8: ;   {runtime_call UncommonTrapBlob}
  0x0000022428b9a0b8: c5f8 77e8 

  0x0000022428b9a0bc: ; ImmutableOopMap {}
                      ;*arraylength {reexecute=0 rethrow=0 return_oop=0}
                      ; - java.lang.String::isEmpty@4 (line 1532)
                      ; - java.lang.ClassLoader::checkName@5 (line 1155)
                      ; - java.lang.ClassLoader::preDefineClass@1 (line 900)
                      ; - java.lang.ClassLoader::defineClass@4 (line 1025)
  0x0000022428b9a0bc: 40a5 6aff 

  0x0000022428b9a0c0: ;   {other}
  0x0000022428b9a0c0: 0f1f 8400 | b050 007c | baf6 ffff | ff66 6690 

  0x0000022428b9a0d0: ;   {runtime_call UncommonTrapBlob}
  0x0000022428b9a0d0: c5f8 77e8 

  0x0000022428b9a0d4: ; ImmutableOopMap {}
                      ;*arraylength {reexecute=0 rethrow=0 return_oop=0}
                      ; - java.lang.String::length@4 (line 1519)
                      ; - java.lang.AbstractStringBuilder::append@10 (line 586)
                      ; - java.lang.StringBuilder::append@2 (line 179)
                      ; - java.net.URLStreamHandler::toExternalForm@11 (line 480)
                      ; - java.net.URL::toExternalForm@5 (line 1203)
                      ; - java.net.URL::toString@1 (line 1189)
                      ; - java.lang.ClassLoader::defineClassSourceLocation@22 (line 927)
                      ; - java.lang.ClassLoader::defineClass@12 (line 1026)
  0x0000022428b9a0d4: 28a5 6aff 

  0x0000022428b9a0d8: ;   {other}
  0x0000022428b9a0d8: 0f1f 8400 | c850 007d | baf6 ffff | ff66 6690 

  0x0000022428b9a0e8: ;   {runtime_call UncommonTrapBlob}
  0x0000022428b9a0e8: c5f8 77e8 

  0x0000022428b9a0ec: ; ImmutableOopMap {}
                      ;*arraylength {reexecute=0 rethrow=0 return_oop=0}
                      ; - java.lang.AbstractStringBuilder::ensureCapacityInternal@4 (line 240)
                      ; - java.lang.AbstractStringBuilder::append@21 (line 587)
                      ; - java.lang.StringBuilder::append@2 (line 179)
                      ; - java.net.URLStreamHandler::toExternalForm@11 (line 480)
                      ; - java.net.URL::toExternalForm@5 (line 1203)
                      ; - java.net.URL::toString@1 (line 1189)
                      ; - java.lang.ClassLoader::defineClassSourceLocation@22 (line 927)
                      ; - java.lang.ClassLoader::defineClass@12 (line 1026)
  0x0000022428b9a0ec: 10a5 6aff 

  0x0000022428b9a0f0: ;   {other}
  0x0000022428b9a0f0: 0f1f 8400 | e050 007e | baf6 ffff | ff66 6690 

  0x0000022428b9a100: ;   {runtime_call UncommonTrapBlob}
  0x0000022428b9a100: c5f8 77e8 

  0x0000022428b9a104: ; ImmutableOopMap {}
                      ;*arraylength {reexecute=0 rethrow=0 return_oop=0}
                      ; - java.lang.String::getBytes@21 (line 4726)
                      ; - java.lang.AbstractStringBuilder::putStringAt@15 (line 1751)
                      ; - java.lang.AbstractStringBuilder::append@30 (line 588)
                      ; - java.lang.StringBuilder::append@2 (line 179)
                      ; - java.net.URLStreamHandler::toExternalForm@11 (line 480)
                      ; - java.net.URL::toExternalForm@5 (line 1203)
                      ; - java.net.URL::toString@1 (line 1189)
                      ; - java.lang.ClassLoader::defineClassSourceLocation@22 (line 927)
                      ; - java.lang.ClassLoader::defineClass@12 (line 1026)
  0x0000022428b9a104: f8a4 6aff 

  0x0000022428b9a108: ;   {other}
  0x0000022428b9a108: 0f1f 8400 | f850 007f | baf6 ffff | ff44 895c | 2420 4489 | 5424 2490 

  0x0000022428b9a120: ;   {runtime_call UncommonTrapBlob}
  0x0000022428b9a120: c5f8 77e8 

  0x0000022428b9a124: ; ImmutableOopMap {[32]=NarrowOop }
                      ;*invokestatic arraycopy {reexecute=0 rethrow=0 return_oop=0}
                      ; - java.lang.String::getBytes@22 (line 4726)
                      ; - java.lang.AbstractStringBuilder::putStringAt@15 (line 1751)
                      ; - java.lang.AbstractStringBuilder::append@30 (line 588)
                      ; - java.lang.StringBuilder::append@2 (line 179)
                      ; - java.net.URLStreamHandler::toExternalForm@11 (line 480)
                      ; - java.net.URL::toExternalForm@5 (line 1203)
                      ; - java.net.URL::toString@1 (line 1189)
                      ; - java.lang.ClassLoader::defineClassSourceLocation@22 (line 927)
                      ; - java.lang.ClassLoader::defineClass@12 (line 1026)
  0x0000022428b9a124: d8a4 6aff 

  0x0000022428b9a128: ;   {other}
  0x0000022428b9a128: 0f1f 8400 | 1851 0080 | baf6 ffff | ff66 6690 

  0x0000022428b9a138: ;   {runtime_call UncommonTrapBlob}
  0x0000022428b9a138: c5f8 77e8 

  0x0000022428b9a13c: ; ImmutableOopMap {}
                      ;*arraylength {reexecute=0 rethrow=0 return_oop=0}
                      ; - java.lang.AbstractStringBuilder::ensureCapacityInternal@4 (line 240)
                      ; - java.lang.AbstractStringBuilder::append@7 (line 806)
                      ; - java.lang.StringBuilder::append@2 (line 246)
                      ; - java.net.URLStreamHandler::toExternalForm@16 (line 480)
                      ; - java.net.URL::toExternalForm@5 (line 1203)
                      ; - java.net.URL::toString@1 (line 1189)
                      ; - java.lang.ClassLoader::defineClassSourceLocation@22 (line 927)
                      ; - java.lang.ClassLoader::defineClass@12 (line 1026)
  0x0000022428b9a13c: c0a4 6aff 

  0x0000022428b9a140: ;   {other}
  0x0000022428b9a140: 0f1f 8400 | 3051 0081 | baf6 ffff | ff66 6690 

  0x0000022428b9a150: ;   {runtime_call UncommonTrapBlob}
  0x0000022428b9a150: c5f8 77e8 

  0x0000022428b9a154: ; ImmutableOopMap {}
                      ;*arraylength {reexecute=0 rethrow=0 return_oop=0}
                      ; - java.lang.String::length@4 (line 1519)
                      ; - java.lang.AbstractStringBuilder::append@10 (line 586)
                      ; - java.lang.StringBuilder::append@2 (line 179)
                      ; - java.net.URLStreamHandler::toExternalForm@59 (line 483)
                      ; - java.net.URL::toExternalForm@5 (line 1203)
                      ; - java.net.URL::toString@1 (line 1189)
                      ; - java.lang.ClassLoader::defineClassSourceLocation@22 (line 927)
                      ; - java.lang.ClassLoader::defineClass@12 (line 1026)
  0x0000022428b9a154: a8a4 6aff 

  0x0000022428b9a158: ;   {other}
  0x0000022428b9a158: 0f1f 8400 | 4851 0082 | baf6 ffff | ff66 6690 

  0x0000022428b9a168: ;   {runtime_call UncommonTrapBlob}
  0x0000022428b9a168: c5f8 77e8 

  0x0000022428b9a16c: ; ImmutableOopMap {}
                      ;*arraylength {reexecute=0 rethrow=0 return_oop=0}
                      ; - java.lang.AbstractStringBuilder::ensureCapacityInternal@4 (line 240)
                      ; - java.lang.AbstractStringBuilder::append@21 (line 587)
                      ; - java.lang.StringBuilder::append@2 (line 179)
                      ; - java.net.URLStreamHandler::toExternalForm@59 (line 483)
                      ; - java.net.URL::toExternalForm@5 (line 1203)
                      ; - java.net.URL::toString@1 (line 1189)
                      ; - java.lang.ClassLoader::defineClassSourceLocation@22 (line 927)
                      ; - java.lang.ClassLoader::defineClass@12 (line 1026)
  0x0000022428b9a16c: 90a4 6aff 

  0x0000022428b9a170: ;   {other}
  0x0000022428b9a170: 0f1f 8400 | 6051 0083 | baf6 ffff | ff66 6690 

  0x0000022428b9a180: ;   {runtime_call UncommonTrapBlob}
  0x0000022428b9a180: c5f8 77e8 

  0x0000022428b9a184: ; ImmutableOopMap {}
                      ;*arraylength {reexecute=0 rethrow=0 return_oop=0}
                      ; - java.lang.String::getBytes@21 (line 4726)
                      ; - java.lang.AbstractStringBuilder::putStringAt@15 (line 1751)
                      ; - java.lang.AbstractStringBuilder::append@30 (line 588)
                      ; - java.lang.StringBuilder::append@2 (line 179)
                      ; - java.net.URLStreamHandler::toExternalForm@59 (line 483)
                      ; - java.net.URL::toExternalForm@5 (line 1203)
                      ; - java.net.URL::toString@1 (line 1189)
                      ; - java.lang.ClassLoader::defineClassSourceLocation@22 (line 927)
                      ; - java.lang.ClassLoader::defineClass@12 (line 1026)
  0x0000022428b9a184: 78a4 6aff 

  0x0000022428b9a188: ;   {other}
  0x0000022428b9a188: 0f1f 8400 | 7851 0084 | baf6 ffff | ff89 7c24 | 2044 894c | 2424 6690 

  0x0000022428b9a1a0: ;   {runtime_call UncommonTrapBlob}
  0x0000022428b9a1a0: c5f8 77e8 

  0x0000022428b9a1a4: ; ImmutableOopMap {[32]=NarrowOop }
                      ;*invokestatic arraycopy {reexecute=0 rethrow=0 return_oop=0}
                      ; - java.lang.String::getBytes@22 (line 4726)
                      ; - java.lang.AbstractStringBuilder::putStringAt@15 (line 1751)
                      ; - java.lang.AbstractStringBuilder::append@30 (line 588)
                      ; - java.lang.StringBuilder::append@2 (line 179)
                      ; - java.net.URLStreamHandler::toExternalForm@59 (line 483)
                      ; - java.net.URL::toExternalForm@5 (line 1203)
                      ; - java.net.URL::toString@1 (line 1189)
                      ; - java.lang.ClassLoader::defineClassSourceLocation@22 (line 927)
                      ; - java.lang.ClassLoader::defineClass@12 (line 1026)
  0x0000022428b9a1a4: 58a4 6aff 

  0x0000022428b9a1a8: ;   {other}
  0x0000022428b9a1a8: 0f1f 8400 | 9851 0085 | baf6 ffff | ff66 6690 

  0x0000022428b9a1b8: ;   {runtime_call UncommonTrapBlob}
  0x0000022428b9a1b8: c5f8 77e8 

  0x0000022428b9a1bc: ; ImmutableOopMap {}
                      ;*arraylength {reexecute=0 rethrow=0 return_oop=0}
                      ; - java.lang.String::length@4 (line 1519)
                      ; - java.lang.AbstractStringBuilder::append@10 (line 586)
                      ; - java.lang.StringBuilder::append@2 (line 179)
                      ; - java.net.URLStreamHandler::toExternalForm@77 (line 484)
                      ; - java.net.URL::toExternalForm@5 (line 1203)
                      ; - java.net.URL::toString@1 (line 1189)
                      ; - java.lang.ClassLoader::defineClassSourceLocation@22 (line 927)
                      ; - java.lang.ClassLoader::defineClass@12 (line 1026)
  0x0000022428b9a1bc: 40a4 6aff 

  0x0000022428b9a1c0: ;   {other}
  0x0000022428b9a1c0: 0f1f 8400 | b051 0086 | baf6 ffff | ff66 6690 

  0x0000022428b9a1d0: ;   {runtime_call UncommonTrapBlob}
  0x0000022428b9a1d0: c5f8 77e8 

  0x0000022428b9a1d4: ; ImmutableOopMap {}
                      ;*arraylength {reexecute=0 rethrow=0 return_oop=0}
                      ; - java.lang.AbstractStringBuilder::ensureCapacityInternal@4 (line 240)
                      ; - java.lang.AbstractStringBuilder::append@21 (line 587)
                      ; - java.lang.StringBuilder::append@2 (line 179)
                      ; - java.net.URLStreamHandler::toExternalForm@77 (line 484)
                      ; - java.net.URL::toExternalForm@5 (line 1203)
                      ; - java.net.URL::toString@1 (line 1189)
                      ; - java.lang.ClassLoader::defineClassSourceLocation@22 (line 927)
                      ; - java.lang.ClassLoader::defineClass@12 (line 1026)
  0x0000022428b9a1d4: 28a4 6aff 

  0x0000022428b9a1d8: ;   {other}
  0x0000022428b9a1d8: 0f1f 8400 | c851 0087 | baf6 ffff | ff66 6690 

  0x0000022428b9a1e8: ;   {runtime_call UncommonTrapBlob}
  0x0000022428b9a1e8: c5f8 77e8 

  0x0000022428b9a1ec: ; ImmutableOopMap {}
                      ;*arraylength {reexecute=0 rethrow=0 return_oop=0}
                      ; - java.lang.String::getBytes@21 (line 4726)
                      ; - java.lang.AbstractStringBuilder::putStringAt@15 (line 1751)
                      ; - java.lang.AbstractStringBuilder::append@30 (line 588)
                      ; - java.lang.StringBuilder::append@2 (line 179)
                      ; - java.net.URLStreamHandler::toExternalForm@77 (line 484)
                      ; - java.net.URL::toExternalForm@5 (line 1203)
                      ; - java.net.URL::toString@1 (line 1189)
                      ; - java.lang.ClassLoader::defineClassSourceLocation@22 (line 927)
                      ; - java.lang.ClassLoader::defineClass@12 (line 1026)
  0x0000022428b9a1ec: 10a4 6aff 

  0x0000022428b9a1f0: ;   {other}
  0x0000022428b9a1f0: 0f1f 8400 | e051 0088 | baf6 ffff | ff44 894c | 2420 4489 | 5424 2490 

  0x0000022428b9a208: ;   {runtime_call UncommonTrapBlob}
  0x0000022428b9a208: c5f8 77e8 

  0x0000022428b9a20c: ; ImmutableOopMap {[32]=NarrowOop }
                      ;*invokestatic arraycopy {reexecute=0 rethrow=0 return_oop=0}
                      ; - java.lang.String::getBytes@22 (line 4726)
                      ; - java.lang.AbstractStringBuilder::putStringAt@15 (line 1751)
                      ; - java.lang.AbstractStringBuilder::append@30 (line 588)
                      ; - java.lang.StringBuilder::append@2 (line 179)
                      ; - java.net.URLStreamHandler::toExternalForm@77 (line 484)
                      ; - java.net.URL::toExternalForm@5 (line 1203)
                      ; - java.net.URL::toString@1 (line 1189)
                      ; - java.lang.ClassLoader::defineClassSourceLocation@22 (line 927)
                      ; - java.lang.ClassLoader::defineClass@12 (line 1026)
  0x0000022428b9a20c: f0a3 6aff 

  0x0000022428b9a210: ;   {other}
  0x0000022428b9a210: 0f1f 8400 | 0052 0089 | baf6 ffff | ff66 6690 

  0x0000022428b9a220: ;   {runtime_call UncommonTrapBlob}
  0x0000022428b9a220: c5f8 77e8 

  0x0000022428b9a224: ; ImmutableOopMap {}
                      ;*arraylength {reexecute=0 rethrow=0 return_oop=0}
                      ; - java.lang.AbstractStringBuilder::ensureCapacityInternal@4 (line 240)
                      ; - java.lang.AbstractStringBuilder::append@21 (line 587)
                      ; - java.lang.StringBuilder::append@2 (line 179)
                      ; - java.net.URLStreamHandler::toExternalForm@113 (line 485)
                      ; - java.net.URL::toExternalForm@5 (line 1203)
                      ; - java.net.URL::toString@1 (line 1189)
                      ; - java.lang.ClassLoader::defineClassSourceLocation@22 (line 927)
                      ; - java.lang.ClassLoader::defineClass@12 (line 1026)
  0x0000022428b9a224: d8a3 6aff 

  0x0000022428b9a228: ;   {other}
  0x0000022428b9a228: 0f1f 8400 | 1852 008a | baf6 ffff | ff41 8be9 

  0x0000022428b9a238: ;   {runtime_call UncommonTrapBlob}
  0x0000022428b9a238: c5f8 77e8 

  0x0000022428b9a23c: ; ImmutableOopMap {}
                      ;*invokestatic arraycopy {reexecute=0 rethrow=0 return_oop=0}
                      ; - java.lang.String::getBytes@22 (line 4726)
                      ; - java.lang.AbstractStringBuilder::putStringAt@15 (line 1751)
                      ; - java.lang.AbstractStringBuilder::append@30 (line 588)
                      ; - java.lang.StringBuilder::append@2 (line 179)
                      ; - java.net.URLStreamHandler::toExternalForm@113 (line 485)
                      ; - java.net.URL::toExternalForm@5 (line 1203)
                      ; - java.net.URL::toString@1 (line 1189)
                      ; - java.lang.ClassLoader::defineClassSourceLocation@22 (line 927)
                      ; - java.lang.ClassLoader::defineClass@12 (line 1026)
  0x0000022428b9a23c: c0a3 6aff 

  0x0000022428b9a240: ;   {other}
  0x0000022428b9a240: 0f1f 8400 | 3052 008b | baf6 ffff | ff66 6690 

  0x0000022428b9a250: ;   {runtime_call UncommonTrapBlob}
  0x0000022428b9a250: c5f8 77e8 

  0x0000022428b9a254: ; ImmutableOopMap {}
                      ;*arraylength {reexecute=0 rethrow=0 return_oop=0}
                      ; - java.lang.AbstractStringBuilder::ensureCapacityInternal@4 (line 240)
                      ; - java.lang.AbstractStringBuilder::append@21 (line 587)
                      ; - java.lang.StringBuilder::append@2 (line 179)
                      ; - java.net.URLStreamHandler::toExternalForm@149 (line 486)
                      ; - java.net.URL::toExternalForm@5 (line 1203)
                      ; - java.net.URL::toString@1 (line 1189)
                      ; - java.lang.ClassLoader::defineClassSourceLocation@22 (line 927)
                      ; - java.lang.ClassLoader::defineClass@12 (line 1026)
  0x0000022428b9a254: a8a3 6aff 

  0x0000022428b9a258: ;   {other}
  0x0000022428b9a258: 0f1f 8400 | 4852 008c | baf6 ffff | ff41 8be8 

  0x0000022428b9a268: ;   {runtime_call UncommonTrapBlob}
  0x0000022428b9a268: c5f8 77e8 

  0x0000022428b9a26c: ; ImmutableOopMap {}
                      ;*invokestatic arraycopy {reexecute=0 rethrow=0 return_oop=0}
                      ; - java.lang.String::getBytes@22 (line 4726)
                      ; - java.lang.AbstractStringBuilder::putStringAt@15 (line 1751)
                      ; - java.lang.AbstractStringBuilder::append@30 (line 588)
                      ; - java.lang.StringBuilder::append@2 (line 179)
                      ; - java.net.URLStreamHandler::toExternalForm@149 (line 486)
                      ; - java.net.URL::toExternalForm@5 (line 1203)
                      ; - java.net.URL::toString@1 (line 1189)
                      ; - java.lang.ClassLoader::defineClassSourceLocation@22 (line 927)
                      ; - java.lang.ClassLoader::defineClass@12 (line 1026)
  0x0000022428b9a26c: 90a3 6aff 

  0x0000022428b9a270: ;   {other}
  0x0000022428b9a270: 0f1f 8400 | 6052 008d | baf6 ffff | ff66 6690 

  0x0000022428b9a280: ;   {runtime_call UncommonTrapBlob}
  0x0000022428b9a280: c5f8 77e8 

  0x0000022428b9a284: ; ImmutableOopMap {}
                      ;*arraylength {reexecute=0 rethrow=0 return_oop=0}
                      ; - java.util.Arrays::copyOfRange@6 (line 3853)
                      ; - java.lang.String::<init>@32 (line 4788)
                      ; - java.lang.String::<init>@3 (line 1507)
                      ; - java.lang.StringBuilder::toString@5 (line 475)
                      ; - java.net.URLStreamHandler::toExternalForm@152 (line 486)
                      ; - java.net.URL::toExternalForm@5 (line 1203)
                      ; - java.net.URL::toString@1 (line 1189)
                      ; - java.lang.ClassLoader::defineClassSourceLocation@22 (line 927)
                      ; - java.lang.ClassLoader::defineClass@12 (line 1026)
  0x0000022428b9a284: 78a3 6aff 

  0x0000022428b9a288: ;   {other}
  0x0000022428b9a288: 0f1f 8400 | 7852 008e | baf6 ffff | ff66 6690 

  0x0000022428b9a298: ;   {runtime_call UncommonTrapBlob}
  0x0000022428b9a298: c5f8 77e8 

  0x0000022428b9a29c: ; ImmutableOopMap {}
                      ;*invokevirtual getPackageName {reexecute=0 rethrow=0 return_oop=0}
                      ; - java.lang.ClassLoader::postDefineClass@2 (line 934)
                      ; - java.lang.ClassLoader::defineClass@37 (line 1028)
  0x0000022428b9a29c: 60a3 6aff 

  0x0000022428b9a2a0: ;   {other}
  0x0000022428b9a2a0: 0f1f 8400 | 9052 008f | baf6 ffff | ff48 8beb 

  0x0000022428b9a2b0: ;   {runtime_call UncommonTrapBlob}
  0x0000022428b9a2b0: c5f8 77e8 

  0x0000022428b9a2b4: ; ImmutableOopMap {rbp=Oop }
                      ;*invokevirtual get {reexecute=0 rethrow=0 return_oop=0}
                      ; - java.lang.ClassLoader::getNamedPackage@5 (line 341)
                      ; - java.lang.ClassLoader::postDefineClass@9 (line 934)
                      ; - java.lang.ClassLoader::defineClass@37 (line 1028)
  0x0000022428b9a2b4: 48a3 6aff 

  0x0000022428b9a2b8: ;   {other}
  0x0000022428b9a2b8: 0f1f 8400 | a852 0090 | baf6 ffff | ff66 6690 

  0x0000022428b9a2c8: ;   {runtime_call UncommonTrapBlob}
  0x0000022428b9a2c8: c5f8 77e8 

  0x0000022428b9a2cc: ; ImmutableOopMap {}
                      ;*invokevirtual hashCode {reexecute=0 rethrow=0 return_oop=0}
                      ; - java.util.concurrent.ConcurrentHashMap::get@1 (line 936)
                      ; - java.lang.ClassLoader::getNamedPackage@5 (line 341)
                      ; - java.lang.ClassLoader::postDefineClass@9 (line 934)
                      ; - java.lang.ClassLoader::defineClass@37 (line 1028)
  0x0000022428b9a2cc: 30a3 6aff 

  0x0000022428b9a2d0: ;   {other}
  0x0000022428b9a2d0: 0f1f 8400 | c052 0091 | baf6 ffff | ff66 6690 

  0x0000022428b9a2e0: ;   {runtime_call UncommonTrapBlob}
  0x0000022428b9a2e0: c5f8 77e8 

  0x0000022428b9a2e4: ; ImmutableOopMap {}
                      ;*bastore {reexecute=0 rethrow=0 return_oop=0}
                      ; - java.lang.AbstractStringBuilder::append@41 (line 808)
                      ; - java.lang.StringBuilder::append@2 (line 246)
                      ; - java.net.URLStreamHandler::toExternalForm@16 (line 480)
                      ; - java.net.URL::toExternalForm@5 (line 1203)
                      ; - java.net.URL::toString@1 (line 1189)
                      ; - java.lang.ClassLoader::defineClassSourceLocation@22 (line 927)
                      ; - java.lang.ClassLoader::defineClass@12 (line 1026)
  0x0000022428b9a2e4: 18a3 6aff 

  0x0000022428b9a2e8: ;   {other}
  0x0000022428b9a2e8: 0f1f 8400 | d852 0092 | baf6 ffff | ff66 6690 

  0x0000022428b9a2f8: ;   {runtime_call UncommonTrapBlob}
  0x0000022428b9a2f8: c5f8 77e8 

  0x0000022428b9a2fc: ; ImmutableOopMap {}
                      ;*arraylength {reexecute=0 rethrow=0 return_oop=0}
                      ; - java.lang.String::isEmpty@4 (line 1532)
                      ; - java.net.URLStreamHandler::toExternalForm@29 (line 482)
                      ; - java.net.URL::toExternalForm@5 (line 1203)
                      ; - java.net.URL::toString@1 (line 1189)
                      ; - java.lang.ClassLoader::defineClassSourceLocation@22 (line 927)
                      ; - java.lang.ClassLoader::defineClass@12 (line 1026)
  0x0000022428b9a2fc: 00a3 6aff 

  0x0000022428b9a300: ;   {other}
  0x0000022428b9a300: 0f1f 8400 | f052 0093 | ba45 ffff | ff48 8b6c | 2428 4c89 | 4424 4048 | 894c 2448 | 4c89 4424 
  0x0000022428b9a320: 5066 6690 

  0x0000022428b9a324: ;   {runtime_call UncommonTrapBlob}
  0x0000022428b9a324: c5f8 77e8 

  0x0000022428b9a328: ; ImmutableOopMap {rbp=Oop [48]=Oop [64]=Oop [72]=Oop [80]=Oop }
                      ;*ifnull {reexecute=1 rethrow=0 return_oop=0}
                      ; - (reexecute) java.lang.ClassLoader::checkName@1 (line 1155)
                      ; - java.lang.ClassLoader::preDefineClass@1 (line 900)
                      ; - java.lang.ClassLoader::defineClass@4 (line 1025)
  0x0000022428b9a328: d4a2 6aff 

  0x0000022428b9a32c: ;   {other}
  0x0000022428b9a32c: 0f1f 8400 | 1c53 0094 | ba45 ffff | ff48 8b6c | 2428 4c8b | 9424 8000 | 0000 4c89 | 5424 204c 
  0x0000022428b9a34c: 8b54 2430 | 4c89 5424 | 2844 8b5c | 2438 4489 | 5c24 3089 | 7424 3448 | 895c 2438 | 4c89 7424 
  0x0000022428b9a36c: 5066 6690 

  0x0000022428b9a370: ;   {runtime_call UncommonTrapBlob}
  0x0000022428b9a370: c5f8 77e8 

  0x0000022428b9a374: ; ImmutableOopMap {rbp=Oop [32]=Oop [40]=Oop [56]=Oop [80]=Oop }
                      ;*ifnonnull {reexecute=1 rethrow=0 return_oop=0}
                      ; - (reexecute) java.lang.ClassLoader::preDefineClass@95 (line 912)
                      ; - java.lang.ClassLoader::defineClass@4 (line 1025)
  0x0000022428b9a374: 88a2 6aff 

  0x0000022428b9a378: ;   {other}
  0x0000022428b9a378: 0f1f 8400 | 6853 0095 | ba45 ffff | ff48 8b6c | 2428 4c8b | 9424 8000 | 0000 4c89 | 5424 204c 
  0x0000022428b9a398: 8b54 2430 | 4c89 5424 | 2844 8b5c | 2438 4489 | 5c24 3044 | 8b54 243c | 4489 5424 | 344c 8974 
  0x0000022428b9a3b8: 2438 4889 | 5c24 4044 | 896c 2454 

  0x0000022428b9a3c4: ;   {runtime_call UncommonTrapBlob}
  0x0000022428b9a3c4: c5f8 77e8 

  0x0000022428b9a3c8: ; ImmutableOopMap {rbp=Oop [32]=Oop [40]=Oop [56]=Oop [64]=Oop [84]=NarrowOop [136]=Oop }
                      ;*ifnull {reexecute=1 rethrow=0 return_oop=0}
                      ; - (reexecute) java.lang.ClassLoader::checkCerts@30 (line 1167)
                      ; - java.lang.ClassLoader::preDefineClass@113 (line 917)
                      ; - java.lang.ClassLoader::defineClass@4 (line 1025)
  0x0000022428b9a3c8: 34a2 6aff 

  0x0000022428b9a3cc: ;   {other}
  0x0000022428b9a3cc: 0f1f 8400 | bc53 0096 | ba45 ffff | ff48 8b6c | 2428 4c8b | 5c24 304c | 895c 2428 | 448b 4424 
  0x0000022428b9a3ec: 3844 8944 | 2430 448b | 5c24 3c44 | 895c 2434 | 4c8b 5c24 | 404c 895c | 2438 4489 | 5424 4490 
  0x0000022428b9a40c: ;   {runtime_call UncommonTrapBlob}
  0x0000022428b9a40c: c5f8 77e8 

  0x0000022428b9a410: ; ImmutableOopMap {rbp=Oop [40]=Oop [56]=Oop [68]=NarrowOop [128]=Oop }
                      ;*ifnull {reexecute=1 rethrow=0 return_oop=0}
                      ; - (reexecute) java.lang.ClassLoader::defineClassSourceLocation@8 (line 926)
                      ; - java.lang.ClassLoader::defineClass@12 (line 1026)
  0x0000022428b9a410: eca1 6aff 

  0x0000022428b9a414: ;   {other}
  0x0000022428b9a414: 0f1f 8400 | 0454 0097 | ba45 ffff | ff48 8b6c | 2428 4c8b | 5424 304c | 8954 2428 | 448b 5424 
  0x0000022428b9a434: 3844 8954 | 2430 448b | 4424 3c44 | 8944 2434 | 4c8b 5424 | 404c 8954 | 2438 895c | 2440 4c89 
  0x0000022428b9a454: 7424 5044 | 895c 2458 

  0x0000022428b9a45c: ;   {runtime_call UncommonTrapBlob}
  0x0000022428b9a45c: c5f8 77e8 

  0x0000022428b9a460: ; ImmutableOopMap {rbp=Oop [40]=Oop [56]=Oop [64]=NarrowOop [80]=Oop [88]=NarrowOop [128]=Oop }
                      ;*ifnonnull {reexecute=1 rethrow=0 return_oop=0}
                      ; - (reexecute) java.lang.AbstractStringBuilder::append@1 (line 583)
                      ; - java.lang.StringBuilder::append@2 (line 179)
                      ; - java.net.URLStreamHandler::toExternalForm@11 (line 480)
                      ; - java.net.URL::toExternalForm@5 (line 1203)
                      ; - java.net.URL::toString@1 (line 1189)
                      ; - java.lang.ClassLoader::defineClassSourceLocation@22 (line 927)
                      ; - java.lang.ClassLoader::defineClass@12 (line 1026)
  0x0000022428b9a460: 9ca1 6aff 

  0x0000022428b9a464: ;   {other}
  0x0000022428b9a464: 0f1f 8400 | 5454 0098 | ba45 ffff | ff48 8b6c | 2428 4c8b | 5424 304c | 8954 2428 | 448b 5424 
  0x0000022428b9a484: 3844 8954 | 2430 448b | 5c24 3c44 | 895c 2434 | 4c8b 5424 | 404c 8954 | 2438 897c | 2440 4889 
  0x0000022428b9a4a4: 5c24 4889 | 4c24 5090 

  0x0000022428b9a4ac: ;   {runtime_call UncommonTrapBlob}
  0x0000022428b9a4ac: c5f8 77e8 

  0x0000022428b9a4b0: ; ImmutableOopMap {rbp=Oop [40]=Oop [56]=Oop [64]=NarrowOop [72]=Oop [80]=NarrowOop [128]=Oop }
                      ;*ifnull {reexecute=1 rethrow=0 return_oop=0}
                      ; - (reexecute) java.net.URLStreamHandler::toExternalForm@68 (line 484)
                      ; - java.net.URL::toExternalForm@5 (line 1203)
                      ; - java.net.URL::toString@1 (line 1189)
                      ; - java.lang.ClassLoader::defineClassSourceLocation@22 (line 927)
                      ; - java.lang.ClassLoader::defineClass@12 (line 1026)
  0x0000022428b9a4b0: 4ca1 6aff 

  0x0000022428b9a4b4: ;   {other}
  0x0000022428b9a4b4: 0f1f 8400 | a454 0099 | 33ed 4d85 | d240 0f94 | c5ba 45ff | ffff 4889 | 4424 3848 | 8944 2448 
  0x0000022428b9a4d4: ;   {runtime_call UncommonTrapBlob}
  0x0000022428b9a4d4: c5f8 77e8 

  0x0000022428b9a4d8: ; ImmutableOopMap {[40]=Oop [56]=Oop [64]=Oop [72]=Oop }
                      ;*ifeq {reexecute=1 rethrow=0 return_oop=0}
                      ; - (reexecute) java.lang.Class::getPackageName@29 (line 1164)
                      ; - java.lang.ClassLoader::postDefineClass@2 (line 934)
                      ; - java.lang.ClassLoader::defineClass@37 (line 1028)
  0x0000022428b9a4d8: 24a1 6aff 

  0x0000022428b9a4dc: ;   {other}
  0x0000022428b9a4dc: 0f1f 8400 | cc54 009a | baf6 ffff | ff66 6690 

  0x0000022428b9a4ec: ;   {runtime_call UncommonTrapBlob}
  0x0000022428b9a4ec: c5f8 77e8 

  0x0000022428b9a4f0: ; ImmutableOopMap {}
                      ;*arraylength {reexecute=0 rethrow=0 return_oop=0}
                      ; - java.lang.String::length@4 (line 1519)
                      ; - java.lang.String::lastIndexOf@3 (line 2535)
                      ; - java.lang.Class::getPackageName@47 (line 1168)
                      ; - java.lang.ClassLoader::postDefineClass@2 (line 934)
                      ; - java.lang.ClassLoader::defineClass@37 (line 1028)
  0x0000022428b9a4f0: 0ca1 6aff 

  0x0000022428b9a4f4: ;   {other}
  0x0000022428b9a4f4: 0f1f 8400 | e454 009b | baf6 ffff | ff66 6690 

  0x0000022428b9a504: ;   {runtime_call UncommonTrapBlob}
  0x0000022428b9a504: c5f8 77e8 

  0x0000022428b9a508: ; ImmutableOopMap {}
                      ;*arraylength {reexecute=0 rethrow=0 return_oop=0}
                      ; - java.lang.StringLatin1::hashCode@1 (line 188)
                      ; - java.lang.String::hashCode@27 (line 2369)
                      ; - java.util.concurrent.ConcurrentHashMap::get@1 (line 936)
                      ; - java.lang.ClassLoader::getNamedPackage@5 (line 341)
                      ; - java.lang.ClassLoader::postDefineClass@9 (line 934)
                      ; - java.lang.ClassLoader::defineClass@37 (line 1028)
  0x0000022428b9a508: f4a0 6aff 

  0x0000022428b9a50c: ;   {other}
  0x0000022428b9a50c: 0f1f 8400 | fc54 009c | ba45 ffff | ff48 8b6c | 2468 895c | 2420 6690 

  0x0000022428b9a524: ;   {runtime_call UncommonTrapBlob}
  0x0000022428b9a524: c5f8 77e8 

  0x0000022428b9a528: ; ImmutableOopMap {rbp=Oop [32]=NarrowOop }
                      ;*ifnull {reexecute=1 rethrow=0 return_oop=0}
                      ; - (reexecute) java.lang.ClassLoader::postDefineClass@17 (line 936)
                      ; - java.lang.ClassLoader::defineClass@37 (line 1028)
  0x0000022428b9a528: d4a0 6aff 

  0x0000022428b9a52c: ;   {other}
  0x0000022428b9a52c: 0f1f 8400 | 1c55 009d | ba97 ffff | ff4c 8b54 | 2430 4c89 | 5424 2844 | 8b54 2438 | 4489 5424 
  0x0000022428b9a54c: 3044 8b5c | 243c 4489 | 5c24 344c | 8b54 2440 | 4c89 5424 | 384c 8b54 | 2448 4c89 | 5424 4090 
  0x0000022428b9a56c: ;   {runtime_call UncommonTrapBlob}
  0x0000022428b9a56c: c5f8 77e8 

  0x0000022428b9a570: ; ImmutableOopMap {rbp=Oop [32]=Oop [40]=Oop [56]=Oop [64]=Oop [80]=NarrowOop [136]=Oop }
                      ;*invokevirtual clone {reexecute=1 rethrow=0 return_oop=0}
                      ; - (reexecute) java.security.CodeSource::getCertificates@11 (line 205)
                      ; - java.lang.ClassLoader::checkCerts@34 (line 1168)
                      ; - java.lang.ClassLoader::preDefineClass@113 (line 917)
                      ; - java.lang.ClassLoader::defineClass@4 (line 1025)
  0x0000022428b9a570: 8ca0 6aff 

  0x0000022428b9a574: ;   {other}
  0x0000022428b9a574: 0f1f 8400 | 6455 009e | ba97 ffff | ff66 6690 

  0x0000022428b9a584: ;   {runtime_call UncommonTrapBlob}
  0x0000022428b9a584: c5f8 77e8 

  0x0000022428b9a588: ; ImmutableOopMap {rbp=Oop [32]=Oop [40]=NarrowOop }
                      ;*invokevirtual clone {reexecute=1 rethrow=0 return_oop=0}
                      ; - (reexecute) java.security.CodeSource::getCertificates@11 (line 205)
                      ; - java.lang.ClassLoader::postDefineClass@24 (line 937)
                      ; - java.lang.ClassLoader::defineClass@37 (line 1028)
  0x0000022428b9a588: 74a0 6aff 

  0x0000022428b9a58c: ;   {other}
  0x0000022428b9a58c: 0f1f 8400 | 7c55 009f | ba97 ffff | ff66 6690 

  0x0000022428b9a59c: ;   {runtime_call UncommonTrapBlob}
  0x0000022428b9a59c: c5f8 77e8 

  0x0000022428b9a5a0: ; ImmutableOopMap {rbp=Oop [32]=Oop [40]=Oop [48]=Oop [64]=Oop [72]=Oop [136]=Oop }
                      ;*invokevirtual clone {reexecute=1 rethrow=0 return_oop=0}
                      ; - (reexecute) java.security.CodeSource::getCertificates@86 (line 217)
                      ; - java.lang.ClassLoader::checkCerts@34 (line 1168)
                      ; - java.lang.ClassLoader::preDefineClass@113 (line 917)
                      ; - java.lang.ClassLoader::defineClass@4 (line 1025)
  0x0000022428b9a5a0: 5ca0 6aff 

  0x0000022428b9a5a4: ;   {other}
  0x0000022428b9a5a4: 0f1f 8400 | 9455 00a0 | baf6 ffff | ff41 8be8 

  0x0000022428b9a5b4: ;   {runtime_call UncommonTrapBlob}
  0x0000022428b9a5b4: c5f8 77e8 

  0x0000022428b9a5b8: ; ImmutableOopMap {}
                      ;*aaload {reexecute=0 rethrow=0 return_oop=0}
                      ; - java.security.CodeSource::getCertificates@50 (line 212)
                      ; - java.lang.ClassLoader::checkCerts@34 (line 1168)
                      ; - java.lang.ClassLoader::preDefineClass@113 (line 917)
                      ; - java.lang.ClassLoader::defineClass@4 (line 1025)
  0x0000022428b9a5b8: 44a0 6aff 

  0x0000022428b9a5bc: ;   {other}
  0x0000022428b9a5bc: 0f1f 8400 | ac55 00a1 | baf6 ffff | ff66 6690 

  0x0000022428b9a5cc: ;   {runtime_call UncommonTrapBlob}
  0x0000022428b9a5cc: c5f8 77e8 

  0x0000022428b9a5d0: ; ImmutableOopMap {}
                      ;*invokevirtual getSignerCertPath {reexecute=0 rethrow=0 return_oop=0}
                      ; - java.security.CodeSource::getCertificates@51 (line 213)
                      ; - java.lang.ClassLoader::checkCerts@34 (line 1168)
                      ; - java.lang.ClassLoader::preDefineClass@113 (line 917)
                      ; - java.lang.ClassLoader::defineClass@4 (line 1025)
  0x0000022428b9a5d0: 2ca0 6aff 

  0x0000022428b9a5d4: ;   {other}
  0x0000022428b9a5d4: 0f1f 8400 | c455 00a2 | baf6 ffff | ff66 6690 

  0x0000022428b9a5e4: ;   {runtime_call UncommonTrapBlob}
  0x0000022428b9a5e4: c5f8 77e8 

  0x0000022428b9a5e8: ; ImmutableOopMap {}
                      ;*invokevirtual getCertificates {reexecute=0 rethrow=0 return_oop=0}
                      ; - java.security.CodeSource::getCertificates@54 (line 213)
                      ; - java.lang.ClassLoader::checkCerts@34 (line 1168)
                      ; - java.lang.ClassLoader::preDefineClass@113 (line 917)
                      ; - java.lang.ClassLoader::defineClass@4 (line 1025)
  0x0000022428b9a5e8: 14a0 6aff 

  0x0000022428b9a5ec: ;   {other}
  0x0000022428b9a5ec: 0f1f 8400 | dc55 00a3 | baf6 ffff | ff66 6690 

  0x0000022428b9a5fc: ;   {runtime_call UncommonTrapBlob}
  0x0000022428b9a5fc: c5f8 77e8 

  0x0000022428b9a600: ; ImmutableOopMap {}
                      ;*arraylength {reexecute=0 rethrow=0 return_oop=0}
                      ; - java.security.CodeSource::getCertificates@40 (line 211)
                      ; - java.lang.ClassLoader::checkCerts@34 (line 1168)
                      ; - java.lang.ClassLoader::preDefineClass@113 (line 917)
                      ; - java.lang.ClassLoader::defineClass@4 (line 1025)
  0x0000022428b9a600: fc9f 6aff 

  0x0000022428b9a604: ;   {other}
  0x0000022428b9a604: 0f1f 8400 | f455 00a4 | ba97 ffff | ff66 6690 

  0x0000022428b9a614: ;   {runtime_call UncommonTrapBlob}
  0x0000022428b9a614: c5f8 77e8 

  0x0000022428b9a618: ; ImmutableOopMap {rbp=Oop [32]=Oop [40]=Oop }
                      ;*invokevirtual clone {reexecute=1 rethrow=0 return_oop=0}
                      ; - (reexecute) java.security.CodeSource::getCertificates@86 (line 217)
                      ; - java.lang.ClassLoader::postDefineClass@24 (line 937)
                      ; - java.lang.ClassLoader::defineClass@37 (line 1028)
  0x0000022428b9a618: e49f 6aff 

  0x0000022428b9a61c: ;   {other}
  0x0000022428b9a61c: 0f1f 8400 | 0c56 00a5 | ba97 ffff | ff44 8b5c | 2438 4489 | 5c24 2490 

  0x0000022428b9a634: ;   {runtime_call UncommonTrapBlob}
  0x0000022428b9a634: c5f8 77e8 

  0x0000022428b9a638: ; ImmutableOopMap {rbp=Oop [32]=NarrowOop [40]=Oop [48]=Oop [64]=Oop [128]=Oop }
                      ;*invokevirtual clone {reexecute=1 rethrow=0 return_oop=0}
                      ; - (reexecute) java.util.Arrays::copyOfRange@18 (line 3856)
                      ; - java.lang.String::<init>@32 (line 4788)
                      ; - java.lang.String::<init>@3 (line 1507)
                      ; - java.lang.StringBuilder::toString@5 (line 475)
                      ; - java.net.URLStreamHandler::toExternalForm@152 (line 486)
                      ; - java.net.URL::toExternalForm@5 (line 1203)
                      ; - java.net.URL::toString@1 (line 1189)
                      ; - java.lang.ClassLoader::defineClassSourceLocation@22 (line 927)
                      ; - java.lang.ClassLoader::defineClass@12 (line 1026)
  0x0000022428b9a638: c49f 6aff 

  0x0000022428b9a63c: ;   {other}
  0x0000022428b9a63c: 0f1f 8400 | 2c56 00a6 | baf6 ffff | ff41 8be8 

  0x0000022428b9a64c: ;   {runtime_call UncommonTrapBlob}
  0x0000022428b9a64c: c5f8 77e8 

  0x0000022428b9a650: ; ImmutableOopMap {}
                      ;*aaload {reexecute=0 rethrow=0 return_oop=0}
                      ; - java.security.CodeSource::getCertificates@50 (line 212)
                      ; - java.lang.ClassLoader::postDefineClass@24 (line 937)
                      ; - java.lang.ClassLoader::defineClass@37 (line 1028)
  0x0000022428b9a650: ac9f 6aff 

  0x0000022428b9a654: ;   {other}
  0x0000022428b9a654: 0f1f 8400 | 4456 00a7 | baf6 ffff | ff66 6690 

  0x0000022428b9a664: ;   {runtime_call UncommonTrapBlob}
  0x0000022428b9a664: c5f8 77e8 

  0x0000022428b9a668: ; ImmutableOopMap {}
                      ;*invokevirtual getSignerCertPath {reexecute=0 rethrow=0 return_oop=0}
                      ; - java.security.CodeSource::getCertificates@51 (line 213)
                      ; - java.lang.ClassLoader::postDefineClass@24 (line 937)
                      ; - java.lang.ClassLoader::defineClass@37 (line 1028)
  0x0000022428b9a668: 949f 6aff 

  0x0000022428b9a66c: ;   {other}
  0x0000022428b9a66c: 0f1f 8400 | 5c56 00a8 | baf6 ffff | ff66 6690 

  0x0000022428b9a67c: ;   {runtime_call UncommonTrapBlob}
  0x0000022428b9a67c: c5f8 77e8 

  0x0000022428b9a680: ; ImmutableOopMap {}
                      ;*invokevirtual getCertificates {reexecute=0 rethrow=0 return_oop=0}
                      ; - java.security.CodeSource::getCertificates@54 (line 213)
                      ; - java.lang.ClassLoader::postDefineClass@24 (line 937)
                      ; - java.lang.ClassLoader::defineClass@37 (line 1028)
  0x0000022428b9a680: 7c9f 6aff 

  0x0000022428b9a684: ;   {other}
  0x0000022428b9a684: 0f1f 8400 | 7456 00a9 | baf6 ffff | ff66 6690 

  0x0000022428b9a694: ;   {runtime_call UncommonTrapBlob}
  0x0000022428b9a694: c5f8 77e8 

  0x0000022428b9a698: ; ImmutableOopMap {}
                      ;*arraylength {reexecute=0 rethrow=0 return_oop=0}
                      ; - java.security.CodeSource::getCertificates@40 (line 211)
                      ; - java.lang.ClassLoader::postDefineClass@24 (line 937)
                      ; - java.lang.ClassLoader::defineClass@37 (line 1028)
  0x0000022428b9a698: 649f 6aff 

  0x0000022428b9a69c: ;   {other}
  0x0000022428b9a69c: 0f1f 8400 | 8c56 00aa | baf4 ffff | ff66 6690 

  0x0000022428b9a6ac: ;   {runtime_call UncommonTrapBlob}
  0x0000022428b9a6ac: c5f8 77e8 

  0x0000022428b9a6b0: ; ImmutableOopMap {rbp=NarrowOop [32]=Oop [40]=Oop [48]=Oop [64]=Oop [72]=Oop [136]=Oop }
                      ;*checkcast {reexecute=0 rethrow=0 return_oop=0}
                      ; - java.security.CodeSource::getCertificates@76 (line 215)
                      ; - java.lang.ClassLoader::checkCerts@34 (line 1168)
                      ; - java.lang.ClassLoader::preDefineClass@113 (line 917)
                      ; - java.lang.ClassLoader::defineClass@4 (line 1025)
  0x0000022428b9a6b0: 4c9f 6aff 

  0x0000022428b9a6b4: ;   {other}
  0x0000022428b9a6b4: 0f1f 8400 | a456 00ab | ba97 ffff | ff4c 8b54 | 2478 4c89 | 5424 404c | 8b54 2450 | 4c89 5424 
  0x0000022428b9a6d4: 4866 6690 

  0x0000022428b9a6d8: ;   {runtime_call UncommonTrapBlob}
  0x0000022428b9a6d8: c5f8 77e8 

  0x0000022428b9a6dc: ; ImmutableOopMap {rbp=NarrowOop [32]=Oop [40]=Oop [48]=Oop [64]=Oop [72]=Oop [88]=NarrowOop [96]=Oop }
                      ;*invokevirtual clone {reexecute=1 rethrow=0 return_oop=0}
                      ; - (reexecute) java.util.Arrays::copyOfRange@18 (line 3856)
                      ; - java.lang.StringLatin1::newString@16 (line 752)
                      ; - java.lang.String::substring@41 (line 2839)
                      ; - java.lang.ClassLoader::checkCerts@21 (line 1164)
                      ; - java.lang.ClassLoader::preDefineClass@113 (line 917)
                      ; - java.lang.ClassLoader::defineClass@4 (line 1025)
  0x0000022428b9a6dc: 209f 6aff 

  0x0000022428b9a6e0: ;   {other}
  0x0000022428b9a6e0: 0f1f 8400 | d056 00ac | ba97 ffff | ff8b 6c24 | 3066 6690 

  0x0000022428b9a6f4: ;   {runtime_call UncommonTrapBlob}
  0x0000022428b9a6f4: c5f8 77e8 

  0x0000022428b9a6f8: ; ImmutableOopMap {rbp=NarrowOop [32]=Oop [40]=Oop [56]=Oop [64]=Oop }
                      ;*invokevirtual clone {reexecute=1 rethrow=0 return_oop=0}
                      ; - (reexecute) java.util.Arrays::copyOfRange@18 (line 3856)
                      ; - java.lang.StringLatin1::newString@16 (line 752)
                      ; - java.lang.String::substring@41 (line 2839)
                      ; - java.lang.Class::getPackageName@62 (line 1169)
                      ; - java.lang.ClassLoader::postDefineClass@2 (line 934)
                      ; - java.lang.ClassLoader::defineClass@37 (line 1028)
  0x0000022428b9a6f8: 049f 6aff 

  0x0000022428b9a6fc: ;   {other}
  0x0000022428b9a6fc: 0f1f 8400 | ec56 00ad | baf4 ffff | ff66 6690 

  0x0000022428b9a70c: ;   {runtime_call UncommonTrapBlob}
  0x0000022428b9a70c: c5f8 77e8 

  0x0000022428b9a710: ; ImmutableOopMap {[32]=Oop [40]=Oop [48]=NarrowOop }
                      ;*checkcast {reexecute=0 rethrow=0 return_oop=0}
                      ; - java.security.CodeSource::getCertificates@76 (line 215)
                      ; - java.lang.ClassLoader::postDefineClass@24 (line 937)
                      ; - java.lang.ClassLoader::defineClass@37 (line 1028)
  0x0000022428b9a710: ec9e 6aff 

  0x0000022428b9a714: ;   {other}
  0x0000022428b9a714: 0f1f 8400 | 0457 00ae | 0f1f 4000 | e95d 0000 | 00e9 5800 | 0000 e96a | 0000 00e9 | 6500 0000 
  0x0000022428b9a734: 488b d0e9 | d400 0000 | 488b d090 | e9cb 0000 | 0048 8bd0 | e9c3 0000 | 00e9 3000 | 0000 488b 
  0x0000022428b9a754: d0e9 b600 | 0000 e9a3 | 0000 0090 | e9a8 0000 | 00e9 9800 | 0000 e993 | 0000 00e9 | 8e00 0000 
  0x0000022428b9a774: e989 0000 | 00e9 8400 | 0000 6690 | eb17 488b | d0e9 8600 | 0000 e973 | 0000 00e9 | 6e00 0000 
  0x0000022428b9a794: e969 0000 | 0048 8bd0 | 0f1f 4000 | e96b 0000 | 0048 8bd0 | e963 0000 | 00e9 5b00 | 0000 e94b 
  0x0000022428b9a7b4: 0000 00e9 | 4600 0000 | 0f1f 4000 | e93d 0000 | 00e9 3800 | 0000 e933 | 0000 00e9 | 2e00 0000 
  0x0000022428b9a7d4: e929 0000 | 00e9 2400 | 0000 6690 | e91d 0000 | 00eb 1beb | 19e9 1f00 | 0000 488b | d0e9 1a00 
  0x0000022428b9a7f4: 0000 488b | d0eb 1548 | 8bd0 6690 | eb0e 488b | d0eb 09eb | 04eb 02eb | 0048 8bd0 

  0x0000022428b9a810: ;   {no_reloc}
  0x0000022428b9a810: c5f8 7748 | 81c4 a000 

  0x0000022428b9a818: ;   {runtime_call _rethrow_Java}
  0x0000022428b9a818: 0000 5de9 | 607e 77ff 

  0x0000022428b9a820: ;   {internal_word}
  0x0000022428b9a820: 49ba f96d | b928 2402 | 0000 4d89 | 9760 0400 

  0x0000022428b9a830: ;   {runtime_call SafepointBlob}
  0x0000022428b9a830: 00e9 caae 

  0x0000022428b9a834: ;   {runtime_call StubRoutines (final stubs)}
  0x0000022428b9a834: 6aff e825 | a568 ffe9 | 5eae ffff 
[Stub Code]
  0x0000022428b9a840: ;   {no_reloc}
  0x0000022428b9a840: 48bb 0000 | 0000 0000 

  0x0000022428b9a848: ;   {runtime_call nmethod}
  0x0000022428b9a848: 0000 e9fb 

  0x0000022428b9a84c: ;   {static_stub}
  0x0000022428b9a84c: ffff ff48 | bb00 0000 | 0000 0000 

  0x0000022428b9a858: ;   {runtime_call nmethod}
  0x0000022428b9a858: 00e9 fbff 

  0x0000022428b9a85c: ;   {static_stub}
  0x0000022428b9a85c: ffff 48bb | 0000 0000 | 0000 0000 

  0x0000022428b9a868: ;   {runtime_call nmethod}
  0x0000022428b9a868: e9fb ffff 

  0x0000022428b9a86c: ;   {static_stub}
  0x0000022428b9a86c: ff48 bb00 | 0000 0000 

  0x0000022428b9a874: ;   {runtime_call nmethod}
  0x0000022428b9a874: 0000 00e9 | fbff ffff 

  0x0000022428b9a87c: ;   {static_stub}
  0x0000022428b9a87c: 48bb 0000 | 0000 0000 

  0x0000022428b9a884: ;   {runtime_call nmethod}
  0x0000022428b9a884: 0000 e9fb 

  0x0000022428b9a888: ;   {static_stub}
  0x0000022428b9a888: ffff ff48 | bb00 0000 | 0000 0000 

  0x0000022428b9a894: ;   {runtime_call nmethod}
  0x0000022428b9a894: 00e9 fbff 

  0x0000022428b9a898: ;   {static_stub}
  0x0000022428b9a898: ffff 48bb | 0000 0000 | 0000 0000 

  0x0000022428b9a8a4: ;   {runtime_call nmethod}
  0x0000022428b9a8a4: e9fb ffff 

  0x0000022428b9a8a8: ;   {static_stub}
  0x0000022428b9a8a8: ff48 bb00 | 0000 0000 

  0x0000022428b9a8b0: ;   {runtime_call nmethod}
  0x0000022428b9a8b0: 0000 00e9 | fbff ffff 

  0x0000022428b9a8b8: ;   {static_stub}
  0x0000022428b9a8b8: 48bb 0000 | 0000 0000 

  0x0000022428b9a8c0: ;   {runtime_call nmethod}
  0x0000022428b9a8c0: 0000 e9fb 

  0x0000022428b9a8c4: ;   {static_stub}
  0x0000022428b9a8c4: ffff ff48 | bb00 0000 | 0000 0000 

  0x0000022428b9a8d0: ;   {runtime_call nmethod}
  0x0000022428b9a8d0: 00e9 fbff 

  0x0000022428b9a8d4: ;   {static_stub}
  0x0000022428b9a8d4: ffff 48bb | 0000 0000 | 0000 0000 

  0x0000022428b9a8e0: ;   {runtime_call nmethod}
  0x0000022428b9a8e0: e9fb ffff 

  0x0000022428b9a8e4: ;   {static_stub}
  0x0000022428b9a8e4: ff48 bb00 | 0000 0000 

  0x0000022428b9a8ec: ;   {runtime_call nmethod}
  0x0000022428b9a8ec: 0000 00e9 | fbff ffff 

  0x0000022428b9a8f4: ;   {static_stub}
  0x0000022428b9a8f4: 48bb 0000 | 0000 0000 

  0x0000022428b9a8fc: ;   {runtime_call nmethod}
  0x0000022428b9a8fc: 0000 e9fb 

  0x0000022428b9a900: ;   {static_stub}
  0x0000022428b9a900: ffff ff48 | bb00 0000 | 0000 0000 

  0x0000022428b9a90c: ;   {runtime_call nmethod}
  0x0000022428b9a90c: 00e9 fbff 

  0x0000022428b9a910: ;   {static_stub}
  0x0000022428b9a910: ffff 48bb | 0000 0000 | 0000 0000 

  0x0000022428b9a91c: ;   {runtime_call nmethod}
  0x0000022428b9a91c: e9fb ffff 

  0x0000022428b9a920: ;   {static_stub}
  0x0000022428b9a920: ff48 bb00 | 0000 0000 

  0x0000022428b9a928: ;   {runtime_call nmethod}
  0x0000022428b9a928: 0000 00e9 | fbff ffff 

  0x0000022428b9a930: ;   {static_stub}
  0x0000022428b9a930: 48bb 0000 | 0000 0000 

  0x0000022428b9a938: ;   {runtime_call nmethod}
  0x0000022428b9a938: 0000 e9fb 

  0x0000022428b9a93c: ;   {runtime_call ExceptionBlob}
  0x0000022428b9a93c: ffff ffe9 | 3c6e 76ff 
[Deopt Handler Code]
  0x0000022428b9a944: e800 0000 | 0048 832c 

  0x0000022428b9a94c: ;   {runtime_call DeoptimizationBlob}
  0x0000022428b9a94c: 2405 e94d | a06a fff4 | f4f4 f4f4 
[/MachCode]


Compiled method (c2) 89043 5922       4       java.security.SecureClassLoader::defineClass (16 bytes)
 total in heap  [0x0000022428952f10,0x00000224289535f8] = 1768
 relocation     [0x0000022428953070,0x00000224289530d0] = 96
 main code      [0x00000224289530e0,0x0000022428953388] = 680
 stub code      [0x0000022428953388,0x00000224289533c0] = 56
 metadata       [0x00000224289533c0,0x00000224289533f0] = 48
 scopes data    [0x00000224289533f0,0x00000224289534c8] = 216
 scopes pcs     [0x00000224289534c8,0x0000022428953578] = 176
 dependencies   [0x0000022428953578,0x0000022428953580] = 8
 handler table  [0x0000022428953580,0x00000224289535e0] = 96
 nul chk table  [0x00000224289535e0,0x00000224289535f8] = 24

[Constant Pool (empty)]

[MachCode]
[Entry Point]
  # {method} {0x000002243504d3e8} 'defineClass' '(Ljava/lang/String;[BIILjava/security/CodeSource;)Ljava/lang/Class;' in 'java/security/SecureClassLoader'
  # this:     rdx:rdx   = 'java/security/SecureClassLoader'
  # parm0:    r8:r8     = 'java/lang/String'
  # parm1:    r9:r9     = '[B'
  # parm2:    rdi       = int
  # parm3:    rsi       = int
  # parm4:    rcx:rcx   = 'java/security/CodeSource'
  #           [sp+0x60]  (sp of caller)
  0x00000224289530e0: 448b 5208 | 49bb 0000 | 0035 2402 | 0000 4d03 | d349 3bc2 

  0x00000224289530f4: ;   {runtime_call ic_miss_stub}
  0x00000224289530f4: 0f85 86b6 | 8eff 6690 | 0f1f 4000 
[Verified Entry Point]
  0x0000022428953100: 8984 2400 | 80ff ff55 | 4883 ec50 | 4181 7f20 | 0700 0000 | 0f85 6202 | 0000 8974 | 241c 897c 
  0x0000022428953120: 2418 4c89 | 4c24 104c | 8944 2408 | 4889 1424 | 488b e948 | 85c9 0f84 | 7401 0000 | 4d8b 87b8 
  0x0000022428953140: 0100 004d | 8bd0 4983 | c210 4d3b | 97c8 0100 | 000f 831e | 0100 004d | 8997 b801 | 0000 410f 
  0x0000022428953160: 0d8a c000 | 0000 49c7 | 0001 0000 

  0x000002242895316c: ;   {metadata('java/security/SecureClassLoader$CodeSourceKey')}
  0x000002242895316c: 0041 c740 | 0820 c411 | 004c 8bdd | 4589 580c | 4d8b 8fb8 | 0100 004c | 8b14 2441 | 8b6a 504d 
  0x000002242895318c: 8bd1 4983 | c210 6666 | 0f1f 8400 | 0000 0000 | 6666 6690 | 4d3b 97c8 | 0100 000f | 839e 0000 
  0x00000224289531ac: 004d 8997 | b801 0000 | 410f 0d8a | c000 0000 | 49c7 0101 

  0x00000224289531c0: ;   {metadata('java/security/SecureClassLoader$1')}
  0x00000224289531c0: 0000 0041 | c741 08a8 | c911 004c | 8b14 244d | 8bda 4589 | 590c 448b | 5d08 660f | 1f44 0000 
  0x00000224289531e0: ;   {metadata('java/util/concurrent/ConcurrentHashMap')}
  0x00000224289531e0: 4181 fb80 | 4706 000f | 85a7 0000 | 0048 8bd5 

  0x00000224289531f0: ;   {optimized virtual_call}
  0x00000224289531f0: 6666 90e8 

  0x00000224289531f4: ; ImmutableOopMap {[0]=Oop [8]=Oop [16]=Oop }
                      ;*invokeinterface computeIfAbsent {reexecute=0 rethrow=0 return_oop=1}
                      ; - java.security.SecureClassLoader::getProtectionDomain@28 (line 222)
                      ; - java.security.SecureClassLoader::defineClass@9 (line 150)
  0x00000224289531f4: 08f6 e1f8 

  0x00000224289531f8: ;   {other}
  0x00000224289531f8: 0f1f 8400 | e802 0000 

  0x0000022428953200: ; implicit exception: dispatches to 0x0000022428953324
  0x0000022428953200: 448b 5008 

  0x0000022428953204: ;   {metadata('java/security/ProtectionDomain')}
  0x0000022428953204: 4181 faa8 | 5700 000f | 85b3 0000 | 0048 8bc8 | 488b 1424 | 4c8b 4424 | 084c 8b4c | 2410 8b7c 
  0x0000022428953224: 2418 8b74 

  0x0000022428953228: ;   {optimized virtual_call}
  0x0000022428953228: 241c 90e8 

  0x000002242895322c: ; ImmutableOopMap {}
                      ;*invokevirtual defineClass {reexecute=0 rethrow=0 return_oop=1}
                      ; - java.security.SecureClassLoader::defineClass@12 (line 150)
  0x000002242895322c: 5024 2400 

  0x0000022428953230: ;   {other}
  0x0000022428953230: 0f1f 8400 | 2003 0001 | 4883 c450 

  0x000002242895323c: ;   {poll_return}
  0x000002242895323c: 5d49 3ba7 | 4804 0000 | 0f87 1c01 

  0x0000022428953248: ;   {metadata('java/security/SecureClassLoader$1')}
  0x0000022428953248: 0000 c348 | baa8 c911 | 3524 0200 | 004c 8944 

  0x0000022428953258: ;   {runtime_call _new_instance_Java}
  0x0000022428953258: 2430 90e8 

  0x000002242895325c: ; ImmutableOopMap {rbp=NarrowOop [0]=Oop [8]=Oop [16]=Oop [48]=Oop }
                      ;*new {reexecute=0 rethrow=0 return_oop=1}
                      ; - java.security.SecureClassLoader::getProtectionDomain@20 (line 222)
                      ; - java.security.SecureClassLoader::defineClass@9 (line 150)
  0x000002242895325c: 209f 9bff 

  0x0000022428953260: ;   {other}
  0x0000022428953260: 0f1f 8400 | 5003 0002 | 4c8b c84c | 8b44 2430 | e956 ffff 

  0x0000022428953274: ;   {metadata('java/security/SecureClassLoader$CodeSourceKey')}
  0x0000022428953274: ff48 ba20 | c411 3524 

  0x000002242895327c: ;   {runtime_call _new_instance_Java}
  0x000002242895327c: 0200 00e8 

  0x0000022428953280: ; ImmutableOopMap {rbp=Oop [0]=Oop [8]=Oop [16]=Oop }
                      ;*new {reexecute=0 rethrow=0 return_oop=1}
                      ; - java.security.SecureClassLoader::getProtectionDomain@6 (line 221)
                      ; - java.security.SecureClassLoader::defineClass@9 (line 150)
  0x0000022428953280: fc9e 9bff 

  0x0000022428953284: ;   {other}
  0x0000022428953284: 0f1f 8400 | 7403 0003 | 4c8b c0e9 | e1fe ffff | bade ffff | ff4c 8944 | 2420 4c89 

  0x00000224289532a0: ;   {runtime_call UncommonTrapBlob}
  0x00000224289532a0: 4c24 28e8 

  0x00000224289532a4: ; ImmutableOopMap {rbp=NarrowOop [0]=Oop [8]=Oop [16]=Oop [32]=Oop [40]=Oop }
                      ;*invokeinterface computeIfAbsent {reexecute=0 rethrow=0 return_oop=0}
                      ; - java.security.SecureClassLoader::getProtectionDomain@28 (line 222)
                      ; - java.security.SecureClassLoader::defineClass@9 (line 150)
  0x00000224289532a4: 5813 8fff 

  0x00000224289532a8: ;   {other}
  0x00000224289532a8: 0f1f 8400 | 9803 0004 | ba45 ffff 

  0x00000224289532b4: ;   {runtime_call UncommonTrapBlob}
  0x00000224289532b4: ff66 90e8 

  0x00000224289532b8: ; ImmutableOopMap {rbp=Oop [0]=Oop [8]=Oop [16]=Oop }
                      ;*ifnonnull {reexecute=1 rethrow=0 return_oop=0}
                      ; - (reexecute) java.security.SecureClassLoader::getProtectionDomain@1 (line 213)
                      ; - java.security.SecureClassLoader::defineClass@9 (line 150)
  0x00000224289532b8: 4413 8fff 

  0x00000224289532bc: ;   {other}
  0x00000224289532bc: 0f1f 8400 | ac03 0005 | bade ffff | ff48 8b2c | 244c 8b54 | 2408 4c89 | 1424 4c8b | 5424 104c 
  0x00000224289532dc: 8954 2408 | 448b 5424 | 1844 8954 | 2410 448b | 5c24 1c44 | 895c 2414 | 4889 4424 

  0x00000224289532f8: ;   {runtime_call UncommonTrapBlob}
  0x00000224289532f8: 1866 90e8 

  0x00000224289532fc: ; ImmutableOopMap {rbp=Oop [0]=Oop [8]=Oop [24]=Oop }
                      ;*checkcast {reexecute=0 rethrow=0 return_oop=0}
                      ; - java.security.SecureClassLoader::getProtectionDomain@33 (line 222)
                      ; - java.security.SecureClassLoader::defineClass@9 (line 150)
  0x00000224289532fc: 0013 8fff 

  0x0000022428953300: ;   {other}
  0x0000022428953300: 0f1f 8400 | f003 0006 | baf6 ffff | ff49 8be8 | 4c89 0c24 

  0x0000022428953314: ;   {runtime_call UncommonTrapBlob}
  0x0000022428953314: 6666 90e8 

  0x0000022428953318: ; ImmutableOopMap {rbp=Oop [0]=Oop }
                      ;*invokeinterface computeIfAbsent {reexecute=0 rethrow=0 return_oop=0}
                      ; - java.security.SecureClassLoader::getProtectionDomain@28 (line 222)
                      ; - java.security.SecureClassLoader::defineClass@9 (line 150)
  0x0000022428953318: e412 8fff 

  0x000002242895331c: ;   {other}
  0x000002242895331c: 0f1f 8400 | 0c04 0007 | baf4 ffff | ff48 8b2c | 244c 8b54 | 2408 4c89 | 1424 4c8b | 5424 104c 
  0x000002242895333c: 8954 2408 

  0x0000022428953340: ;   {runtime_call UncommonTrapBlob}
  0x0000022428953340: 6666 90e8 

  0x0000022428953344: ; ImmutableOopMap {rbp=Oop [0]=Oop [8]=Oop }
                      ;*checkcast {reexecute=0 rethrow=0 return_oop=0}
                      ; - java.security.SecureClassLoader::getProtectionDomain@33 (line 222)
                      ; - java.security.SecureClassLoader::defineClass@9 (line 150)
  0x0000022428953344: b812 8fff 

  0x0000022428953348: ;   {other}
  0x0000022428953348: 0f1f 8400 | 3804 0008 | eb02 eb00 | 488b d0eb | 0348 8bd0 | 4883 c450 

  0x0000022428953360: ;   {runtime_call _rethrow_Java}
  0x0000022428953360: 5de9 1af3 

  0x0000022428953364: ;   {internal_word}
  0x0000022428953364: 9bff 49ba | 3d32 9528 | 2402 0000 | 4d89 9760 

  0x0000022428953374: ;   {runtime_call SafepointBlob}
  0x0000022428953374: 0400 00e9 | 8423 8fff 

  0x000002242895337c: ;   {runtime_call StubRoutines (final stubs)}
  0x000002242895337c: e8df 198d | ffe9 94fd | ffff f4f4 
[Stub Code]
  0x0000022428953388: ;   {no_reloc}
  0x0000022428953388: 48bb 0000 | 0000 0000 

  0x0000022428953390: ;   {runtime_call nmethod}
  0x0000022428953390: 0000 e9fb 

  0x0000022428953394: ;   {static_stub}
  0x0000022428953394: ffff ff48 | bb00 0000 | 0000 0000 

  0x00000224289533a0: ;   {runtime_call nmethod}
  0x00000224289533a0: 00e9 fbff 

  0x00000224289533a4: ;   {runtime_call ExceptionBlob}
  0x00000224289533a4: ffff e9d5 | e39a ffe8 | 0000 0000 | 4883 2c24 

  0x00000224289533b4: ;   {runtime_call DeoptimizationBlob}
  0x00000224289533b4: 05e9 e615 | 8fff f4f4 | f4f4 f4f4 
[/MachCode]


---------------  P R O C E S S  ---------------

Threads class SMR info:
_java_thread_list=0x000002247cfba6b0, length=19, elements={
0x000002241b059b00, 0x000002243494b2f0, 0x000002243494c760, 0x000002243494fa90,
0x0000022434952480, 0x0000022434952ae0, 0x0000022434957150, 0x0000022434957ae0,
0x0000022434986fd0, 0x0000022434b84f50, 0x0000022434b8c0b0, 0x000002247ac3f5b0,
0x000002247b091ae0, 0x0000022434ac3760, 0x000002247d7de110, 0x0000022434d371d0,
0x0000022434d37830, 0x000002247d0f1bc0, 0x000002247d0f3c90
}

Java Threads: ( => current thread )
  0x000002241b059b00 JavaThread "main"                              [_thread_blocked, id=8828, stack(0x0000005221400000,0x0000005221500000) (1024K)]
  0x000002243494b2f0 JavaThread "Reference Handler"          daemon [_thread_blocked, id=7224, stack(0x0000005221c00000,0x0000005221d00000) (1024K)]
  0x000002243494c760 JavaThread "Finalizer"                  daemon [_thread_blocked, id=10624, stack(0x0000005221d00000,0x0000005221e00000) (1024K)]
  0x000002243494fa90 JavaThread "Signal Dispatcher"          daemon [_thread_blocked, id=4800, stack(0x0000005221e00000,0x0000005221f00000) (1024K)]
  0x0000022434952480 JavaThread "Attach Listener"            daemon [_thread_blocked, id=11572, stack(0x0000005221f00000,0x0000005222000000) (1024K)]
  0x0000022434952ae0 JavaThread "Service Thread"             daemon [_thread_blocked, id=2996, stack(0x0000005222000000,0x0000005222100000) (1024K)]
  0x0000022434957150 JavaThread "Monitor Deflation Thread"   daemon [_thread_blocked, id=16676, stack(0x0000005222100000,0x0000005222200000) (1024K)]
  0x0000022434957ae0 JavaThread "C2 CompilerThread0"         daemon [_thread_blocked, id=5784, stack(0x0000005222200000,0x0000005222300000) (1024K)]
  0x0000022434986fd0 JavaThread "C1 CompilerThread0"         daemon [_thread_blocked, id=7616, stack(0x0000005222300000,0x0000005222400000) (1024K)]
  0x0000022434b84f50 JavaThread "Notification Thread"        daemon [_thread_blocked, id=8668, stack(0x0000005222400000,0x0000005222500000) (1024K)]
  0x0000022434b8c0b0 JavaThread "Common-Cleaner"             daemon [_thread_blocked, id=4960, stack(0x0000005222500000,0x0000005222600000) (1024K)]
  0x000002247ac3f5b0 JavaThread "Thread-0"                          [_thread_blocked, id=8256, stack(0x0000005222900000,0x0000005222a00000) (1024K)]
=>0x000002247b091ae0 JavaThread "restartedMain"                     [_thread_in_vm, id=7504, stack(0x0000005222a00000,0x0000005222b00000) (1024K)]
  0x0000022434ac3760 JavaThread "Keep-Alive-Timer"           daemon [_thread_blocked, id=15784, stack(0x0000005222c00000,0x0000005222d00000) (1024K)]
  0x000002247d7de110 JavaThread "Catalina-utility-1"                [_thread_blocked, id=4260, stack(0x0000005222f00000,0x0000005223000000) (1024K)]
  0x0000022434d371d0 JavaThread "Catalina-utility-2"                [_thread_blocked, id=11064, stack(0x0000005223000000,0x0000005223100000) (1024K)]
  0x0000022434d37830 JavaThread "container-0"                       [_thread_blocked, id=9536, stack(0x0000005223100000,0x0000005223200000) (1024K)]
  0x000002247d0f1bc0 JavaThread "mysql-cj-abandoned-connection-cleanup" daemon [_thread_blocked, id=11780, stack(0x0000005223200000,0x0000005223300000) (1024K)]
  0x000002247d0f3c90 JavaThread "HikariPool-1:housekeeper"   daemon [_thread_blocked, id=4376, stack(0x0000005221200000,0x0000005221300000) (1024K)]
Total: 19

Other Threads:
  0x000002243492be90 VMThread "VM Thread"                           [id=2980, stack(0x0000005221b00000,0x0000005221c00000) (1024K)] _threads_hazard_ptr=0x000002247cfba6b0
  0x000002243491a660 WatcherThread "VM Periodic Task Thread"        [id=13600, stack(0x0000005221a00000,0x0000005221b00000) (1024K)]
  0x000002241d37fb30 WorkerThread "GC Thread#0"                     [id=16880, stack(0x0000005221500000,0x0000005221600000) (1024K)]
  0x0000022434d5b8c0 WorkerThread "GC Thread#1"                     [id=13456, stack(0x0000005222600000,0x0000005222700000) (1024K)]
  0x0000022434d5bc60 WorkerThread "GC Thread#2"                     [id=7104, stack(0x0000005222700000,0x0000005222800000) (1024K)]
  0x000002247ad8ffc0 WorkerThread "GC Thread#3"                     [id=3668, stack(0x0000005222800000,0x0000005222900000) (1024K)]
  0x000002241d390890 ConcurrentGCThread "G1 Main Marker"            [id=3108, stack(0x0000005221600000,0x0000005221700000) (1024K)]
  0x000002241d391540 WorkerThread "G1 Conc#0"                       [id=10020, stack(0x0000005221700000,0x0000005221800000) (1024K)]
  0x00000224347db530 ConcurrentGCThread "G1 Refine#0"               [id=16884, stack(0x0000005221800000,0x0000005221900000) (1024K)]
  0x00000224347dd970 ConcurrentGCThread "G1 Service"                [id=15260, stack(0x0000005221900000,0x0000005221a00000) (1024K)]
Total: 10

Threads with active compile tasks:
Total: 0

VM state: synchronizing (normal execution)

VM Mutex/Monitor currently owned by a thread:  ([mutex/lock_event])
[0x00007ffe6d4cc308] Metaspace_lock - owner thread: 0x000002247b091ae0
[0x00007ffe6d4ce308] Threads_lock - owner thread: 0x000002243492be90

Heap address: 0x0000000081400000, size: 2028 MB, Compressed Oops mode: 32-bit

CDS archive(s) mapped at: [0x0000022435000000-0x0000022435c80000-0x0000022435c80000), size 13107200, SharedBaseAddress: 0x0000022435000000, ArchiveRelocationMode: 1.
Compressed class space mapped at: 0x0000022436000000-0x0000022476000000, reserved size: 1073741824
Narrow klass base: 0x0000022435000000, Narrow klass shift: 0, Narrow klass range: 0x100000000

GC Precious Log:
 CardTable entry size: 512
 Card Set container configuration: InlinePtr #cards 5 size 8 Array Of Cards #cards 12 size 40 Howl #buckets 4 coarsen threshold 1843 Howl Bitmap #cards 512 size 80 coarsen threshold 460 Card regions per heap region 1 cards per card region 2048
 CPUs: 4 total, 4 available
 Memory: 8108M
 Large Page Support: Disabled
 NUMA Support: Disabled
 Compressed Oops: Enabled (32-bit)
 Heap Region Size: 1M
 Heap Min Capacity: 8M
 Heap Initial Capacity: 128M
 Heap Max Capacity: 2028M
 Pre-touch: Disabled
 Parallel Workers: 4
 Concurrent Workers: 1
 Concurrent Refinement Workers: 4
 Periodic GC: Disabled

Heap:
 garbage-first heap   total 75776K, used 64378K [0x0000000081400000, 0x0000000100000000)
  region size 1024K, 28 young (28672K), 4 survivors (4096K)
 Metaspace       used 62111K, committed 62784K, reserved 1114112K
  class space    used 8263K, committed 8576K, reserved 1048576K

Heap Regions: E=young(eden), S=young(survivor), O=old, HS=humongous(starts), HC=humongous(continues), CS=collection set, F=free, TAMS=top-at-mark-start, PB=parsable bottom
|   0|0x0000000081400000, 0x0000000081500000, 0x0000000081500000|100%|HS|  |TAMS 0x0000000081400000| PB 0x0000000081400000| Complete 
|   1|0x0000000081500000, 0x0000000081600000, 0x0000000081600000|100%|HS|  |TAMS 0x0000000081500000| PB 0x0000000081500000| Complete 
|   2|0x0000000081600000, 0x0000000081700000, 0x0000000081700000|100%|HS|  |TAMS 0x0000000081600000| PB 0x0000000081600000| Complete 
|   3|0x0000000081700000, 0x0000000081800000, 0x0000000081800000|100%| O|  |TAMS 0x0000000081700000| PB 0x0000000081700000| Untracked 
|   4|0x0000000081800000, 0x0000000081900000, 0x0000000081900000|100%| O|  |TAMS 0x0000000081800000| PB 0x0000000081800000| Untracked 
|   5|0x0000000081900000, 0x0000000081a00000, 0x0000000081a00000|100%| O|  |TAMS 0x0000000081900000| PB 0x0000000081900000| Untracked 
|   6|0x0000000081a00000, 0x0000000081b00000, 0x0000000081b00000|100%| O|Cm|TAMS 0x0000000081a00000| PB 0x0000000081a00000| Complete 
|   7|0x0000000081b00000, 0x0000000081c00000, 0x0000000081c00000|100%| O|  |TAMS 0x0000000081b00000| PB 0x0000000081b00000| Untracked 
|   8|0x0000000081c00000, 0x0000000081d00000, 0x0000000081d00000|100%| O|  |TAMS 0x0000000081c00000| PB 0x0000000081c00000| Untracked 
|   9|0x0000000081d00000, 0x0000000081e00000, 0x0000000081e00000|100%| O|  |TAMS 0x0000000081d00000| PB 0x0000000081d00000| Untracked 
|  10|0x0000000081e00000, 0x0000000081f00000, 0x0000000081f00000|100%| O|  |TAMS 0x0000000081e00000| PB 0x0000000081e00000| Untracked 
|  11|0x0000000081f00000, 0x0000000082000000, 0x0000000082000000|100%| O|  |TAMS 0x0000000081f00000| PB 0x0000000081f00000| Untracked 
|  12|0x0000000082000000, 0x0000000082100000, 0x0000000082100000|100%| O|  |TAMS 0x0000000082000000| PB 0x0000000082000000| Untracked 
|  13|0x0000000082100000, 0x0000000082200000, 0x0000000082200000|100%| O|  |TAMS 0x0000000082100000| PB 0x0000000082100000| Untracked 
|  14|0x0000000082200000, 0x0000000082300000, 0x0000000082300000|100%| O|  |TAMS 0x0000000082200000| PB 0x0000000082200000| Untracked 
|  15|0x0000000082300000, 0x0000000082400000, 0x0000000082400000|100%| O|  |TAMS 0x0000000082300000| PB 0x0000000082300000| Untracked 
|  16|0x0000000082400000, 0x0000000082500000, 0x0000000082500000|100%| O|  |TAMS 0x0000000082400000| PB 0x0000000082400000| Untracked 
|  17|0x0000000082500000, 0x0000000082600000, 0x0000000082600000|100%| O|  |TAMS 0x0000000082500000| PB 0x0000000082500000| Untracked 
|  18|0x0000000082600000, 0x0000000082700000, 0x0000000082700000|100%| O|  |TAMS 0x0000000082600000| PB 0x0000000082600000| Untracked 
|  19|0x0000000082700000, 0x0000000082800000, 0x0000000082800000|100%| O|  |TAMS 0x0000000082700000| PB 0x0000000082700000| Untracked 
|  20|0x0000000082800000, 0x0000000082900000, 0x0000000082900000|100%| O|  |TAMS 0x0000000082800000| PB 0x0000000082800000| Untracked 
|  21|0x0000000082900000, 0x0000000082a00000, 0x0000000082a00000|100%| O|  |TAMS 0x0000000082900000| PB 0x0000000082900000| Untracked 
|  22|0x0000000082a00000, 0x0000000082b00000, 0x0000000082b00000|100%| O|  |TAMS 0x0000000082a00000| PB 0x0000000082a00000| Untracked 
|  23|0x0000000082b00000, 0x0000000082c00000, 0x0000000082c00000|100%| O|  |TAMS 0x0000000082b00000| PB 0x0000000082b00000| Untracked 
|  24|0x0000000082c00000, 0x0000000082d00000, 0x0000000082d00000|100%| O|  |TAMS 0x0000000082c00000| PB 0x0000000082c00000| Untracked 
|  25|0x0000000082d00000, 0x0000000082e00000, 0x0000000082e00000|100%| O|  |TAMS 0x0000000082d00000| PB 0x0000000082d00000| Untracked 
|  26|0x0000000082e00000, 0x0000000082f00000, 0x0000000082f00000|100%| O|  |TAMS 0x0000000082e00000| PB 0x0000000082e00000| Untracked 
|  27|0x0000000082f00000, 0x0000000083000000, 0x0000000083000000|100%| O|  |TAMS 0x0000000082f00000| PB 0x0000000082f00000| Untracked 
|  28|0x0000000083000000, 0x0000000083100000, 0x0000000083100000|100%| O|  |TAMS 0x0000000083000000| PB 0x0000000083000000| Untracked 
|  29|0x0000000083100000, 0x00000000831de890, 0x0000000083200000| 86%| O|  |TAMS 0x0000000083100000| PB 0x0000000083100000| Untracked 
|  30|0x0000000083200000, 0x0000000083300000, 0x0000000083300000|100%| O|  |TAMS 0x0000000083200000| PB 0x0000000083200000| Untracked 
|  31|0x0000000083300000, 0x0000000083400000, 0x0000000083400000|100%| O|  |TAMS 0x0000000083300000| PB 0x0000000083300000| Untracked 
|  32|0x0000000083400000, 0x0000000083500000, 0x0000000083500000|100%| O|  |TAMS 0x0000000083400000| PB 0x0000000083400000| Untracked 
|  33|0x0000000083500000, 0x0000000083600000, 0x0000000083600000|100%| O|  |TAMS 0x0000000083500000| PB 0x0000000083500000| Untracked 
|  34|0x0000000083600000, 0x0000000083600000, 0x0000000083700000|  0%| F|  |TAMS 0x0000000083600000| PB 0x0000000083600000| Untracked 
|  35|0x0000000083700000, 0x0000000083700000, 0x0000000083800000|  0%| F|  |TAMS 0x0000000083700000| PB 0x0000000083700000| Untracked 
|  36|0x0000000083800000, 0x0000000083900000, 0x0000000083900000|100%| O|  |TAMS 0x0000000083800000| PB 0x0000000083800000| Untracked 
|  37|0x0000000083900000, 0x0000000083900000, 0x0000000083a00000|  0%| F|  |TAMS 0x0000000083900000| PB 0x0000000083900000| Untracked 
|  38|0x0000000083a00000, 0x0000000083b00000, 0x0000000083b00000|100%| S|CS|TAMS 0x0000000083a00000| PB 0x0000000083a00000| Complete 
|  39|0x0000000083b00000, 0x0000000083c00000, 0x0000000083c00000|100%| S|CS|TAMS 0x0000000083b00000| PB 0x0000000083b00000| Complete 
|  40|0x0000000083c00000, 0x0000000083d00000, 0x0000000083d00000|100%| S|CS|TAMS 0x0000000083c00000| PB 0x0000000083c00000| Complete 
|  41|0x0000000083d00000, 0x0000000083e00000, 0x0000000083e00000|100%| S|CS|TAMS 0x0000000083d00000| PB 0x0000000083d00000| Complete 
|  42|0x0000000083e00000, 0x0000000083e00000, 0x0000000083f00000|  0%| F|  |TAMS 0x0000000083e00000| PB 0x0000000083e00000| Untracked 
|  43|0x0000000083f00000, 0x0000000083f00000, 0x0000000084000000|  0%| F|  |TAMS 0x0000000083f00000| PB 0x0000000083f00000| Untracked 
|  44|0x0000000084000000, 0x0000000084000000, 0x0000000084100000|  0%| F|  |TAMS 0x0000000084000000| PB 0x0000000084000000| Untracked 
|  45|0x0000000084100000, 0x0000000084100000, 0x0000000084200000|  0%| F|  |TAMS 0x0000000084100000| PB 0x0000000084100000| Untracked 
|  46|0x0000000084200000, 0x0000000084200000, 0x0000000084300000|  0%| F|  |TAMS 0x0000000084200000| PB 0x0000000084200000| Untracked 
|  47|0x0000000084300000, 0x0000000084300000, 0x0000000084400000|  0%| F|  |TAMS 0x0000000084300000| PB 0x0000000084300000| Untracked 
|  48|0x0000000084400000, 0x0000000084400000, 0x0000000084500000|  0%| F|  |TAMS 0x0000000084400000| PB 0x0000000084400000| Untracked 
|  49|0x0000000084500000, 0x0000000084507510, 0x0000000084600000|  2%| E|  |TAMS 0x0000000084500000| PB 0x0000000084500000| Complete 
|  50|0x0000000084600000, 0x0000000084700000, 0x0000000084700000|100%| E|CS|TAMS 0x0000000084600000| PB 0x0000000084600000| Complete 
|  51|0x0000000084700000, 0x0000000084800000, 0x0000000084800000|100%| E|CS|TAMS 0x0000000084700000| PB 0x0000000084700000| Complete 
|  52|0x0000000084800000, 0x0000000084900000, 0x0000000084900000|100%| E|CS|TAMS 0x0000000084800000| PB 0x0000000084800000| Complete 
|  53|0x0000000084900000, 0x0000000084a00000, 0x0000000084a00000|100%| E|CS|TAMS 0x0000000084900000| PB 0x0000000084900000| Complete 
|  54|0x0000000084a00000, 0x0000000084b00000, 0x0000000084b00000|100%| E|CS|TAMS 0x0000000084a00000| PB 0x0000000084a00000| Complete 
|  55|0x0000000084b00000, 0x0000000084c00000, 0x0000000084c00000|100%| E|CS|TAMS 0x0000000084b00000| PB 0x0000000084b00000| Complete 
|  56|0x0000000084c00000, 0x0000000084d00000, 0x0000000084d00000|100%| E|CS|TAMS 0x0000000084c00000| PB 0x0000000084c00000| Complete 
|  57|0x0000000084d00000, 0x0000000084e00000, 0x0000000084e00000|100%| E|CS|TAMS 0x0000000084d00000| PB 0x0000000084d00000| Complete 
|  58|0x0000000084e00000, 0x0000000084f00000, 0x0000000084f00000|100%| E|CS|TAMS 0x0000000084e00000| PB 0x0000000084e00000| Complete 
|  59|0x0000000084f00000, 0x0000000085000000, 0x0000000085000000|100%| E|CS|TAMS 0x0000000084f00000| PB 0x0000000084f00000| Complete 
|  60|0x0000000085000000, 0x0000000085100000, 0x0000000085100000|100%| E|CS|TAMS 0x0000000085000000| PB 0x0000000085000000| Complete 
|  61|0x0000000085100000, 0x0000000085200000, 0x0000000085200000|100%| E|CS|TAMS 0x0000000085100000| PB 0x0000000085100000| Complete 
|  62|0x0000000085200000, 0x0000000085300000, 0x0000000085300000|100%| E|CS|TAMS 0x0000000085200000| PB 0x0000000085200000| Complete 
|  63|0x0000000085300000, 0x0000000085400000, 0x0000000085400000|100%| E|CS|TAMS 0x0000000085300000| PB 0x0000000085300000| Complete 
|  64|0x0000000085400000, 0x0000000085500000, 0x0000000085500000|100%| E|CS|TAMS 0x0000000085400000| PB 0x0000000085400000| Complete 
|  65|0x0000000085500000, 0x0000000085600000, 0x0000000085600000|100%| E|CS|TAMS 0x0000000085500000| PB 0x0000000085500000| Complete 
|  90|0x0000000086e00000, 0x0000000086f00000, 0x0000000086f00000|100%| E|CS|TAMS 0x0000000086e00000| PB 0x0000000086e00000| Complete 
|  91|0x0000000086f00000, 0x0000000087000000, 0x0000000087000000|100%| E|CS|TAMS 0x0000000086f00000| PB 0x0000000086f00000| Complete 
|  92|0x0000000087000000, 0x0000000087100000, 0x0000000087100000|100%| E|CS|TAMS 0x0000000087000000| PB 0x0000000087000000| Complete 
|  93|0x0000000087100000, 0x0000000087200000, 0x0000000087200000|100%| E|CS|TAMS 0x0000000087100000| PB 0x0000000087100000| Complete 
|  94|0x0000000087200000, 0x0000000087300000, 0x0000000087300000|100%| E|CS|TAMS 0x0000000087200000| PB 0x0000000087200000| Complete 
|  95|0x0000000087300000, 0x0000000087400000, 0x0000000087400000|100%| E|CS|TAMS 0x0000000087300000| PB 0x0000000087300000| Complete 
|  96|0x0000000087400000, 0x0000000087500000, 0x0000000087500000|100%| E|CS|TAMS 0x0000000087400000| PB 0x0000000087400000| Complete 
|2027|0x00000000fff00000, 0x0000000100000000, 0x0000000100000000|100%| O|  |TAMS 0x00000000fff00000| PB 0x00000000fff00000| Untracked 

Card table byte_map: [0x00000224300c0000,0x00000224304c0000] _byte_map_base: 0x000002242fcb6000

Marking Bits: (CMBitMap*) 0x000002241d380230
 Bits: [0x00000224304c0000, 0x0000022432470000)

Polling page: 0x000002241afe0000

Metaspace:

Usage:
  Non-class:     52.58 MB used.
      Class:      8.07 MB used.
       Both:     60.66 MB used.

Virtual space:
  Non-class space:       64.00 MB reserved,      52.94 MB ( 83%) committed,  1 nodes.
      Class space:        1.00 GB reserved,       8.38 MB ( <1%) committed,  1 nodes.
             Both:        1.06 GB reserved,      61.31 MB (  6%) committed. 

Chunk freelists:
   Non-Class:  10.73 MB
       Class:  7.45 MB
        Both:  18.19 MB

MaxMetaspaceSize: unlimited
CompressedClassSpaceSize: 1.00 GB
Initial GC threshold: 21.00 MB
Current GC threshold: 79.31 MB
CDS: on
 - commit_granule_bytes: 65536.
 - commit_granule_words: 8192.
 - virtual_space_node_default_size: 8388608.
 - enlarge_chunks_in_place: 1.
 - use_allocation_guard: 0.


Internal statistics:

num_allocs_failed_limit: 6.
num_arena_births: 896.
num_arena_deaths: 0.
num_vsnodes_births: 2.
num_vsnodes_deaths: 0.
num_space_committed: 981.
num_space_uncommitted: 0.
num_chunks_returned_to_freelist: 6.
num_chunks_taken_from_freelist: 3145.
num_chunk_merges: 6.
num_chunk_splits: 2246.
num_chunks_enlarged: 1739.
num_inconsistent_stats: 0.

CodeHeap 'non-profiled nmethods': size=120000Kb used=4122Kb max_used=4424Kb free=115877Kb
 bounds [0x0000022428790000, 0x0000022428bf0000, 0x000002242fcc0000]
CodeHeap 'profiled nmethods': size=120000Kb used=10549Kb max_used=11380Kb free=109450Kb
 bounds [0x0000022420cc0000, 0x00000224217e0000, 0x00000224281f0000]
CodeHeap 'non-nmethods': size=5760Kb used=1610Kb max_used=1637Kb free=4149Kb
 bounds [0x00000224281f0000, 0x0000022428460000, 0x0000022428790000]
 total_blobs=5932 nmethods=5269 adapters=567
 compilation: enabled
              stopped_count=0, restarted_count=0
 full_count=0

Compilation events (20 events):
Event: 87.352 Thread 0x0000022434986fd0 nmethod 6186 0x0000022420e1df90 code [0x0000022420e1e160, 0x0000022420e1e370]
Event: 87.352 Thread 0x0000022434986fd0 6188       3       net.bytebuddy.description.type.TypeDescription$Generic$Visitor$Substitutor::<init> (5 bytes)
Event: 87.352 Thread 0x0000022434986fd0 nmethod 6188 0x0000022421465e90 code [0x0000022421466040, 0x00000224214661a8]
Event: 87.352 Thread 0x0000022434986fd0 6187       3       sun.invoke.util.ValueConversions::boxBoolean (5 bytes)
Event: 87.352 Thread 0x0000022434986fd0 nmethod 6187 0x00000224214cfb10 code [0x00000224214cfcc0, 0x00000224214cfe80]
Event: 87.352 Thread 0x0000022434986fd0 6190       3       net.bytebuddy.jar.asm.SymbolTable::get (13 bytes)
Event: 87.352 Thread 0x0000022434986fd0 nmethod 6190 0x00000224214e0410 code [0x00000224214e05c0, 0x00000224214e0718]
Event: 87.352 Thread 0x0000022434986fd0 6189       3       net.bytebuddy.jar.asm.SymbolTable::hash (10 bytes)
Event: 87.353 Thread 0x0000022434986fd0 nmethod 6189 0x00000224214e1e90 code [0x00000224214e2040, 0x00000224214e2170]
Event: 87.356 Thread 0x0000022434957ae0 nmethod 6172 0x00000224288d1910 code [0x00000224288d1ae0, 0x00000224288d1e58]
Event: 87.366 Thread 0x0000022434986fd0 6191       3       net.bytebuddy.implementation.bytecode.StackManipulation$Compound::isValid (45 bytes)
Event: 87.366 Thread 0x0000022434986fd0 nmethod 6191 0x0000022420e1d590 code [0x0000022420e1d7a0, 0x0000022420e1dde0]
Event: 87.366 Thread 0x0000022434986fd0 6192       3       java.lang.invoke.LambdaForm$DMH/0x0000022436136c00::invokeInterface (25 bytes)
Event: 87.366 Thread 0x0000022434986fd0 nmethod 6192 0x0000022420e1cb10 code [0x0000022420e1cd00, 0x0000022420e1d440]
Event: 87.386 Thread 0x0000022434957ae0 6193       4       net.bytebuddy.description.type.TypeDescription$AbstractBase::getSort (4 bytes)
Event: 87.386 Thread 0x0000022434957ae0 nmethod 6193 0x00000224288d1610 code [0x00000224288d17a0, 0x00000224288d1830]
Event: 87.386 Thread 0x0000022434986fd0 6194       3       net.bytebuddy.description.type.TypeDescription$Generic$Visitor$Substitutor$ForAttachment::<init> (15 bytes)
Event: 87.387 Thread 0x0000022434986fd0 nmethod 6194 0x0000022420fc9d10 code [0x0000022420fc9ec0, 0x0000022420fca140]
Event: 87.387 Thread 0x0000022434986fd0 6195       3       net.bytebuddy.description.type.TypeDescription$Generic$Visitor$Substitutor::onNonGenericType (41 bytes)
Event: 87.387 Thread 0x0000022434986fd0 nmethod 6195 0x0000022420fc9310 code [0x0000022420fc9520, 0x0000022420fc9b58]

GC Heap History (20 events):
Event: 7.052 GC heap before
{Heap before GC invocations=3 (full 0):
 garbage-first heap   total 131072K, used 54537K [0x0000000081400000, 0x0000000100000000)
  region size 1024K, 40 young (40960K), 2 survivors (2048K)
 Metaspace       used 13254K, committed 13568K, reserved 1114112K
  class space    used 1514K, committed 1664K, reserved 1048576K
}
Event: 7.062 GC heap after
{Heap after GC invocations=4 (full 0):
 garbage-first heap   total 131072K, used 18291K [0x0000000081400000, 0x0000000100000000)
  region size 1024K, 5 young (5120K), 5 survivors (5120K)
 Metaspace       used 13254K, committed 13568K, reserved 1114112K
  class space    used 1514K, committed 1664K, reserved 1048576K
}
Event: 24.883 GC heap before
{Heap before GC invocations=4 (full 0):
 garbage-first heap   total 131072K, used 47987K [0x0000000081400000, 0x0000000100000000)
  region size 1024K, 36 young (36864K), 5 survivors (5120K)
 Metaspace       used 21104K, committed 21504K, reserved 1114112K
  class space    used 2559K, committed 2752K, reserved 1048576K
}
Event: 24.897 GC heap after
{Heap after GC invocations=5 (full 0):
 garbage-first heap   total 131072K, used 20836K [0x0000000081400000, 0x0000000100000000)
  region size 1024K, 7 young (7168K), 7 survivors (7168K)
 Metaspace       used 21104K, committed 21504K, reserved 1114112K
  class space    used 2559K, committed 2752K, reserved 1048576K
}
Event: 30.098 GC heap before
{Heap before GC invocations=6 (full 0):
 garbage-first heap   total 71680K, used 56676K [0x0000000081400000, 0x0000000100000000)
  region size 1024K, 42 young (43008K), 7 survivors (7168K)
 Metaspace       used 25528K, committed 25984K, reserved 1114112K
  class space    used 3060K, committed 3264K, reserved 1048576K
}
Event: 30.119 GC heap after
{Heap after GC invocations=7 (full 0):
 garbage-first heap   total 71680K, used 24275K [0x0000000081400000, 0x0000000100000000)
  region size 1024K, 6 young (6144K), 6 survivors (6144K)
 Metaspace       used 25528K, committed 25984K, reserved 1114112K
  class space    used 3060K, committed 3264K, reserved 1048576K
}
Event: 35.344 GC heap before
{Heap before GC invocations=7 (full 0):
 garbage-first heap   total 71680K, used 57043K [0x0000000081400000, 0x0000000100000000)
  region size 1024K, 38 young (38912K), 6 survivors (6144K)
 Metaspace       used 28139K, committed 28544K, reserved 1114112K
  class space    used 3407K, committed 3584K, reserved 1048576K
}
Event: 35.358 GC heap after
{Heap after GC invocations=8 (full 0):
 garbage-first heap   total 71680K, used 26238K [0x0000000081400000, 0x0000000100000000)
  region size 1024K, 3 young (3072K), 3 survivors (3072K)
 Metaspace       used 28139K, committed 28544K, reserved 1114112K
  class space    used 3407K, committed 3584K, reserved 1048576K
}
Event: 42.220 GC heap before
{Heap before GC invocations=8 (full 0):
 garbage-first heap   total 71680K, used 59006K [0x0000000081400000, 0x0000000100000000)
  region size 1024K, 35 young (35840K), 3 survivors (3072K)
 Metaspace       used 31953K, committed 32384K, reserved 1114112K
  class space    used 4035K, committed 4224K, reserved 1048576K
}
Event: 42.232 GC heap after
{Heap after GC invocations=9 (full 0):
 garbage-first heap   total 71680K, used 27752K [0x0000000081400000, 0x0000000100000000)
  region size 1024K, 5 young (5120K), 5 survivors (5120K)
 Metaspace       used 31953K, committed 32384K, reserved 1114112K
  class space    used 4035K, committed 4224K, reserved 1048576K
}
Event: 47.310 GC heap before
{Heap before GC invocations=9 (full 0):
 garbage-first heap   total 71680K, used 50280K [0x0000000081400000, 0x0000000100000000)
  region size 1024K, 28 young (28672K), 5 survivors (5120K)
 Metaspace       used 35496K, committed 35968K, reserved 1114112K
  class space    used 4514K, committed 4736K, reserved 1048576K
}
Event: 47.325 GC heap after
{Heap after GC invocations=10 (full 0):
 garbage-first heap   total 71680K, used 30614K [0x0000000081400000, 0x0000000100000000)
  region size 1024K, 5 young (5120K), 5 survivors (5120K)
 Metaspace       used 35496K, committed 35968K, reserved 1114112K
  class space    used 4514K, committed 4736K, reserved 1048576K
}
Event: 49.580 GC heap before
{Heap before GC invocations=11 (full 0):
 garbage-first heap   total 71680K, used 65430K [0x0000000081400000, 0x0000000100000000)
  region size 1024K, 34 young (34816K), 5 survivors (5120K)
 Metaspace       used 37727K, committed 38208K, reserved 1114112K
  class space    used 4806K, committed 4992K, reserved 1048576K
}
Event: 49.594 GC heap after
{Heap after GC invocations=12 (full 0):
 garbage-first heap   total 75776K, used 35432K [0x0000000081400000, 0x0000000100000000)
  region size 1024K, 5 young (5120K), 5 survivors (5120K)
 Metaspace       used 37727K, committed 38208K, reserved 1114112K
  class space    used 4806K, committed 4992K, reserved 1048576K
}
Event: 60.503 GC heap before
{Heap before GC invocations=12 (full 0):
 garbage-first heap   total 75776K, used 65128K [0x0000000081400000, 0x0000000100000000)
  region size 1024K, 33 young (33792K), 5 survivors (5120K)
 Metaspace       used 41237K, committed 41856K, reserved 1114112K
  class space    used 5279K, committed 5568K, reserved 1048576K
}
Event: 60.520 GC heap after
{Heap after GC invocations=13 (full 0):
 garbage-first heap   total 75776K, used 37270K [0x0000000081400000, 0x0000000100000000)
  region size 1024K, 3 young (3072K), 3 survivors (3072K)
 Metaspace       used 41237K, committed 41856K, reserved 1114112K
  class space    used 5279K, committed 5568K, reserved 1048576K
}
Event: 73.043 GC heap before
{Heap before GC invocations=13 (full 0):
 garbage-first heap   total 75776K, used 64918K [0x0000000081400000, 0x0000000100000000)
  region size 1024K, 30 young (30720K), 3 survivors (3072K)
 Metaspace       used 47957K, committed 48576K, reserved 1114112K
  class space    used 6317K, committed 6592K, reserved 1048576K
}
Event: 73.059 GC heap after
{Heap after GC invocations=14 (full 0):
 garbage-first heap   total 75776K, used 38371K [0x0000000081400000, 0x0000000100000000)
  region size 1024K, 4 young (4096K), 4 survivors (4096K)
 Metaspace       used 47957K, committed 48576K, reserved 1114112K
  class space    used 6317K, committed 6592K, reserved 1048576K
}
Event: 84.180 GC heap before
{Heap before GC invocations=15 (full 0):
 garbage-first heap   total 75776K, used 66019K [0x0000000081400000, 0x0000000100000000)
  region size 1024K, 31 young (31744K), 4 survivors (4096K)
 Metaspace       used 55211K, committed 55936K, reserved 1114112K
  class space    used 7201K, committed 7552K, reserved 1048576K
}
Event: 84.190 GC heap after
{Heap after GC invocations=16 (full 0):
 garbage-first heap   total 75776K, used 40826K [0x0000000081400000, 0x0000000100000000)
  region size 1024K, 4 young (4096K), 4 survivors (4096K)
 Metaspace       used 55211K, committed 55936K, reserved 1114112K
  class space    used 7201K, committed 7552K, reserved 1048576K
}

Dll operation events (11 events):
Event: 0.012 Loaded shared library C:\Users\Shree\.p2\pool\plugins\org.eclipse.justj.openjdk.hotspot.jre.full.win32.x86_64_21.0.7.v20250502-0916\jre\bin\java.dll
Event: 0.075 Loaded shared library C:\Users\Shree\.p2\pool\plugins\org.eclipse.justj.openjdk.hotspot.jre.full.win32.x86_64_21.0.7.v20250502-0916\jre\bin\zip.dll
Event: 0.335 Loaded shared library C:\Users\Shree\.p2\pool\plugins\org.eclipse.justj.openjdk.hotspot.jre.full.win32.x86_64_21.0.7.v20250502-0916\jre\bin\net.dll
Event: 0.337 Loaded shared library C:\Users\Shree\.p2\pool\plugins\org.eclipse.justj.openjdk.hotspot.jre.full.win32.x86_64_21.0.7.v20250502-0916\jre\bin\nio.dll
Event: 0.343 Loaded shared library C:\Users\Shree\.p2\pool\plugins\org.eclipse.justj.openjdk.hotspot.jre.full.win32.x86_64_21.0.7.v20250502-0916\jre\bin\zip.dll
Event: 0.513 Loaded shared library C:\Users\Shree\.p2\pool\plugins\org.eclipse.justj.openjdk.hotspot.jre.full.win32.x86_64_21.0.7.v20250502-0916\jre\bin\jimage.dll
Event: 3.430 Loaded shared library C:\Users\Shree\.p2\pool\plugins\org.eclipse.justj.openjdk.hotspot.jre.full.win32.x86_64_21.0.7.v20250502-0916\jre\bin\management.dll
Event: 3.436 Loaded shared library C:\Users\Shree\.p2\pool\plugins\org.eclipse.justj.openjdk.hotspot.jre.full.win32.x86_64_21.0.7.v20250502-0916\jre\bin\management_ext.dll
Event: 8.018 Loaded shared library C:\Users\Shree\.p2\pool\plugins\org.eclipse.justj.openjdk.hotspot.jre.full.win32.x86_64_21.0.7.v20250502-0916\jre\bin\extnet.dll
Event: 24.405 Loaded shared library C:\Users\Shree\.p2\pool\plugins\org.eclipse.justj.openjdk.hotspot.jre.full.win32.x86_64_21.0.7.v20250502-0916\jre\bin\sunmscapi.dll
Event: 64.219 Loaded shared library C:\Users\Shree\.p2\pool\plugins\org.eclipse.justj.openjdk.hotspot.jre.full.win32.x86_64_21.0.7.v20250502-0916\jre\bin\verify.dll

Deoptimization events (20 events):
Event: 83.690 Thread 0x000002247b091ae0 Uncommon trap: trap_request=0xffffff45 fr.pc=0x0000022428a83730 relative=0x0000000000001490
Event: 83.690 Thread 0x000002247b091ae0 Uncommon trap: reason=unstable_if action=reinterpret pc=0x0000022428a83730 method=sun.reflect.annotation.AnnotationParser.parseMemberValue(Ljava/lang/Class;Ljava/nio/ByteBuffer;Ljdk/internal/reflect/ConstantPool;Ljava/lang/Class;)Ljava/lang/Object; @ 11 c
Event: 83.690 Thread 0x000002247b091ae0 DEOPT PACKING pc=0x0000022428a83730 sp=0x0000005222afd760
Event: 83.690 Thread 0x000002247b091ae0 DEOPT UNPACKING pc=0x00000224282446a2 sp=0x0000005222afd6c0 mode 2
Event: 84.042 Thread 0x000002247b091ae0 Uncommon trap: trap_request=0xffffffc6 fr.pc=0x0000022428bc3168 relative=0x0000000000001708
Event: 84.042 Thread 0x000002247b091ae0 Uncommon trap: reason=bimorphic_or_optimized_type_check action=maybe_recompile pc=0x0000022428bc3168 method=java.util.stream.StreamSpliterators$AbstractWrappingSpliterator.doAdvance()Z @ 37 c2
Event: 84.042 Thread 0x000002247b091ae0 DEOPT PACKING pc=0x0000022428bc3168 sp=0x0000005222afde40
Event: 84.042 Thread 0x000002247b091ae0 DEOPT UNPACKING pc=0x00000224282446a2 sp=0x0000005222afdd70 mode 2
Event: 84.043 Thread 0x000002247b091ae0 Uncommon trap: trap_request=0xffffff45 fr.pc=0x0000022428bc2b38 relative=0x00000000000010d8
Event: 84.043 Thread 0x000002247b091ae0 Uncommon trap: reason=unstable_if action=reinterpret pc=0x0000022428bc2b38 method=java.util.stream.StreamSpliterators$AbstractWrappingSpliterator.doAdvance()Z @ 74 c2
Event: 84.043 Thread 0x000002247b091ae0 DEOPT PACKING pc=0x0000022428bc2b38 sp=0x0000005222afde40
Event: 84.043 Thread 0x000002247b091ae0 DEOPT UNPACKING pc=0x00000224282446a2 sp=0x0000005222afdd78 mode 2
Event: 84.056 Thread 0x000002247b091ae0 Uncommon trap: trap_request=0xffffff45 fr.pc=0x00000224287fdfec relative=0x000000000000012c
Event: 84.056 Thread 0x000002247b091ae0 Uncommon trap: reason=unstable_if action=reinterpret pc=0x00000224287fdfec method=java.lang.StrictMath.floorOrCeil(DDDD)D @ 115 c2
Event: 84.056 Thread 0x000002247b091ae0 DEOPT PACKING pc=0x00000224287fdfec sp=0x0000005222afde00
Event: 84.056 Thread 0x000002247b091ae0 DEOPT UNPACKING pc=0x00000224282446a2 sp=0x0000005222afdd68 mode 2
Event: 84.534 Thread 0x000002247b091ae0 Uncommon trap: trap_request=0xffffff45 fr.pc=0x0000022428901508 relative=0x0000000000000068
Event: 84.534 Thread 0x000002247b091ae0 Uncommon trap: reason=unstable_if action=reinterpret pc=0x0000022428901508 method=java.lang.StringConcatHelper.stringOf(Ljava/lang/Object;)Ljava/lang/String; @ 1 c2
Event: 84.534 Thread 0x000002247b091ae0 DEOPT PACKING pc=0x0000022428901508 sp=0x0000005222afe150
Event: 84.535 Thread 0x000002247b091ae0 DEOPT UNPACKING pc=0x00000224282446a2 sp=0x0000005222afe0e0 mode 2

Classes loaded (20 events):
Event: 84.221 Loading class javax/naming/RefAddr
Event: 84.221 Loading class javax/naming/RefAddr done
Event: 84.221 Loading class javax/naming/StringRefAddr
Event: 84.222 Loading class javax/naming/StringRefAddr done
Event: 84.292 Loading class java/util/concurrent/CompletableFuture$AltResult
Event: 84.292 Loading class java/util/concurrent/CompletableFuture$AltResult done
Event: 84.292 Loading class java/util/concurrent/CompletableFuture$Completion
Event: 84.292 Loading class java/util/concurrent/CompletableFuture$AsynchronousCompletionTask
Event: 84.292 Loading class java/util/concurrent/CompletableFuture$AsynchronousCompletionTask done
Event: 84.292 Loading class java/util/concurrent/CompletableFuture$Completion done
Event: 84.656 Loading class java/util/concurrent/CancellationException
Event: 84.656 Loading class java/util/concurrent/CancellationException done
Event: 86.324 Loading class java/util/ArrayList$ListItr
Event: 86.325 Loading class java/util/ArrayList$ListItr done
Event: 86.716 Loading class java/lang/reflect/AnnotatedParameterizedType
Event: 86.716 Loading class java/lang/reflect/AnnotatedParameterizedType done
Event: 86.731 Loading class java/util/AbstractList$SubList
Event: 86.731 Loading class java/util/AbstractList$SubList done
Event: 87.169 Loading class java/lang/reflect/AnnotatedArrayType
Event: 87.169 Loading class java/lang/reflect/AnnotatedArrayType done

Classes unloaded (0 events):
No events

Classes redefined (0 events):
No events

Internal exceptions (20 events):
Event: 54.762 Thread 0x000002247b091ae0 Exception <a 'java/lang/NoSuchMethodError'{0x0000000084c14de0}: 'java.lang.Object java.lang.invoke.DirectMethodHandle$Holder.newInvokeSpecial(java.lang.Object, java.lang.Object, java.lang.Object, java.lang.Object, int)'> (0x0000000084c14de0) 
thrown [s\src\hotspot\share\interpreter\linkResolver.cpp, line 773]
Event: 54.762 Thread 0x000002247b091ae0 Exception <a 'java/lang/NoSuchMethodError'{0x0000000084c19320}: 'java.lang.Object java.lang.invoke.DirectMethodHandle$Holder.invokeSpecial(java.lang.Object, java.lang.Object, java.lang.Object, java.lang.Object, java.lang.Object, int)'> (0x0000000084c19320) 
thrown [s\src\hotspot\share\interpreter\linkResolver.cpp, line 773]
Event: 54.763 Thread 0x000002247b091ae0 Exception <a 'java/lang/NoSuchMethodError'{0x0000000084c1d100}: 'java.lang.Object java.lang.invoke.Invokers$Holder.linkToTargetMethod(java.lang.Object, java.lang.Object, java.lang.Object, int, java.lang.Object)'> (0x0000000084c1d100) 
thrown [s\src\hotspot\share\interpreter\linkResolver.cpp, line 773]
Event: 56.079 Thread 0x000002247b091ae0 Exception <a 'java/lang/NoSuchMethodError'{0x0000000084aee810}: 'void java.lang.invoke.DirectMethodHandle$Holder.invokeInterface(java.lang.Object, java.lang.Object, int, java.lang.Object)'> (0x0000000084aee810) 
thrown [s\src\hotspot\share\interpreter\linkResolver.cpp, line 773]
Event: 56.080 Thread 0x000002247b091ae0 Exception <a 'java/lang/NoSuchMethodError'{0x0000000084af2450}: 'void java.lang.invoke.DelegatingMethodHandle$Holder.reinvoke_L(java.lang.Object, java.lang.Object, int, java.lang.Object)'> (0x0000000084af2450) 
thrown [s\src\hotspot\share\interpreter\linkResolver.cpp, line 773]
Event: 56.096 Thread 0x000002247b091ae0 Exception <a 'java/lang/NoSuchMethodError'{0x0000000084933e58}: 'int java.lang.invoke.DirectMethodHandle$Holder.invokeStaticInit(java.lang.Object, int, java.lang.Object, java.lang.Object, java.lang.Object, java.lang.Object)'> (0x0000000084933e58) 
thrown [s\src\hotspot\share\interpreter\linkResolver.cpp, line 773]
Event: 56.309 Thread 0x000002247b091ae0 Exception <a 'java/lang/NoSuchMethodError'{0x00000000849da9c8}: 'java.lang.Object java.lang.invoke.DirectMethodHandle$Holder.invokeStatic(java.lang.Object, java.lang.Object, int, java.lang.Object)'> (0x00000000849da9c8) 
thrown [s\src\hotspot\share\interpreter\linkResolver.cpp, line 773]
Event: 56.310 Thread 0x000002247b091ae0 Exception <a 'java/lang/NoSuchMethodError'{0x00000000849e1028}: 'java.lang.Object java.lang.invoke.DirectMethodHandle$Holder.newInvokeSpecial(java.lang.Object, java.lang.Object, int)'> (0x00000000849e1028) 
thrown [s\src\hotspot\share\interpreter\linkResolver.cpp, line 773]
Event: 56.826 Thread 0x000002247b091ae0 Exception <a 'java/lang/NoSuchMethodError'{0x00000000845765f0}: 'long java.lang.invoke.DirectMethodHandle$Holder.invokeVirtual(java.lang.Object, java.lang.Object)'> (0x00000000845765f0) 
thrown [s\src\hotspot\share\interpreter\linkResolver.cpp, line 773]
Event: 56.848 Thread 0x000002247b091ae0 Exception <a 'java/io/FileNotFoundException'{0x00000000845a27f0}> (0x00000000845a27f0) 
thrown [s\src\hotspot\share\prims\jni.cpp, line 520]
Event: 57.067 Thread 0x000002247b091ae0 Exception <a 'java/lang/NoSuchMethodError'{0x0000000084493e78}: 'void java.lang.invoke.DirectMethodHandle$Holder.invokeVirtual(java.lang.Object, java.lang.Object, long)'> (0x0000000084493e78) 
thrown [s\src\hotspot\share\interpreter\linkResolver.cpp, line 773]
Event: 57.768 Thread 0x000002247b091ae0 Exception <a 'java/lang/NoSuchMethodError'{0x0000000084162008}: 'java.lang.Object java.lang.invoke.DirectMethodHandle$Holder.newInvokeSpecial(java.lang.Object, java.lang.Object, java.lang.Object, java.lang.Object, java.lang.Object, java.lang.Object, java.lang.Object, java.lang.Object, java.lang.Object, java.lang.Object, java.lang.Object, java.lang.Object)'> (0x0000000084162008) 
thrown [s\src\hotspot\share\interpreter\linkResolver.cpp, line 773]
Event: 58.262 Thread 0x000002247b091ae0 Exception <a 'java/lang/NoSuchMethodError'{0x0000000084166d88}: 'java.lang.Object java.lang.invoke.DirectMethodHandle$Holder.invokeSpecial(java.lang.Object, java.lang.Object, java.lang.Object, java.lang.Object, java.lang.Object, java.lang.Object, java.lang.Object, java.lang.Object, java.lang.Object, java.lang.Object, java.lang.Object, java.lang.Object, java.lang.Object)'> (0x0000000084166d88) 
thrown [s\src\hotspot\share\interpreter\linkResolver.cpp, line 773]
Event: 61.042 Thread 0x000002247b091ae0 Exception <a 'java/lang/NoSuchMethodError'{0x0000000087454f10}: 'void java.lang.invoke.DelegatingMethodHandle$Holder.reinvoke_L(java.lang.Object, java.lang.Object, java.lang.Object, java.lang.Object, int, java.lang.Object, java.lang.Object, java.lang.Object)'> (0x0000000087454f10) 
thrown [s\src\hotspot\share\interpreter\linkResolver.cpp, line 773]
Event: 72.810 Thread 0x000002247b091ae0 Implicit null exception at 0x00000224289848b6 to 0x0000022428984ee0
Event: 77.920 Thread 0x000002247b091ae0 Implicit null exception at 0x00000224289b9c44 to 0x00000224289b9dc0
Event: 81.913 Thread 0x000002247b091ae0 Exception <a 'java/lang/NoSuchMethodError'{0x0000000084f188d8}: 'int java.lang.invoke.Invokers$Holder.invokeExact_MT(java.lang.Object, java.lang.Object)'> (0x0000000084f188d8) 
thrown [s\src\hotspot\share\interpreter\linkResolver.cpp, line 773]
Event: 84.534 Thread 0x000002247b091ae0 Implicit null exception at 0x00000224289014c0 to 0x00000224289014f8
Event: 84.735 Thread 0x000002247b091ae0 Exception <a 'java/lang/IncompatibleClassChangeError'{0x0000000086f89530}: Found class java.lang.Object, but interface was expected> (0x0000000086f89530) 
thrown [s\src\hotspot\share\interpreter\linkResolver.cpp, line 840]
Event: 84.826 Thread 0x000002247b091ae0 Exception <a 'java/lang/NoSuchMethodError'{0x0000000086e4eb78}: 'java.lang.Object java.lang.invoke.DirectMethodHandle$Holder.invokeStaticInit(java.lang.Object, java.lang.Object, int, java.lang.Object)'> (0x0000000086e4eb78) 
thrown [s\src\hotspot\share\interpreter\linkResolver.cpp, line 773]

ZGC Phase Switch (0 events):
No events

VM Operations (20 events):
Event: 80.106 Executing VM operation: Cleanup
Event: 80.106 Executing VM operation: Cleanup done
Event: 82.125 Executing VM operation: Cleanup
Event: 82.125 Executing VM operation: Cleanup done
Event: 83.127 Executing VM operation: Cleanup
Event: 83.142 Executing VM operation: Cleanup done
Event: 84.143 Executing VM operation: Cleanup
Event: 84.159 Executing VM operation: Cleanup done
Event: 84.180 Executing VM operation: G1CollectForAllocation (G1 Evacuation Pause)
Event: 84.190 Executing VM operation: G1CollectForAllocation (G1 Evacuation Pause) done
Event: 85.205 Executing VM operation: Cleanup
Event: 85.206 Executing VM operation: Cleanup done
Event: 86.212 Executing VM operation: Cleanup
Event: 86.213 Executing VM operation: Cleanup done
Event: 86.318 Executing VM operation: HandshakeAllThreads (Deoptimize)
Event: 86.319 Executing VM operation: HandshakeAllThreads (Deoptimize) done
Event: 86.326 Executing VM operation: HandshakeAllThreads (Deoptimize)
Event: 86.326 Executing VM operation: HandshakeAllThreads (Deoptimize) done
Event: 86.585 Executing VM operation: HandshakeAllThreads (Deoptimize)
Event: 86.585 Executing VM operation: HandshakeAllThreads (Deoptimize) done

Memory protections (0 events):
No events

Nmethod flushes (20 events):
Event: 73.223 Thread 0x000002243492be90 flushing  nmethod 0x000002242134d410
Event: 73.223 Thread 0x000002243492be90 flushing  nmethod 0x00000224213a0610
Event: 73.223 Thread 0x000002243492be90 flushing  nmethod 0x0000022421443510
Event: 73.223 Thread 0x000002243492be90 flushing  nmethod 0x0000022421452810
Event: 73.223 Thread 0x000002243492be90 flushing  nmethod 0x0000022421454d10
Event: 73.223 Thread 0x000002243492be90 flushing  nmethod 0x00000224214afa90
Event: 73.223 Thread 0x000002243492be90 flushing  nmethod 0x00000224214ca210
Event: 73.223 Thread 0x000002243492be90 flushing  nmethod 0x00000224214cac10
Event: 73.223 Thread 0x000002243492be90 flushing  nmethod 0x00000224214cfb10
Event: 73.223 Thread 0x000002243492be90 flushing  nmethod 0x00000224214d1b90
Event: 73.223 Thread 0x000002243492be90 flushing  nmethod 0x00000224214d7190
Event: 73.223 Thread 0x000002243492be90 flushing  nmethod 0x00000224214dbf10
Event: 73.223 Thread 0x000002243492be90 flushing  nmethod 0x0000022421513a90
Event: 73.223 Thread 0x000002243492be90 flushing  nmethod 0x0000022421515b10
Event: 73.223 Thread 0x000002243492be90 flushing  nmethod 0x000002242154a090
Event: 73.223 Thread 0x000002243492be90 flushing  nmethod 0x000002242154cd90
Event: 73.223 Thread 0x000002243492be90 flushing  nmethod 0x00000224216a8d10
Event: 73.223 Thread 0x000002243492be90 flushing  nmethod 0x0000022421708810
Event: 73.223 Thread 0x000002243492be90 flushing  nmethod 0x0000022421709c10
Event: 73.223 Thread 0x000002243492be90 flushing  nmethod 0x0000022421712390

Events (20 events):
Event: 23.953 Thread 0x000002247b091ae0 Thread added: 0x000002247c06faf0
Event: 24.342 Thread 0x000002247aff6fd0 Thread exited: 0x000002247aff6fd0
Event: 24.570 Thread 0x000002247c06faf0 Thread exited: 0x000002247c06faf0
Event: 27.486 Thread 0x000002247b091ae0 Thread added: 0x0000022434b366c0
Event: 28.156 Thread 0x0000022434b366c0 Thread exited: 0x0000022434b366c0
Event: 28.381 Thread 0x0000022434957ae0 Thread added: 0x000002247af61080
Event: 29.251 Thread 0x000002247af61080 Thread exited: 0x000002247af61080
Event: 34.431 Thread 0x0000022434986fd0 Thread added: 0x000002247caa9610
Event: 34.681 Thread 0x000002247caa9610 Thread exited: 0x000002247caa9610
Event: 35.041 Thread 0x0000022434986fd0 Thread added: 0x000002247ac98360
Event: 37.851 Thread 0x000002247ac98360 Thread exited: 0x000002247ac98360
Event: 40.142 Thread 0x0000022434986fd0 Thread added: 0x000002247df37b70
Event: 40.984 Thread 0x000002247df37b70 Thread exited: 0x000002247df37b70
Event: 56.871 Thread 0x000002247b091ae0 Thread added: 0x000002247d7de110
Event: 56.966 Thread 0x000002247b091ae0 Thread added: 0x0000022434d371d0
Event: 56.974 Thread 0x000002247b091ae0 Thread added: 0x0000022434d37830
Event: 57.283 Thread 0x000002247b091ae0 Thread added: 0x000002247d0f1bc0
Event: 77.921 Thread 0x000002247b091ae0 Thread added: 0x000002247d0f3c90
Event: 78.067 Thread 0x000002247d0f3c90 Thread added: 0x000002247d0f2250
Event: 84.477 Thread 0x000002247d0f2250 Thread exited: 0x000002247d0f2250


Dynamic libraries:
0x00007ff6d93b0000 - 0x00007ff6d93be000 	C:\Users\Shree\.p2\pool\plugins\org.eclipse.justj.openjdk.hotspot.jre.full.win32.x86_64_21.0.7.v20250502-0916\jre\bin\javaw.exe
0x00007ffed6e70000 - 0x00007ffed7068000 	C:\WINDOWS\SYSTEM32\ntdll.dll
0x00007ffed6a20000 - 0x00007ffed6ae2000 	C:\WINDOWS\System32\KERNEL32.DLL
0x00007ffed49d0000 - 0x00007ffed4cc6000 	C:\WINDOWS\System32\KERNELBASE.dll
0x00007ffed4d60000 - 0x00007ffed4e60000 	C:\WINDOWS\System32\ucrtbase.dll
0x00007ffeb3ed0000 - 0x00007ffeb3eee000 	C:\Users\Shree\.p2\pool\plugins\org.eclipse.justj.openjdk.hotspot.jre.full.win32.x86_64_21.0.7.v20250502-0916\jre\bin\VCRUNTIME140.dll
0x00007ffebbd40000 - 0x00007ffebbd58000 	C:\Users\Shree\.p2\pool\plugins\org.eclipse.justj.openjdk.hotspot.jre.full.win32.x86_64_21.0.7.v20250502-0916\jre\bin\jli.dll
0x00007ffed5570000 - 0x00007ffed5711000 	C:\WINDOWS\System32\USER32.dll
0x00007ffec2100000 - 0x00007ffec239b000 	C:\WINDOWS\WinSxS\amd64_microsoft.windows.common-controls_6595b64144ccf1df_6.0.19041.6456_none_60b8a6cb71f64256\COMCTL32.dll
0x00007ffed4500000 - 0x00007ffed4522000 	C:\WINDOWS\System32\win32u.dll
0x00007ffed6b50000 - 0x00007ffed6bee000 	C:\WINDOWS\System32\msvcrt.dll
0x00007ffed6c10000 - 0x00007ffed6c3b000 	C:\WINDOWS\System32\GDI32.dll
0x00007ffed47b0000 - 0x00007ffed48c9000 	C:\WINDOWS\System32\gdi32full.dll
0x00007ffed4530000 - 0x00007ffed45cd000 	C:\WINDOWS\System32\msvcp_win.dll
0x00007ffed6940000 - 0x00007ffed696f000 	C:\WINDOWS\System32\IMM32.DLL
0x00007ffebaff0000 - 0x00007ffebaffc000 	C:\Users\Shree\.p2\pool\plugins\org.eclipse.justj.openjdk.hotspot.jre.full.win32.x86_64_21.0.7.v20250502-0916\jre\bin\vcruntime140_1.dll
0x00007ffea81a0000 - 0x00007ffea822d000 	C:\Users\Shree\.p2\pool\plugins\org.eclipse.justj.openjdk.hotspot.jre.full.win32.x86_64_21.0.7.v20250502-0916\jre\bin\msvcp140.dll
0x00007ffe6c820000 - 0x00007ffe6d5b0000 	C:\Users\Shree\.p2\pool\plugins\org.eclipse.justj.openjdk.hotspot.jre.full.win32.x86_64_21.0.7.v20250502-0916\jre\bin\server\jvm.dll
0x00007ffed5720000 - 0x00007ffed57d1000 	C:\WINDOWS\System32\ADVAPI32.dll
0x00007ffed5320000 - 0x00007ffed53bf000 	C:\WINDOWS\System32\sechost.dll
0x00007ffed6450000 - 0x00007ffed6570000 	C:\WINDOWS\System32\RPCRT4.dll
0x00007ffed4e60000 - 0x00007ffed4e87000 	C:\WINDOWS\System32\bcrypt.dll
0x00007ffed6c40000 - 0x00007ffed6cab000 	C:\WINDOWS\System32\WS2_32.dll
0x00007ffed42b0000 - 0x00007ffed42fb000 	C:\WINDOWS\SYSTEM32\POWRPROF.dll
0x00007ffec23f0000 - 0x00007ffec2417000 	C:\WINDOWS\SYSTEM32\WINMM.dll
0x00007ffec6d20000 - 0x00007ffec6d2a000 	C:\WINDOWS\SYSTEM32\VERSION.dll
0x00007ffed4290000 - 0x00007ffed42a2000 	C:\WINDOWS\SYSTEM32\UMPDC.dll
0x00007ffed2d10000 - 0x00007ffed2d22000 	C:\WINDOWS\SYSTEM32\kernel.appcore.dll
0x00007ffecde40000 - 0x00007ffecde4a000 	C:\Users\Shree\.p2\pool\plugins\org.eclipse.justj.openjdk.hotspot.jre.full.win32.x86_64_21.0.7.v20250502-0916\jre\bin\jimage.dll
0x00007ffed2200000 - 0x00007ffed2401000 	C:\WINDOWS\SYSTEM32\DBGHELP.DLL
0x00007ffec23a0000 - 0x00007ffec23d4000 	C:\WINDOWS\SYSTEM32\dbgcore.DLL
0x00007ffed4cd0000 - 0x00007ffed4d52000 	C:\WINDOWS\System32\bcryptPrimitives.dll
0x00007ffebbdb0000 - 0x00007ffebbdcf000 	C:\Users\Shree\.p2\pool\plugins\org.eclipse.justj.openjdk.hotspot.jre.full.win32.x86_64_21.0.7.v20250502-0916\jre\bin\java.dll
0x00007ffed5c50000 - 0x00007ffed63c0000 	C:\WINDOWS\System32\SHELL32.dll
0x00007ffed2410000 - 0x00007ffed2bb5000 	C:\WINDOWS\SYSTEM32\windows.storage.dll
0x00007ffed4fb0000 - 0x00007ffed5304000 	C:\WINDOWS\System32\combase.dll
0x00007ffed3ec0000 - 0x00007ffed3eeb000 	C:\WINDOWS\SYSTEM32\Wldp.dll
0x00007ffed54a0000 - 0x00007ffed556d000 	C:\WINDOWS\System32\OLEAUT32.dll
0x00007ffed4f00000 - 0x00007ffed4fad000 	C:\WINDOWS\System32\SHCORE.dll
0x00007ffed6cb0000 - 0x00007ffed6d0b000 	C:\WINDOWS\System32\shlwapi.dll
0x00007ffed4430000 - 0x00007ffed4454000 	C:\WINDOWS\SYSTEM32\profapi.dll
0x00007ffeb4df0000 - 0x00007ffeb4e08000 	C:\Users\Shree\.p2\pool\plugins\org.eclipse.justj.openjdk.hotspot.jre.full.win32.x86_64_21.0.7.v20250502-0916\jre\bin\zip.dll
0x00007ffebbee0000 - 0x00007ffebbef0000 	C:\Users\Shree\.p2\pool\plugins\org.eclipse.justj.openjdk.hotspot.jre.full.win32.x86_64_21.0.7.v20250502-0916\jre\bin\net.dll
0x00007ffec6f60000 - 0x00007ffec706a000 	C:\WINDOWS\SYSTEM32\WINHTTP.dll
0x00007ffed3bb0000 - 0x00007ffed3c1a000 	C:\WINDOWS\system32\mswsock.dll
0x00007ffeb4dd0000 - 0x00007ffeb4de6000 	C:\Users\Shree\.p2\pool\plugins\org.eclipse.justj.openjdk.hotspot.jre.full.win32.x86_64_21.0.7.v20250502-0916\jre\bin\nio.dll
0x00007ffec40c0000 - 0x00007ffec40ca000 	C:\Users\Shree\.p2\pool\plugins\org.eclipse.justj.openjdk.hotspot.jre.full.win32.x86_64_21.0.7.v20250502-0916\jre\bin\management.dll
0x00007ffeba4f0000 - 0x00007ffeba4fb000 	C:\Users\Shree\.p2\pool\plugins\org.eclipse.justj.openjdk.hotspot.jre.full.win32.x86_64_21.0.7.v20250502-0916\jre\bin\management_ext.dll
0x00007ffed4e90000 - 0x00007ffed4e98000 	C:\WINDOWS\System32\PSAPI.DLL
0x00007ffed38d0000 - 0x00007ffed399a000 	C:\WINDOWS\SYSTEM32\DNSAPI.dll
0x00007ffed3890000 - 0x00007ffed38cb000 	C:\WINDOWS\SYSTEM32\IPHLPAPI.DLL
0x00007ffed5310000 - 0x00007ffed5318000 	C:\WINDOWS\System32\NSI.dll
0x00007ffec60b0000 - 0x00007ffec60ba000 	C:\Windows\System32\rasadhlp.dll
0x00007ffec6130000 - 0x00007ffec61b0000 	C:\WINDOWS\System32\fwpuclnt.dll
0x00007ffeba2d0000 - 0x00007ffeba2d9000 	C:\Users\Shree\.p2\pool\plugins\org.eclipse.justj.openjdk.hotspot.jre.full.win32.x86_64_21.0.7.v20250502-0916\jre\bin\extnet.dll
0x00007ffebb400000 - 0x00007ffebb40e000 	C:\Users\Shree\.p2\pool\plugins\org.eclipse.justj.openjdk.hotspot.jre.full.win32.x86_64_21.0.7.v20250502-0916\jre\bin\sunmscapi.dll
0x00007ffed4650000 - 0x00007ffed47ad000 	C:\WINDOWS\System32\CRYPT32.dll
0x00007ffed3f30000 - 0x00007ffed3f57000 	C:\WINDOWS\SYSTEM32\ncrypt.dll
0x00007ffed3ef0000 - 0x00007ffed3f2b000 	C:\WINDOWS\SYSTEM32\NTASN1.dll
0x00007ffed3e10000 - 0x00007ffed3e28000 	C:\WINDOWS\SYSTEM32\CRYPTSP.dll
0x00007ffed34d0000 - 0x00007ffed3508000 	C:\WINDOWS\system32\rsaenh.dll
0x00007ffed43b0000 - 0x00007ffed43de000 	C:\WINDOWS\SYSTEM32\USERENV.dll
0x00007ffed3e30000 - 0x00007ffed3e3c000 	C:\WINDOWS\SYSTEM32\CRYPTBASE.dll
0x00007ffebbcf0000 - 0x00007ffebbd00000 	C:\Users\Shree\.p2\pool\plugins\org.eclipse.justj.openjdk.hotspot.jre.full.win32.x86_64_21.0.7.v20250502-0916\jre\bin\verify.dll

dbghelp: loaded successfully - version: 4.0.5 - missing functions: none
symbol engine: initialized successfully - sym options: 0x614 - pdb path: .;C:\Users\Shree\.p2\pool\plugins\org.eclipse.justj.openjdk.hotspot.jre.full.win32.x86_64_21.0.7.v20250502-0916\jre\bin;C:\WINDOWS\SYSTEM32;C:\WINDOWS\WinSxS\amd64_microsoft.windows.common-controls_6595b64144ccf1df_6.0.19041.6456_none_60b8a6cb71f64256;C:\Users\Shree\.p2\pool\plugins\org.eclipse.justj.openjdk.hotspot.jre.full.win32.x86_64_21.0.7.v20250502-0916\jre\bin\server

VM Arguments:
jvm_args: -Dfile.encoding=UTF-8 -Dstdout.encoding=UTF-8 -Dstderr.encoding=UTF-8 -XX:+ShowCodeDetailsInExceptionMessages 
java_command: com.ecommerce.orderservice.OrderServiceApplication
java_class_path (initial): G:\Ecommerce-Backend\SpringBootProj01\ecommerc_microservices\OrderService\target\classes;G:\Ecommerce-Backend\SpringBootProj01\ecommerc_microservices\common_modules\target\classes;C:\Users\Shree\.m2\repository\org\springframework\boot\spring-boot-starter\3.5.6\spring-boot-starter-3.5.6.jar;C:\Users\Shree\.m2\repository\org\springframework\boot\spring-boot\3.5.6\spring-boot-3.5.6.jar;C:\Users\Shree\.m2\repository\org\springframework\spring-context\6.2.11\spring-context-6.2.11.jar;C:\Users\Shree\.m2\repository\org\springframework\spring-aop\6.2.11\spring-aop-6.2.11.jar;C:\Users\Shree\.m2\repository\org\springframework\spring-beans\6.2.11\spring-beans-6.2.11.jar;C:\Users\Shree\.m2\repository\org\springframework\spring-expression\6.2.11\spring-expression-6.2.11.jar;C:\Users\Shree\.m2\repository\io\micrometer\micrometer-observation\1.15.4\micrometer-observation-1.15.4.jar;C:\Users\Shree\.m2\repository\io\micrometer\micrometer-commons\1.15.4\micrometer-commons-1.15.4.jar;C:\Users\Shree\.m2\repository\org\springframework\boot\spring-boot-autoconfigure\3.5.6\spring-boot-autoconfigure-3.5.6.jar;C:\Users\Shree\.m2\repository\org\springframework\boot\spring-boot-starter-logging\3.5.6\spring-boot-starter-logging-3.5.6.jar;C:\Users\Shree\.m2\repository\ch\qos\logback\logback-classic\1.5.18\logback-classic-1.5.18.jar;C:\Users\Shree\.m2\repository\ch\qos\logback\logback-core\1.5.18\logback-core-1.5.18.jar;C:\Users\Shree\.m2\repository\org\apache\logging\log4j\log4j-to-slf4j\2.24.3\log4j-to-slf4j-2.24.3.jar;C:\Users\Shree\.m2\repository\org\apache\logging\log4j\log4j-api\2.24.3\log4j-api-2.24.3.jar;C:\Users\Shree\.m2\repository\org\slf4j\jul-to-slf4j\2.0.17\jul-to-slf4j-2.0.17.jar;C:\Users\Shree\.m2\repository\jakarta\annotation\jakarta.annotation-api\2.1.1\jakarta.annotation-api-2.1.1.jar;C:\Users\Shree\.m2\repository\org\springframework\spring-core\6.2.11\spring-core-6.2.11.jar;C:\Users\Shree\.m2\repository\org\springframework\spring-jcl\6.2.11\spring-jcl-6.2.11.jar;C:\Users\Shree\.m2\repository\org\yaml\snakeyaml\2.4\snakeyaml-2.4.jar;C:\Users\Shree\.m2\repository\org\projectlombok\lombok\1.18.40\lombok-1.18.40.jar;C:\Users\Shree\.m2\repository\org\springframework\boot\spring-boot-starter-test\3.5.6\spring-boot-starter-test-3.5.6.jar;C:\Users\Shree\.m2\repository\org\springframework\boot\spring-boot-test\3.5.6\spring-boot-test-3.5.6.jar;C:\Users\Shree\.m2\repository\org\springframework\boot\spring-boot-test-autoconfigure\3.5.6\spring-boot-test-autoconfigure-3.5.6.jar;C:\Users\Shree\.m2\repository\com\jayway\jsonpath\json-path\2.9.0\json-path-2.9.0.jar;C:\Users\Shree\.m2\repository\org\slf4j\slf4j-api\2.0.17\slf4j-api-2.0.17.jar;C:\Users\Shree\.m2\repository\jakarta\xml\bind\jakarta.xml.bind-api\4.0.2\jakarta.xml.bind-api-4.0.2.jar;C:\Users\Shree\.m2\repository\jakarta\activation\jakarta.activation-api\2.1.4\jakarta.activation-api-2.1.4.jar;C:\Users\Shree\.m2\repository\net\minidev\json-smart\2.5.2\json-smart-2.5.2.jar;C:\Users\Shree\.m2\repository\net\minidev\accessors-smart\2.5.2\accessors-smart-2.5.2.jar;C:\Users\Shree\.m2\repository\org\ow2\asm\asm\9.7.1\asm-9.7.1.jar;C:\Users\Shree\.m2\repository\org\assertj\assertj-core\3.27.4\assertj-core-3.27.4.jar;C:\Users\Shree\.m2\repository\net\bytebuddy\byte-buddy\1.17.7\byte-buddy-1.17.7.jar;C:\Users\Shree\.m2\repository\org\awaitility\awaitility\4.2.2\awaitility-4.2.2.jar;C:\Users\Shree\.m2\repository\org\hamcrest\hamcrest\3.0\hamcrest-3.0.jar;C:\Users\Shree\.m2\repository\org\junit\jupiter\junit-jupiter\5.12.2\junit-jupiter-5.12.2.jar;C:\Users\Shree\.m2\repository\org\junit\jupiter\junit-jupiter-api\5.12.2\junit-jupiter-api-5.12.2.jar;C:\Users\Shree\.m2\repository\org\opentest4j\opentest4j\1.3.0\opentest4j-1.3.0.jar;C:\Users\Shree\.m2\repository\org\junit\platform\junit-platform-commons\1.12.2\junit-platform-commons-1.12.2.jar;C:\Users\Shree\.m2\repository\org\apiguardian\apiguardian-api\1.1.2\apiguardian-api-1.1.2.jar;C:\Users\Shree\.m2\repository\org\junit\jupiter\junit-jupiter-params\5.12.2\junit-jupiter-params-5.12.2.jar;C:\Users\Shree\.m2\repository\org\junit\jupiter\junit-jupiter-engine\5.12.2\junit-jupiter-engine-5.12.2.jar;C:\Users\Shree\.m2\repository\org\junit\platform\junit-platform-engine\1.12.2\junit-platform-engine-1.12.2.jar;C:\Users\Shree\.m2\repository\org\mockito\mockito-core\5.17.0\mockito-core-5.17.0.jar;C:\Users\Shree\.m2\repository\net\bytebuddy\byte-buddy-agent\1.17.7\byte-buddy-agent-1.17.7.jar;C:\Users\Shree\.m2\repository\org\objenesis\objenesis\3.3\objenesis-3.3.jar;C:\Users\Shree\.m2\repository\org\mockito\mockito-junit-jupiter\5.17.0\mockito-junit-jupiter-5.17.0.jar;C:\Users\Shree\.m2\repository\org\skyscreamer\jsonassert\1.5.3\jsonassert-1.5.3.jar;C:\Users\Shree\.m2\repository\com\vaadin\external\google\android-json\0.0.20131108.vaadin1\android-json-0.0.20131108.vaadin1.jar;C:\Users\Shree\.m2\repository\org\springframework\spring-test\6.2.11\spring-test-6.2.11.jar;C:\Users\Shree\.m2\repository\org\xmlunit\xmlunit-core\2.10.4\xmlunit-core-2.10.4.jar;C:\Users\Shree\.m2\repository\org\springframework\boot\spring-boot-starter-web\3.5.6\spring-boot-starter-web-3.5.6.jar;C:\Users\Shree\.m2\repository\org\springframework\boot\spring-boot-starter-json\3.5.6\spring-boot-starter-json-3.5.6.jar;C:\Users\Shree\.m2\repository\com\fasterxml\jackson\datatype\jackson-datatype-jdk8\2.19.2\jackson-datatype-jdk8-2.19.2.jar;C:\Users\Shree\.m2\repository\com\fasterxml\jackson\datatype\jackson-datatype-jsr310\2.19.2\jackson-datatype-jsr310-2.19.2.jar;C:\Users\Shree\.m2\repository\com\fasterxml\jackson\module\jackson-module-parameter-names\2.19.2\jackson-module-parameter-names-2.19.2.jar;C:\Users\Shree\.m2\repository\org\springframework\boot\spring-boot-starter-tomcat\3.5.6\spring-boot-starter-tomcat-3.5.6.jar;C:\Users\Shree\.m2\repository\org\apache\tomcat\embed\tomcat-embed-core\10.1.46\tomcat-embed-core-10.1.46.jar;C:\Users\Shree\.m2\repository\org\apache\tomcat\embed\tomcat-embed-el\10.1.46\tomcat-embed-el-10.1.46.jar;C:\Users\Shree\.m2\repository\org\apache\tomcat\embed\tomcat-embed-websocket\10.1.46\tomcat-embed-websocket-10.1.46.jar;C:\Users\Shree\.m2\repository\org\springframework\spring-web\6.2.11\spring-web-6.2.11.jar;C:\Users\Shree\.m2\repository\org\springframework\spring-webmvc\6.2.11\spring-webmvc-6.2.11.jar;C:\Users\Shree\.m2\repository\org\springframework\boot\spring-boot-starter-actuator\3.5.6\spring-boot-starter-actuator-3.5.6.jar;C:\Users\Shree\.m2\repository\org\springframework\boot\spring-boot-actuator-autoconfigure\3.5.6\spring-boot-actuator-autoconfigure-3.5.6.jar;C:\Users\Shree\.m2\repository\org\springframework\boot\spring-boot-actuator\3.5.6\spring-boot-actuator-3.5.6.jar;C:\Users\Shree\.m2\repository\io\micrometer\micrometer-jakarta9\1.15.4\micrometer-jakarta9-1.15.4.jar;C:\Users\Shree\.m2\repository\io\micrometer\micrometer-core\1.15.4\micrometer-core-1.15.4.jar;C:\Users\Shree\.m2\repository\org\hdrhistogram\HdrHistogram\2.2.2\HdrHistogram-2.2.2.jar;C:\Users\Shree\.m2\repository\org\latencyutils\LatencyUtils\2.0.3\LatencyUtils-2.0.3.jar;C:\Users\Shree\.m2\repository\org\springframework\kafka\spring-kafka\3.3.10\spring-kafka-3.3.10.jar;C:\Users\Shree\.m2\repository\org\springframework\spring-messaging\6.2.11\spring-messaging-6.2.11.jar;C:\Users\Shree\.m2\repository\org\springframework\spring-tx\6.2.11\spring-tx-6.2.11.jar;C:\Users\Shree\.m2\repository\org\springframework\retry\spring-retry\2.0.10\spring-retry-2.0.10.jar;C:\Users\Shree\.m2\repository\org\apache\kafka\kafka-clients\3.9.1\kafka-clients-3.9.1.jar;C:\Users\Shree\.m2\repository\com\github\luben\zstd-jni\1.5.6-4\zstd-jni-1.5.6-4.jar;C:\Users\Shree\.m2\repository\org\lz4\lz4-java\1.8.0\lz4-java-1.8.0.jar;C:\Users\Shree\.m2\repository\org\xerial\snappy\snappy-java\1.1.10.5\snappy-java-1.1.10.5.jar;C:\Users\Shree\.m2\repository\org\springframework\boot\spring-boot-starter-data-jpa\3.5.6\spring-boot-starter-data-jpa-3.5.6.jar;C:\Users\Shree\.m2\repository\org\springframework\boot\spring-boot-starter-jdbc\3.5.6\spring-boot-starter-jdbc-3.5.6.jar;C:\Users\Shree\.m2\repository\com\zaxxer\HikariCP\6.3.3\HikariCP-6.3.3.jar;C:\Users\Shree\.m2\repository\org\springframework\spring-jdbc\6.2.11\spring-jdbc-6.2.11.jar;C:\Users\Shree\.m2\repository\org\hibernate\orm\hibernate-core\6.6.29.Final\hibernate-core-6.6.29.Final.jar;C:\Users\Shree\.m2\repository\jakarta\persistence\jakarta.persistence-api\3.1.0\jakarta.persistence-api-3.1.0.jar;C:\Users\Shree\.m2\repository\jakarta\transaction\jakarta.transaction-api\2.0.1\jakarta.transaction-api-2.0.1.jar;C:\Users\Shree\.m2\repository\org\jboss\logging\jboss-logging\3.6.1.Final\jboss-logging-3.6.1.Final.jar;C:\Users\Shree\.m2\repository\org\hibernate\common\hibernate-commons-annotations\7.0.3.Final\hibernate-commons-annotations-7.0.3.Final.jar;C:\Users\Shree\.m2\repository\io\smallrye\jandex\3.2.0\jandex-3.2.0.jar;C:\Users\Shree\.m2\repository\com\fasterxml\classmate\1.7.0\classmate-1.7.0.jar;C:\Users\Shree\.m2\repository\org\glassfish\jaxb\jaxb-runtime\4.0.5\jaxb-runtime-4.0.5.jar;C:\Users\Shree\.m2\repository\org\glassfish\jaxb\jaxb-core\4.0.5\jaxb-core-4.0.5.jar;C:\Users\Shree\.m2\repository\org\eclipse\angus\angus-activation\2.0.2\angus-activation-2.0.2.jar;C:\Users\Shree\.m2\repository\org\glassfish\jaxb\txw2\4.0.5\txw2-4.0.5.jar;C:\Users\Shree\.m2\repository\com\sun\istack\istack-commons-runtime\4.1.2\istack-commons-runtime-4.1.2.jar;C:\Users\Shree\.m2\repository\jakarta\inject\jakarta.inject-api\2.0.1\jakarta.inject-api-2.0.1.jar;C:\Users\Shree\.m2\repository\org\antlr\antlr4-runtime\4.13.0\antlr4-runtime-4.13.0.jar;C:\Users\Shree\.m2\repository\org\springframework\data\spring-data-jpa\3.5.4\spring-data-jpa-3.5.4.jar;C:\Users\Shree\.m2\repository\org\springframework\data\spring-data-commons\3.5.4\spring-data-commons-3.5.4.jar;C:\Users\Shree\.m2\repository\org\springframework\spring-orm\6.2.11\spring-orm-6.2.11.jar;C:\Users\Shree\.m2\repository\org\springframework\spring-aspects\6.2.11\spring-aspects-6.2.11.jar;C:\Users\Shree\.m2\repository\org\aspectj\aspectjweaver\1.9.24\aspectjweaver-1.9.24.jar;C:\Users\Shree\.m2\repository\com\mysql\mysql-connector-j\9.4.0\mysql-connector-j-9.4.0.jar;C:\Users\Shree\.m2\repository\org\springframework\cloud\spring-cloud-starter-netflix-eureka-client\4.3.0\spring-cloud-starter-netflix-eureka-client-4.3.0.jar;C:\Users\Shree\.m2\repository\org\springframework\cloud\spring-cloud-starter\4.3.0\spring-cloud-starter-4.3.0.jar;C:\Users\Shree\.m2\repository\org\springframework\cloud\spring-cloud-context\4.3.0\spring-cloud-context-4.3.0.jar;C:\Users\Shree\.m2\repository\org\bouncycastle\bcprov-jdk18on\1.80\bcprov-jdk18on-1.80.jar;C:\Users\Shree\.m2\repository\org\springframework\cloud\spring-cloud-netflix-eureka-client\4.3.0\spring-cloud-netflix-eureka-client-4.3.0.jar;C:\Users\Shree\.m2\repository\org\apache\httpcomponents\client5\httpclient5\5.5\httpclient5-5.5.jar;C:\Users\Shree\.m2\repository\org\apache\httpcomponents\core5\httpcore5\5.3.5\httpcore5-5.3.5.jar;C:\Users\Shree\.m2\repository\org\apache\httpcomponents\core5\httpcore5-h2\5.3.5\httpcore5-h2-5.3.5.jar;C:\Users\Shree\.m2\repository\com\netflix\eureka\eureka-client\2.0.4\eureka-client-2.0.4.jar;C:\Users\Shree\.m2\repository\com\thoughtworks\xstream\xstream\1.4.20\xstream-1.4.20.jar;C:\Users\Shree\.m2\repository\io\github\x-stream\mxparser\1.2.2\mxparser-1.2.2.jar;C:\Users\Shree\.m2\repository\xmlpull\xmlpull\1.1.3.1\xmlpull-1.1.3.1.jar;C:\Users\Shree\.m2\repository\jakarta\ws\rs\jakarta.ws.rs-api\3.1.0\jakarta.ws.rs-api-3.1.0.jar;C:\Users\Shree\.m2\repository\com\netflix\spectator\spectator-api\1.7.3\spectator-api-1.7.3.jar;C:\Users\Shree\.m2\repository\org\apache\httpcomponents\httpclient\4.5.3\httpclient-4.5.3.jar;C:\Users\Shree\.m2\repository\org\apache\httpcomponents\httpcore\4.4.16\httpcore-4.4.16.jar;C:\Users\Shree\.m2\repository\commons-codec\commons-codec\1.18.0\commons-codec-1.18.0.jar;C:\Users\Shree\.m2\repository\commons-configuration\commons-configuration\1.10\commons-configuration-1.10.jar;C:\Users\Shree\.m2\repository\commons-lang\commons-lang\2.6\commons-lang-2.6.jar;C:\Users\Shree\.m2\repository\com\fasterxml\jackson\core\jackson-annotations\2.19.2\jackson-annotations-2.19.2.jar;C:\Users\Shree\.m2\repository\com\fasterxml\jackson\core\jackson-core\2.19.2\jackson-core-2.19.2.jar;C:\Users\Shree\.m2\repository\com\netflix\netflix-commons\netflix-eventbus\0.3.0\netflix-eventbus-0.3.0.jar;C:\Users\Shree\.m2\repository\com\netflix\netflix-commons\netflix-infix\0.3.0\netflix-infix-0.3.0.jar;C:\Users\Shree\.m2\repository\commons-jxpath\commons-jxpath\1.3\commons-jxpath-1.3.jar;C:\Users\Shree\.m2\repository\joda-time\joda-time\2.3\joda-time-2.3.jar;C:\Users\Shree\.m2\repository\org\antlr\antlr-runtime\3.4\antlr-runtime-3.4.jar;C:\Users\Shree\.m2\repository\org\antlr\stringtemplate\3.2.1\stringtemplate-3.2.1.jar;C:\Users\Shree\.m2\repository\antlr\antlr\2.7.7\antlr-2.7.7.jar;C:\Users\Shree\.m2\repository\com\google\guava\guava\14.0.1\guava-14.0.1.jar;C:\Users\Shree\.m2\repository\com\google\code\gson\gson\2.13.2\gson-2.13.2.jar;C:\Users\Shree\.m2\repository\com\netflix\servo\servo-core\0.5.3\servo-core-0.5.3.jar;C:\Users\Shree\.m2\repository\org\apache\commons\commons-math\2.2\commons-math-2.2.jar;C:\Users\Shree\.m2\repository\javax\annotation\javax.annotation-api\1.2\javax.annotation-api-1.2.jar;C:\Users\Shree\.m2\repository\org\codehaus\jettison\jettison\1.5.4\jettison-1.5.4.jar;C:\Users\Shree\.m2\repository\org\springframework\cloud\spring-cloud-starter-loadbalancer\4.3.0\spring-cloud-starter-loadbalancer-4.3.0.jar;C:\Users\Shree\.m2\repository\org\springframework\cloud\spring-cloud-loadbalancer\4.3.0\spring-cloud-loadbalancer-4.3.0.jar;C:\Users\Shree\.m2\repository\io\projectreactor\reactor-core\3.7.11\reactor-core-3.7.11.jar;C:\Users\Shree\.m2\repository\org\reactivestreams\reactive-streams\1.0.4\reactive-streams-1.0.4.jar;C:\Users\Shree\.m2\repository\io\projectreactor\addons\reactor-extra\3.5.3\reactor-extra-3.5.3.jar;C:\Users\Shree\.m2\repository\org\springframework\boot\spring-boot-starter-cache\3.5.6\spring-boot-starter-cache-3.5.6.jar;C:\Users\Shree\.m2\repository\org\springframework\spring-context-support\6.2.11\spring-context-support-6.2.11.jar;C:\Users\Shree\.m2\repository\com\stoyanr\evictor\1.0.0\evictor-1.0.0.jar;C:\Users\Shree\.m2\repository\org\springframework\cloud\spring-cloud-starter-config\4.3.0\spring-cloud-starter-config-4.3.0.jar;C:\Users\Shree\.m2\repository\org\springframework\cloud\spring-cloud-config-client\4.3.0\spring-cloud-config-client-4.3.0.jar;C:\Users\Shree\.m2\repository\com\fasterxml\jackson\core\jackson-databind\2.19.2\jackson-databind-2.19.2.jar;C:\Users\Shree\.m2\repository\com\google\errorprone\error_prone_annotations\2.40.0\error_prone_annotations-2.40.0.jar;C:\Users\Shree\.m2\repository\org\springframework\cloud\spring-cloud-starter-openfeign\4.3.0\spring-cloud-starter-openfeign-4.3.0.jar;C:\Users\Shree\.m2\repository\org\springframework\cloud\spring-cloud-openfeign-core\4.3.0\spring-cloud-openfeign-core-4.3.0.jar;C:\Users\Shree\.m2\repository\io\github\openfeign\feign-form-spring\13.6\feign-form-spring-13.6.jar;C:\Users\Shree\.m2\repository\org\apache\commons\commons-text\1.13.0\commons-text-1.13.0.jar;C:\Users\Shree\.m2\repository\org\apache\commons\commons-lang3\3.17.0\commons-lang3-3.17.0.jar;C:\Users\Shree\.m2\repository\io\github\openfeign\feign-form\13.6\feign-form-13.6.jar;C:\Users\Shree\.m2\repository\commons-fileupload\commons-fileupload\1.5\commons-fileupload-1.5.jar;C:\Users\Shree\.m2\repository\org\springframework\cloud\spring-cloud-commons\4.3.0\spring-cloud-commons-4.3.0.jar;C:\Users\Shree\.m2\repository\org\springframework\security\spring-security-crypto\6.5.5\spring-security-crypto-6.5.5.jar;C:\Users\Shree\.m2\repository\io\github\openfeign\feign-core\13.6\feign-core-13.6.jar;C:\Users\Shree\.m2\repository\io\github\openfeign\feign-slf4j\13.6\feign-slf4j-13.6.jar;C:\Users\Shree\.m2\repository\org\springframework\boot\spring-boot-devtools\3.5.6\spring-boot-devtools-3.5.6.jar
Launcher Type: SUN_STANDARD

[Global flags]
     intx CICompilerCount                          = 3                                         {product} {ergonomic}
     uint ConcGCThreads                            = 1                                         {product} {ergonomic}
     uint G1ConcRefinementThreads                  = 4                                         {product} {ergonomic}
   size_t G1HeapRegionSize                         = 1048576                                   {product} {ergonomic}
    uintx GCDrainStackTargetSize                   = 64                                        {product} {ergonomic}
   size_t InitialHeapSize                          = 134217728                                 {product} {ergonomic}
   size_t MarkStackSize                            = 4194304                                   {product} {ergonomic}
   size_t MaxHeapSize                              = 2126512128                                {product} {ergonomic}
   size_t MaxNewSize                               = 1275068416                                {product} {ergonomic}
   size_t MinHeapDeltaBytes                        = 1048576                                   {product} {ergonomic}
   size_t MinHeapSize                              = 8388608                                   {product} {ergonomic}
    uintx NonNMethodCodeHeapSize                   = 5832780                                {pd product} {ergonomic}
    uintx NonProfiledCodeHeapSize                  = 122912730                              {pd product} {ergonomic}
    uintx ProfiledCodeHeapSize                     = 122912730                              {pd product} {ergonomic}
    uintx ReservedCodeCacheSize                    = 251658240                              {pd product} {ergonomic}
     bool SegmentedCodeCache                       = true                                      {product} {ergonomic}
     bool ShowCodeDetailsInExceptionMessages       = true                                   {manageable} {command line}
   size_t SoftMaxHeapSize                          = 2126512128                             {manageable} {ergonomic}
     bool UseCompressedOops                        = true                           {product lp64_product} {ergonomic}
     bool UseG1GC                                  = true                                      {product} {ergonomic}
     bool UseLargePagesIndividualAllocation        = false                                  {pd product} {ergonomic}

Logging:
Log output configuration:
 #0: stdout all=warning uptime,level,tags foldmultilines=false
 #1: stderr all=off uptime,level,tags foldmultilines=false

Environment Variables:
JAVA_HOME=C:\Program Files\Java\jdk-17
PATH=C:/Users/Shree/.p2/pool/plugins/org.eclipse.justj.openjdk.hotspot.jre.full.win32.x86_64_21.0.7.v20250502-0916/jre/bin/server;C:/Users/Shree/.p2/pool/plugins/org.eclipse.justj.openjdk.hotspot.jre.full.win32.x86_64_21.0.7.v20250502-0916/jre/bin;H:\oracle\product\10.2.0\db_3\bin;C:\Program Files (x86)\Intel\iCLS Client\;C:\Program Files\Intel\iCLS Client\;C:\WINDOWS\system32;C:\WINDOWS;C:\WINDOWS\System32\Wbem;C:\WINDOWS\System32\WindowsPowerShell\v1.0\;C:\Windows\IsmFiles;C:\Program Files (x86)\Intel\Intel(R) Management Engine Components\DAL;C:\Program Files\Intel\Intel(R) Management Engine Components\DAL;C:\Program Files (x86)\Intel\Intel(R) Management Engine Components\IPT;C:\Program Files\Intel\Intel(R) Management Engine Components\IPT;C:\WINDOWS\System32\OpenSSH\;C:\Users\Shree\AppData\Local\Programs\Python\Python38-32;C:\Users\Shree\AppData\Local\Programs\Python\Python38-32\Scripts;C:\MinGW\bin;C:\xampp\php;C:\ProgramData\ComposerSetup\bin;C:\ProgramData\chocolatey\bin;C:\xampp1\php;C:\Users\Shree\.vscode\extensions\ms-dotnettools.csharp-1.23.8\.omnisharp\1.37.5;F:\Git\cmd;C:\Program Files\nodejs\;C:\Program Files\MySQL\MySQL Server 8.0\bin;C:\Program Files\Java\jdk-17\bin;C:\Program Files\Java\jdk-17\bin;C:\Program Files\apache-maven-3.9.11\bin;C:\Users\Shree\.local\bin;C:\Program Files\MySQL\MySQL Shell 8.0\bin\;C:\Users\Shree\AppData\Local\Microsoft\WindowsApps;C:\Users\Shree\.dotnet\tools;C:\Users\Shree\AppData\Local\JetBrains\PyCharm Community Edition 2019.3.4\bin;;C:\Users\Shree\AppData\Local\Programs\Microsoft VS Code\bin;C:\Users\Shree\AppData\Roaming\Composer\vendor\bin;C:\Users\Shree\AppData\Local\GitHubDesktop\bin;C:\Users\Shree\AppData\Roaming\npm;C:\Windows\System32\wbem;C:\Windows\System32;C:\Users\Shree\.local\bin;C:\Program Files\Java\jdk-17\bin;C:\Program Files\Java\jdk-17\bin;C:\Program Files\apache-maven-3.9.11\bin;;C:\WINDOWS\System32;
USERNAME=Shree
OS=Windows_NT
PROCESSOR_IDENTIFIER=Intel64 Family 6 Model 78 Stepping 3, GenuineIntel
TMP=C:\Users\Shree\AppData\Local\Temp
TEMP=C:\Users\Shree\AppData\Local\Temp




Periodic native trim disabled

---------------  S Y S T E M  ---------------

OS:
 Windows 10 , 64 bit Build 19041 (10.0.19041.5915)
OS uptime: 0 days 19:55 hours

CPU: total 4 (initial active 4) (2 cores per cpu, 2 threads per core) family 6 model 78 stepping 3 microcode 0xcc, cx8, cmov, fxsr, ht, mmx, 3dnowpref, sse, sse2, sse3, ssse3, sse4.1, sse4.2, popcnt, lzcnt, tsc, tscinvbit, avx, avx2, aes, erms, clmul, bmi1, bmi2, adx, fma, vzeroupper, clflush, clflushopt, rdtscp, f16c
Processor Information for the first 4 processors :
  Max Mhz: 2000, Current Mhz: 2000, Mhz Limit: 2000

Memory: 4k page, system-wide physical 8108M (439M free)
TotalPageFile size 14252M (AvailPageFile size 215M)
current process WorkingSet (physical memory assigned to process): 245M, peak: 247M
current process commit charge ("private bytes"): 274M, peak: 275M

vm_info: OpenJDK 64-Bit Server VM (21.0.7+6-LTS) for windows-amd64 JRE (21.0.7+6-LTS), built on 2025-04-15T00:00:00Z by "admin" with MS VC++ 17.7 (VS2022)

END.
